가는,0,0,-500,VV+ETM,*,T,가는,Inflect,VV,ETM,가/VV/*+는/ETM/*
간,0,0,-500,VV+ETM,*,T,간,Inflect,VV,ETM,가/VV/*+ㄴ/ETM/*
가은,0,0,-500,VV+ETM,*,T,가은,Inflect,VV,ETM,가/VV/*+은/ETM/*
갈,0,0,-500,VV+ETM,*,T,갈,Inflect,VV,ETM,가/VV/*+ㄹ/ETM/*
가을,0,0,-500,VV+ETM,*,T,가을,Inflect,VV,ETM,가/VV/*+을/ETM/*
가고,0,0,-500,VV+EC,*,F,가고,Inflect,VV,EC,가/VV/*+고/EC/*
가서,0,0,-500,VV+EC,*,F,가서,Inflect,VV,EC,가/VV/*+서/EC/*
가니까,0,0,-500,VV+EC,*,F,가니까,Inflect,VV,EC,가/VV/*+니까/EC/*
가니,0,0,-500,VV+EC,*,F,가니,Inflect,VV,EC,가/VV/*+니/EC/*
가면,0,0,-500,VV+EC,*,T,가면,Inflect,VV,EC,가/VV/*+면/EC/*
가지만,0,0,-500,VV+EC,*,T,가지만,Inflect,VV,EC,가/VV/*+지만/EC/*
가는데,0,0,-500,VV+EC,*,F,가는데,Inflect,VV,EC,가/VV/*+는데/EC/*
간데,0,0,-500,VV+EC,*,F,간데,Inflect,VV,EC,가/VV/*+ㄴ데/EC/*
가은데,0,0,-500,VV+EC,*,F,가은데,Inflect,VV,EC,가/VV/*+은데/EC/*
가면서,0,0,-500,VV+EC,*,F,가면서,Inflect,VV,EC,가/VV/*+면서/EC/*
가며,0,0,-500,VV+EC,*,F,가며,Inflect,VV,EC,가/VV/*+며/EC/*
가러,0,0,-500,VV+EC,*,F,가러,Inflect,VV,EC,가/VV/*+러/EC/*
가려고,0,0,-500,VV+EC,*,F,가려고,Inflect,VV,EC,가/VV/*+려고/EC/*
가려,0,0,-500,VV+EC,*,F,가려,Inflect,VV,EC,가/VV/*+려/EC/*
가도,0,0,-500,VV+EC,*,F,가도,Inflect,VV,EC,가/VV/*+도/EC/*
가다가,0,0,-500,VV+EC,*,F,가다가,Inflect,VV,EC,가/VV/*+다가/EC/*
가자,0,0,-500,VV+EC,*,F,가자,Inflect,VV,EC,가/VV/*+자/EC/*
가자마자,0,0,-500,VV+EC,*,F,가자마자,Inflect,VV,EC,가/VV/*+자마자/EC/*
가고서,0,0,-500,VV+EC,*,F,가고서,Inflect,VV,EC,가/VV/*+고서/EC/*
가고나서,0,0,-500,VV+EC,*,F,가고나서,Inflect,VV,EC,가/VV/*+고나서/EC/*
가도록,0,0,-500,VV+EC,*,T,가도록,Inflect,VV,EC,가/VV/*+도록/EC/*
가게,0,0,-500,VV+EC,*,F,가게,Inflect,VV,EC,가/VV/*+게/EC/*
가더라도,0,0,-500,VV+EC,*,F,가더라도,Inflect,VV,EC,가/VV/*+더라도/EC/*
갈지라도,0,0,-500,VV+EC,*,F,갈지라도,Inflect,VV,EC,가/VV/*+ㄹ지라도/EC/*
가을지라도,0,0,-500,VV+EC,*,F,가을지라도,Inflect,VV,EC,가/VV/*+을지라도/EC/*
갈수록,0,0,-500,VV+EC,*,T,갈수록,Inflect,VV,EC,가/VV/*+ㄹ수록/EC/*
가을수록,0,0,-500,VV+EC,*,T,가을수록,Inflect,VV,EC,가/VV/*+을수록/EC/*
가다고,0,0,-500,VV+EC,*,F,가다고,Inflect,VV,EC,가/VV/*+다고/EC/*
가라고,0,0,-500,VV+EC,*,F,가라고,Inflect,VV,EC,가/VV/*+라고/EC/*
가냐고,0,0,-500,VV+EC,*,F,가냐고,Inflect,VV,EC,가/VV/*+냐고/EC/*
가지,0,0,-500,VV+EC,*,F,가지,Inflect,VV,EC,가/VV/*+지/EC/*
가거나,0,0,-500,VV+EC,*,F,가거나,Inflect,VV,EC,가/VV/*+거나/EC/*
가든지,0,0,-500,VV+EC,*,F,가든지,Inflect,VV,EC,가/VV/*+든지/EC/*
가듯이,0,0,-500,VV+EC,*,F,가듯이,Inflect,VV,EC,가/VV/*+듯이/EC/*
가듯,0,0,-500,VV+EC,*,T,가듯,Inflect,VV,EC,가/VV/*+듯/EC/*
가다,0,0,-500,VV+EF,*,F,가다,Inflect,VV,EF,가/VV/*+다/EF/*
가요,0,0,-500,VV+EF,*,F,가요,Inflect,VV,EF,가/VV/*+요/EF/*
갑니다,0,0,-500,VV+EF,*,F,갑니다,Inflect,VV,EF,가/VV/*+ㅂ니다/EF/*
가습니다,0,0,-500,VV+EF,*,F,가습니다,Inflect,VV,EF,가/VV/*+습니다/EF/*
갈까,0,0,-500,VV+EF,*,F,갈까,Inflect,VV,EF,가/VV/*+ㄹ까/EF/*
갈까요,0,0,-500,VV+EF,*,F,갈까요,Inflect,VV,EF,가/VV/*+ㄹ까요/EF/*
갈게요,0,0,-500,VV+EF,*,F,갈게요,Inflect,VV,EF,가/VV/*+ㄹ게요/EF/*
갈게,0,0,-500,VV+EF,*,F,갈게,Inflect,VV,EF,가/VV/*+ㄹ게/EF/*
가자,0,0,-500,VV+EF,*,F,가자,Inflect,VV,EF,가/VV/*+자/EF/*
가세요,0,0,-500,VV+EF,*,F,가세요,Inflect,VV,EF,가/VV/*+세요/EF/*
갔다,0,0,-500,VV+EP+EF,*,F,갔다,Inflect,VV,EF,가/VV/*+았/EP/*+다/EF/*
갔아요,0,0,-500,VV+EP+EF,*,F,갔아요,Inflect,VV,EF,가/VV/*+았/EP/*+요/EF/*
갔ㅂ니다,0,0,-500,VV+EP+EF,*,F,갔ㅂ니다,Inflect,VV,EF,가/VV/*+았/EP/*+ㅂ니다/EF/*
갔으습니다,0,0,-500,VV+EP+EF,*,F,갔으습니다,Inflect,VV,EF,가/VV/*+았/EP/*+습니다/EF/*
갔ㄹ까,0,0,-500,VV+EP+EF,*,F,갔ㄹ까,Inflect,VV,EF,가/VV/*+았/EP/*+ㄹ까/EF/*
갔ㄹ까요,0,0,-500,VV+EP+EF,*,F,갔ㄹ까요,Inflect,VV,EF,가/VV/*+았/EP/*+ㄹ까요/EF/*
갔ㄹ게요,0,0,-500,VV+EP+EF,*,F,갔ㄹ게요,Inflect,VV,EF,가/VV/*+았/EP/*+ㄹ게요/EF/*
갔ㄹ게,0,0,-500,VV+EP+EF,*,F,갔ㄹ게,Inflect,VV,EF,가/VV/*+았/EP/*+ㄹ게/EF/*
갔자,0,0,-500,VV+EP+EF,*,F,갔자,Inflect,VV,EF,가/VV/*+았/EP/*+자/EF/*
갔으세요,0,0,-500,VV+EP+EF,*,F,갔으세요,Inflect,VV,EF,가/VV/*+았/EP/*+세요/EF/*
갔다,0,0,-500,VV+EP+EF,*,F,갔다,Inflect,VV,EF,가/VV/*+었/EP/*+다/EF/*
갔아요,0,0,-500,VV+EP+EF,*,F,갔아요,Inflect,VV,EF,가/VV/*+었/EP/*+요/EF/*
갔ㅂ니다,0,0,-500,VV+EP+EF,*,F,갔ㅂ니다,Inflect,VV,EF,가/VV/*+었/EP/*+ㅂ니다/EF/*
갔으습니다,0,0,-500,VV+EP+EF,*,F,갔으습니다,Inflect,VV,EF,가/VV/*+었/EP/*+습니다/EF/*
갔ㄹ까,0,0,-500,VV+EP+EF,*,F,갔ㄹ까,Inflect,VV,EF,가/VV/*+었/EP/*+ㄹ까/EF/*
갔ㄹ까요,0,0,-500,VV+EP+EF,*,F,갔ㄹ까요,Inflect,VV,EF,가/VV/*+었/EP/*+ㄹ까요/EF/*
갔ㄹ게요,0,0,-500,VV+EP+EF,*,F,갔ㄹ게요,Inflect,VV,EF,가/VV/*+었/EP/*+ㄹ게요/EF/*
갔ㄹ게,0,0,-500,VV+EP+EF,*,F,갔ㄹ게,Inflect,VV,EF,가/VV/*+었/EP/*+ㄹ게/EF/*
갔자,0,0,-500,VV+EP+EF,*,F,갔자,Inflect,VV,EF,가/VV/*+었/EP/*+자/EF/*
갔으세요,0,0,-500,VV+EP+EF,*,F,갔으세요,Inflect,VV,EF,가/VV/*+었/EP/*+세요/EF/*
가시다,0,0,-500,VV+EP+EF,*,F,가시다,Inflect,VV,EF,가/VV/*+시/EP/*+다/EF/*
가셔요,0,0,-500,VV+EP+EF,*,F,가셔요,Inflect,VV,EF,가/VV/*+시/EP/*+요/EF/*
가십니다,0,0,-500,VV+EP+EF,*,F,가십니다,Inflect,VV,EF,가/VV/*+시/EP/*+ㅂ니다/EF/*
가시습니다,0,0,-500,VV+EP+EF,*,F,가시습니다,Inflect,VV,EF,가/VV/*+시/EP/*+습니다/EF/*
가실까,0,0,-500,VV+EP+EF,*,F,가실까,Inflect,VV,EF,가/VV/*+시/EP/*+ㄹ까/EF/*
가실까요,0,0,-500,VV+EP+EF,*,F,가실까요,Inflect,VV,EF,가/VV/*+시/EP/*+ㄹ까요/EF/*
가실게요,0,0,-500,VV+EP+EF,*,F,가실게요,Inflect,VV,EF,가/VV/*+시/EP/*+ㄹ게요/EF/*
가실게,0,0,-500,VV+EP+EF,*,F,가실게,Inflect,VV,EF,가/VV/*+시/EP/*+ㄹ게/EF/*
가시자,0,0,-500,VV+EP+EF,*,F,가시자,Inflect,VV,EF,가/VV/*+시/EP/*+자/EF/*
가시세요,0,0,-500,VV+EP+EF,*,F,가시세요,Inflect,VV,EF,가/VV/*+시/EP/*+세요/EF/*
가겠다,0,0,-500,VV+EP+EF,*,F,가겠다,Inflect,VV,EF,가/VV/*+겠/EP/*+다/EF/*
가겠어요,0,0,-500,VV+EP+EF,*,F,가겠어요,Inflect,VV,EF,가/VV/*+겠/EP/*+요/EF/*
가겠ㅂ니다,0,0,-500,VV+EP+EF,*,F,가겠ㅂ니다,Inflect,VV,EF,가/VV/*+겠/EP/*+ㅂ니다/EF/*
가겠으습니다,0,0,-500,VV+EP+EF,*,F,가겠으습니다,Inflect,VV,EF,가/VV/*+겠/EP/*+습니다/EF/*
가겠ㄹ까,0,0,-500,VV+EP+EF,*,F,가겠ㄹ까,Inflect,VV,EF,가/VV/*+겠/EP/*+ㄹ까/EF/*
가겠ㄹ까요,0,0,-500,VV+EP+EF,*,F,가겠ㄹ까요,Inflect,VV,EF,가/VV/*+겠/EP/*+ㄹ까요/EF/*
가겠ㄹ게요,0,0,-500,VV+EP+EF,*,F,가겠ㄹ게요,Inflect,VV,EF,가/VV/*+겠/EP/*+ㄹ게요/EF/*
가겠ㄹ게,0,0,-500,VV+EP+EF,*,F,가겠ㄹ게,Inflect,VV,EF,가/VV/*+겠/EP/*+ㄹ게/EF/*
가겠자,0,0,-500,VV+EP+EF,*,F,가겠자,Inflect,VV,EF,가/VV/*+겠/EP/*+자/EF/*
가겠으세요,0,0,-500,VV+EP+EF,*,F,가겠으세요,Inflect,VV,EF,가/VV/*+겠/EP/*+세요/EF/*
오는,0,0,-500,VV+ETM,*,T,오는,Inflect,VV,ETM,오/VV/*+는/ETM/*
온,0,0,-500,VV+ETM,*,T,온,Inflect,VV,ETM,오/VV/*+ㄴ/ETM/*
오은,0,0,-500,VV+ETM,*,T,오은,Inflect,VV,ETM,오/VV/*+은/ETM/*
올,0,0,-500,VV+ETM,*,T,올,Inflect,VV,ETM,오/VV/*+ㄹ/ETM/*
오을,0,0,-500,VV+ETM,*,T,오을,Inflect,VV,ETM,오/VV/*+을/ETM/*
오고,0,0,-500,VV+EC,*,F,오고,Inflect,VV,EC,오/VV/*+고/EC/*
와서,0,0,-500,VV+EC,*,F,와서,Inflect,VV,EC,오/VV/*+서/EC/*
오니까,0,0,-500,VV+EC,*,F,오니까,Inflect,VV,EC,오/VV/*+니까/EC/*
오니,0,0,-500,VV+EC,*,F,오니,Inflect,VV,EC,오/VV/*+니/EC/*
오면,0,0,-500,VV+EC,*,T,오면,Inflect,VV,EC,오/VV/*+면/EC/*
오지만,0,0,-500,VV+EC,*,T,오지만,Inflect,VV,EC,오/VV/*+지만/EC/*
오는데,0,0,-500,VV+EC,*,F,오는데,Inflect,VV,EC,오/VV/*+는데/EC/*
온데,0,0,-500,VV+EC,*,F,온데,Inflect,VV,EC,오/VV/*+ㄴ데/EC/*
오은데,0,0,-500,VV+EC,*,F,오은데,Inflect,VV,EC,오/VV/*+은데/EC/*
오면서,0,0,-500,VV+EC,*,F,오면서,Inflect,VV,EC,오/VV/*+면서/EC/*
오며,0,0,-500,VV+EC,*,F,오며,Inflect,VV,EC,오/VV/*+며/EC/*
오러,0,0,-500,VV+EC,*,F,오러,Inflect,VV,EC,오/VV/*+러/EC/*
오려고,0,0,-500,VV+EC,*,F,오려고,Inflect,VV,EC,오/VV/*+려고/EC/*
오려,0,0,-500,VV+EC,*,F,오려,Inflect,VV,EC,오/VV/*+려/EC/*
와도,0,0,-500,VV+EC,*,F,와도,Inflect,VV,EC,오/VV/*+도/EC/*
오다가,0,0,-500,VV+EC,*,F,오다가,Inflect,VV,EC,오/VV/*+다가/EC/*
오자,0,0,-500,VV+EC,*,F,오자,Inflect,VV,EC,오/VV/*+자/EC/*
오자마자,0,0,-500,VV+EC,*,F,오자마자,Inflect,VV,EC,오/VV/*+자마자/EC/*
오고서,0,0,-500,VV+EC,*,F,오고서,Inflect,VV,EC,오/VV/*+고서/EC/*
오고나서,0,0,-500,VV+EC,*,F,오고나서,Inflect,VV,EC,오/VV/*+고나서/EC/*
오도록,0,0,-500,VV+EC,*,T,오도록,Inflect,VV,EC,오/VV/*+도록/EC/*
오게,0,0,-500,VV+EC,*,F,오게,Inflect,VV,EC,오/VV/*+게/EC/*
오더라도,0,0,-500,VV+EC,*,F,오더라도,Inflect,VV,EC,오/VV/*+더라도/EC/*
올지라도,0,0,-500,VV+EC,*,F,올지라도,Inflect,VV,EC,오/VV/*+ㄹ지라도/EC/*
오을지라도,0,0,-500,VV+EC,*,F,오을지라도,Inflect,VV,EC,오/VV/*+을지라도/EC/*
올수록,0,0,-500,VV+EC,*,T,올수록,Inflect,VV,EC,오/VV/*+ㄹ수록/EC/*
오을수록,0,0,-500,VV+EC,*,T,오을수록,Inflect,VV,EC,오/VV/*+을수록/EC/*
오다고,0,0,-500,VV+EC,*,F,오다고,Inflect,VV,EC,오/VV/*+다고/EC/*
오라고,0,0,-500,VV+EC,*,F,오라고,Inflect,VV,EC,오/VV/*+라고/EC/*
오냐고,0,0,-500,VV+EC,*,F,오냐고,Inflect,VV,EC,오/VV/*+냐고/EC/*
오지,0,0,-500,VV+EC,*,F,오지,Inflect,VV,EC,오/VV/*+지/EC/*
오거나,0,0,-500,VV+EC,*,F,오거나,Inflect,VV,EC,오/VV/*+거나/EC/*
오든지,0,0,-500,VV+EC,*,F,오든지,Inflect,VV,EC,오/VV/*+든지/EC/*
오듯이,0,0,-500,VV+EC,*,F,오듯이,Inflect,VV,EC,오/VV/*+듯이/EC/*
오듯,0,0,-500,VV+EC,*,T,오듯,Inflect,VV,EC,오/VV/*+듯/EC/*
오다,0,0,-500,VV+EF,*,F,오다,Inflect,VV,EF,오/VV/*+다/EF/*
와요,0,0,-500,VV+EF,*,F,와요,Inflect,VV,EF,오/VV/*+요/EF/*
옵니다,0,0,-500,VV+EF,*,F,옵니다,Inflect,VV,EF,오/VV/*+ㅂ니다/EF/*
오습니다,0,0,-500,VV+EF,*,F,오습니다,Inflect,VV,EF,오/VV/*+습니다/EF/*
올까,0,0,-500,VV+EF,*,F,올까,Inflect,VV,EF,오/VV/*+ㄹ까/EF/*
올까요,0,0,-500,VV+EF,*,F,올까요,Inflect,VV,EF,오/VV/*+ㄹ까요/EF/*
올게요,0,0,-500,VV+EF,*,F,올게요,Inflect,VV,EF,오/VV/*+ㄹ게요/EF/*
올게,0,0,-500,VV+EF,*,F,올게,Inflect,VV,EF,오/VV/*+ㄹ게/EF/*
오자,0,0,-500,VV+EF,*,F,오자,Inflect,VV,EF,오/VV/*+자/EF/*
오세요,0,0,-500,VV+EF,*,F,오세요,Inflect,VV,EF,오/VV/*+세요/EF/*
와았다,0,0,-500,VV+EP+EF,*,F,와았다,Inflect,VV,EF,오/VV/*+았/EP/*+다/EF/*
와았아요,0,0,-500,VV+EP+EF,*,F,와았아요,Inflect,VV,EF,오/VV/*+았/EP/*+요/EF/*
와았ㅂ니다,0,0,-500,VV+EP+EF,*,F,와았ㅂ니다,Inflect,VV,EF,오/VV/*+았/EP/*+ㅂ니다/EF/*
와았으습니다,0,0,-500,VV+EP+EF,*,F,와았으습니다,Inflect,VV,EF,오/VV/*+았/EP/*+습니다/EF/*
와았ㄹ까,0,0,-500,VV+EP+EF,*,F,와았ㄹ까,Inflect,VV,EF,오/VV/*+았/EP/*+ㄹ까/EF/*
와았ㄹ까요,0,0,-500,VV+EP+EF,*,F,와았ㄹ까요,Inflect,VV,EF,오/VV/*+았/EP/*+ㄹ까요/EF/*
와았ㄹ게요,0,0,-500,VV+EP+EF,*,F,와았ㄹ게요,Inflect,VV,EF,오/VV/*+았/EP/*+ㄹ게요/EF/*
와았ㄹ게,0,0,-500,VV+EP+EF,*,F,와았ㄹ게,Inflect,VV,EF,오/VV/*+았/EP/*+ㄹ게/EF/*
와았자,0,0,-500,VV+EP+EF,*,F,와았자,Inflect,VV,EF,오/VV/*+았/EP/*+자/EF/*
와았으세요,0,0,-500,VV+EP+EF,*,F,와았으세요,Inflect,VV,EF,오/VV/*+았/EP/*+세요/EF/*
와었다,0,0,-500,VV+EP+EF,*,F,와었다,Inflect,VV,EF,오/VV/*+었/EP/*+다/EF/*
와었어요,0,0,-500,VV+EP+EF,*,F,와었어요,Inflect,VV,EF,오/VV/*+었/EP/*+요/EF/*
와었ㅂ니다,0,0,-500,VV+EP+EF,*,F,와었ㅂ니다,Inflect,VV,EF,오/VV/*+었/EP/*+ㅂ니다/EF/*
와었으습니다,0,0,-500,VV+EP+EF,*,F,와었으습니다,Inflect,VV,EF,오/VV/*+었/EP/*+습니다/EF/*
와었ㄹ까,0,0,-500,VV+EP+EF,*,F,와었ㄹ까,Inflect,VV,EF,오/VV/*+었/EP/*+ㄹ까/EF/*
와었ㄹ까요,0,0,-500,VV+EP+EF,*,F,와었ㄹ까요,Inflect,VV,EF,오/VV/*+었/EP/*+ㄹ까요/EF/*
와었ㄹ게요,0,0,-500,VV+EP+EF,*,F,와었ㄹ게요,Inflect,VV,EF,오/VV/*+었/EP/*+ㄹ게요/EF/*
와었ㄹ게,0,0,-500,VV+EP+EF,*,F,와었ㄹ게,Inflect,VV,EF,오/VV/*+었/EP/*+ㄹ게/EF/*
와었자,0,0,-500,VV+EP+EF,*,F,와었자,Inflect,VV,EF,오/VV/*+었/EP/*+자/EF/*
와었으세요,0,0,-500,VV+EP+EF,*,F,와었으세요,Inflect,VV,EF,오/VV/*+었/EP/*+세요/EF/*
오시다,0,0,-500,VV+EP+EF,*,F,오시다,Inflect,VV,EF,오/VV/*+시/EP/*+다/EF/*
오셔요,0,0,-500,VV+EP+EF,*,F,오셔요,Inflect,VV,EF,오/VV/*+시/EP/*+요/EF/*
오십니다,0,0,-500,VV+EP+EF,*,F,오십니다,Inflect,VV,EF,오/VV/*+시/EP/*+ㅂ니다/EF/*
오시습니다,0,0,-500,VV+EP+EF,*,F,오시습니다,Inflect,VV,EF,오/VV/*+시/EP/*+습니다/EF/*
오실까,0,0,-500,VV+EP+EF,*,F,오실까,Inflect,VV,EF,오/VV/*+시/EP/*+ㄹ까/EF/*
오실까요,0,0,-500,VV+EP+EF,*,F,오실까요,Inflect,VV,EF,오/VV/*+시/EP/*+ㄹ까요/EF/*
오실게요,0,0,-500,VV+EP+EF,*,F,오실게요,Inflect,VV,EF,오/VV/*+시/EP/*+ㄹ게요/EF/*
오실게,0,0,-500,VV+EP+EF,*,F,오실게,Inflect,VV,EF,오/VV/*+시/EP/*+ㄹ게/EF/*
오시자,0,0,-500,VV+EP+EF,*,F,오시자,Inflect,VV,EF,오/VV/*+시/EP/*+자/EF/*
오시세요,0,0,-500,VV+EP+EF,*,F,오시세요,Inflect,VV,EF,오/VV/*+시/EP/*+세요/EF/*
오겠다,0,0,-500,VV+EP+EF,*,F,오겠다,Inflect,VV,EF,오/VV/*+겠/EP/*+다/EF/*
오겠어요,0,0,-500,VV+EP+EF,*,F,오겠어요,Inflect,VV,EF,오/VV/*+겠/EP/*+요/EF/*
오겠ㅂ니다,0,0,-500,VV+EP+EF,*,F,오겠ㅂ니다,Inflect,VV,EF,오/VV/*+겠/EP/*+ㅂ니다/EF/*
오겠으습니다,0,0,-500,VV+EP+EF,*,F,오겠으습니다,Inflect,VV,EF,오/VV/*+겠/EP/*+습니다/EF/*
오겠ㄹ까,0,0,-500,VV+EP+EF,*,F,오겠ㄹ까,Inflect,VV,EF,오/VV/*+겠/EP/*+ㄹ까/EF/*
오겠ㄹ까요,0,0,-500,VV+EP+EF,*,F,오겠ㄹ까요,Inflect,VV,EF,오/VV/*+겠/EP/*+ㄹ까요/EF/*
오겠ㄹ게요,0,0,-500,VV+EP+EF,*,F,오겠ㄹ게요,Inflect,VV,EF,오/VV/*+겠/EP/*+ㄹ게요/EF/*
오겠ㄹ게,0,0,-500,VV+EP+EF,*,F,오겠ㄹ게,Inflect,VV,EF,오/VV/*+겠/EP/*+ㄹ게/EF/*
오겠자,0,0,-500,VV+EP+EF,*,F,오겠자,Inflect,VV,EF,오/VV/*+겠/EP/*+자/EF/*
오겠으세요,0,0,-500,VV+EP+EF,*,F,오겠으세요,Inflect,VV,EF,오/VV/*+겠/EP/*+세요/EF/*
보는,0,0,-500,VV+ETM,*,T,보는,Inflect,VV,ETM,보/VV/*+는/ETM/*
본,0,0,-500,VV+ETM,*,T,본,Inflect,VV,ETM,보/VV/*+ㄴ/ETM/*
보은,0,0,-500,VV+ETM,*,T,보은,Inflect,VV,ETM,보/VV/*+은/ETM/*
볼,0,0,-500,VV+ETM,*,T,볼,Inflect,VV,ETM,보/VV/*+ㄹ/ETM/*
보을,0,0,-500,VV+ETM,*,T,보을,Inflect,VV,ETM,보/VV/*+을/ETM/*
보고,0,0,-500,VV+EC,*,F,보고,Inflect,VV,EC,보/VV/*+고/EC/*
봐서,0,0,-500,VV+EC,*,F,봐서,Inflect,VV,EC,보/VV/*+서/EC/*
보니까,0,0,-500,VV+EC,*,F,보니까,Inflect,VV,EC,보/VV/*+니까/EC/*
보니,0,0,-500,VV+EC,*,F,보니,Inflect,VV,EC,보/VV/*+니/EC/*
보면,0,0,-500,VV+EC,*,T,보면,Inflect,VV,EC,보/VV/*+면/EC/*
보지만,0,0,-500,VV+EC,*,T,보지만,Inflect,VV,EC,보/VV/*+지만/EC/*
보는데,0,0,-500,VV+EC,*,F,보는데,Inflect,VV,EC,보/VV/*+는데/EC/*
본데,0,0,-500,VV+EC,*,F,본데,Inflect,VV,EC,보/VV/*+ㄴ데/EC/*
보은데,0,0,-500,VV+EC,*,F,보은데,Inflect,VV,EC,보/VV/*+은데/EC/*
보면서,0,0,-500,VV+EC,*,F,보면서,Inflect,VV,EC,보/VV/*+면서/EC/*
보며,0,0,-500,VV+EC,*,F,보며,Inflect,VV,EC,보/VV/*+며/EC/*
보러,0,0,-500,VV+EC,*,F,보러,Inflect,VV,EC,보/VV/*+러/EC/*
보려고,0,0,-500,VV+EC,*,F,보려고,Inflect,VV,EC,보/VV/*+려고/EC/*
보려,0,0,-500,VV+EC,*,F,보려,Inflect,VV,EC,보/VV/*+려/EC/*
봐도,0,0,-500,VV+EC,*,F,봐도,Inflect,VV,EC,보/VV/*+도/EC/*
보다가,0,0,-500,VV+EC,*,F,보다가,Inflect,VV,EC,보/VV/*+다가/EC/*
보자,0,0,-500,VV+EC,*,F,보자,Inflect,VV,EC,보/VV/*+자/EC/*
보자마자,0,0,-500,VV+EC,*,F,보자마자,Inflect,VV,EC,보/VV/*+자마자/EC/*
보고서,0,0,-500,VV+EC,*,F,보고서,Inflect,VV,EC,보/VV/*+고서/EC/*
보고나서,0,0,-500,VV+EC,*,F,보고나서,Inflect,VV,EC,보/VV/*+고나서/EC/*
보도록,0,0,-500,VV+EC,*,T,보도록,Inflect,VV,EC,보/VV/*+도록/EC/*
보게,0,0,-500,VV+EC,*,F,보게,Inflect,VV,EC,보/VV/*+게/EC/*
보더라도,0,0,-500,VV+EC,*,F,보더라도,Inflect,VV,EC,보/VV/*+더라도/EC/*
볼지라도,0,0,-500,VV+EC,*,F,볼지라도,Inflect,VV,EC,보/VV/*+ㄹ지라도/EC/*
보을지라도,0,0,-500,VV+EC,*,F,보을지라도,Inflect,VV,EC,보/VV/*+을지라도/EC/*
볼수록,0,0,-500,VV+EC,*,T,볼수록,Inflect,VV,EC,보/VV/*+ㄹ수록/EC/*
보을수록,0,0,-500,VV+EC,*,T,보을수록,Inflect,VV,EC,보/VV/*+을수록/EC/*
보다고,0,0,-500,VV+EC,*,F,보다고,Inflect,VV,EC,보/VV/*+다고/EC/*
보라고,0,0,-500,VV+EC,*,F,보라고,Inflect,VV,EC,보/VV/*+라고/EC/*
보냐고,0,0,-500,VV+EC,*,F,보냐고,Inflect,VV,EC,보/VV/*+냐고/EC/*
보지,0,0,-500,VV+EC,*,F,보지,Inflect,VV,EC,보/VV/*+지/EC/*
보거나,0,0,-500,VV+EC,*,F,보거나,Inflect,VV,EC,보/VV/*+거나/EC/*
보든지,0,0,-500,VV+EC,*,F,보든지,Inflect,VV,EC,보/VV/*+든지/EC/*
보듯이,0,0,-500,VV+EC,*,F,보듯이,Inflect,VV,EC,보/VV/*+듯이/EC/*
보듯,0,0,-500,VV+EC,*,T,보듯,Inflect,VV,EC,보/VV/*+듯/EC/*
보다,0,0,-500,VV+EF,*,F,보다,Inflect,VV,EF,보/VV/*+다/EF/*
봐요,0,0,-500,VV+EF,*,F,봐요,Inflect,VV,EF,보/VV/*+요/EF/*
봅니다,0,0,-500,VV+EF,*,F,봅니다,Inflect,VV,EF,보/VV/*+ㅂ니다/EF/*
보습니다,0,0,-500,VV+EF,*,F,보습니다,Inflect,VV,EF,보/VV/*+습니다/EF/*
볼까,0,0,-500,VV+EF,*,F,볼까,Inflect,VV,EF,보/VV/*+ㄹ까/EF/*
볼까요,0,0,-500,VV+EF,*,F,볼까요,Inflect,VV,EF,보/VV/*+ㄹ까요/EF/*
볼게요,0,0,-500,VV+EF,*,F,볼게요,Inflect,VV,EF,보/VV/*+ㄹ게요/EF/*
볼게,0,0,-500,VV+EF,*,F,볼게,Inflect,VV,EF,보/VV/*+ㄹ게/EF/*
보자,0,0,-500,VV+EF,*,F,보자,Inflect,VV,EF,보/VV/*+자/EF/*
보세요,0,0,-500,VV+EF,*,F,보세요,Inflect,VV,EF,보/VV/*+세요/EF/*
봐았다,0,0,-500,VV+EP+EF,*,F,봐았다,Inflect,VV,EF,보/VV/*+았/EP/*+다/EF/*
봐았아요,0,0,-500,VV+EP+EF,*,F,봐았아요,Inflect,VV,EF,보/VV/*+았/EP/*+요/EF/*
봐았ㅂ니다,0,0,-500,VV+EP+EF,*,F,봐았ㅂ니다,Inflect,VV,EF,보/VV/*+았/EP/*+ㅂ니다/EF/*
봐았으습니다,0,0,-500,VV+EP+EF,*,F,봐았으습니다,Inflect,VV,EF,보/VV/*+았/EP/*+습니다/EF/*
봐았ㄹ까,0,0,-500,VV+EP+EF,*,F,봐았ㄹ까,Inflect,VV,EF,보/VV/*+았/EP/*+ㄹ까/EF/*
봐았ㄹ까요,0,0,-500,VV+EP+EF,*,F,봐았ㄹ까요,Inflect,VV,EF,보/VV/*+았/EP/*+ㄹ까요/EF/*
봐았ㄹ게요,0,0,-500,VV+EP+EF,*,F,봐았ㄹ게요,Inflect,VV,EF,보/VV/*+았/EP/*+ㄹ게요/EF/*
봐았ㄹ게,0,0,-500,VV+EP+EF,*,F,봐았ㄹ게,Inflect,VV,EF,보/VV/*+았/EP/*+ㄹ게/EF/*
봐았자,0,0,-500,VV+EP+EF,*,F,봐았자,Inflect,VV,EF,보/VV/*+았/EP/*+자/EF/*
봐았으세요,0,0,-500,VV+EP+EF,*,F,봐았으세요,Inflect,VV,EF,보/VV/*+았/EP/*+세요/EF/*
봐었다,0,0,-500,VV+EP+EF,*,F,봐었다,Inflect,VV,EF,보/VV/*+었/EP/*+다/EF/*
봐었어요,0,0,-500,VV+EP+EF,*,F,봐었어요,Inflect,VV,EF,보/VV/*+었/EP/*+요/EF/*
봐었ㅂ니다,0,0,-500,VV+EP+EF,*,F,봐었ㅂ니다,Inflect,VV,EF,보/VV/*+었/EP/*+ㅂ니다/EF/*
봐었으습니다,0,0,-500,VV+EP+EF,*,F,봐었으습니다,Inflect,VV,EF,보/VV/*+었/EP/*+습니다/EF/*
봐었ㄹ까,0,0,-500,VV+EP+EF,*,F,봐었ㄹ까,Inflect,VV,EF,보/VV/*+었/EP/*+ㄹ까/EF/*
봐었ㄹ까요,0,0,-500,VV+EP+EF,*,F,봐었ㄹ까요,Inflect,VV,EF,보/VV/*+었/EP/*+ㄹ까요/EF/*
봐었ㄹ게요,0,0,-500,VV+EP+EF,*,F,봐었ㄹ게요,Inflect,VV,EF,보/VV/*+었/EP/*+ㄹ게요/EF/*
봐었ㄹ게,0,0,-500,VV+EP+EF,*,F,봐었ㄹ게,Inflect,VV,EF,보/VV/*+었/EP/*+ㄹ게/EF/*
봐었자,0,0,-500,VV+EP+EF,*,F,봐었자,Inflect,VV,EF,보/VV/*+었/EP/*+자/EF/*
봐었으세요,0,0,-500,VV+EP+EF,*,F,봐었으세요,Inflect,VV,EF,보/VV/*+었/EP/*+세요/EF/*
보시다,0,0,-500,VV+EP+EF,*,F,보시다,Inflect,VV,EF,보/VV/*+시/EP/*+다/EF/*
보셔요,0,0,-500,VV+EP+EF,*,F,보셔요,Inflect,VV,EF,보/VV/*+시/EP/*+요/EF/*
보십니다,0,0,-500,VV+EP+EF,*,F,보십니다,Inflect,VV,EF,보/VV/*+시/EP/*+ㅂ니다/EF/*
보시습니다,0,0,-500,VV+EP+EF,*,F,보시습니다,Inflect,VV,EF,보/VV/*+시/EP/*+습니다/EF/*
보실까,0,0,-500,VV+EP+EF,*,F,보실까,Inflect,VV,EF,보/VV/*+시/EP/*+ㄹ까/EF/*
보실까요,0,0,-500,VV+EP+EF,*,F,보실까요,Inflect,VV,EF,보/VV/*+시/EP/*+ㄹ까요/EF/*
보실게요,0,0,-500,VV+EP+EF,*,F,보실게요,Inflect,VV,EF,보/VV/*+시/EP/*+ㄹ게요/EF/*
보실게,0,0,-500,VV+EP+EF,*,F,보실게,Inflect,VV,EF,보/VV/*+시/EP/*+ㄹ게/EF/*
보시자,0,0,-500,VV+EP+EF,*,F,보시자,Inflect,VV,EF,보/VV/*+시/EP/*+자/EF/*
보시세요,0,0,-500,VV+EP+EF,*,F,보시세요,Inflect,VV,EF,보/VV/*+시/EP/*+세요/EF/*
보겠다,0,0,-500,VV+EP+EF,*,F,보겠다,Inflect,VV,EF,보/VV/*+겠/EP/*+다/EF/*
보겠어요,0,0,-500,VV+EP+EF,*,F,보겠어요,Inflect,VV,EF,보/VV/*+겠/EP/*+요/EF/*
보겠ㅂ니다,0,0,-500,VV+EP+EF,*,F,보겠ㅂ니다,Inflect,VV,EF,보/VV/*+겠/EP/*+ㅂ니다/EF/*
보겠으습니다,0,0,-500,VV+EP+EF,*,F,보겠으습니다,Inflect,VV,EF,보/VV/*+겠/EP/*+습니다/EF/*
보겠ㄹ까,0,0,-500,VV+EP+EF,*,F,보겠ㄹ까,Inflect,VV,EF,보/VV/*+겠/EP/*+ㄹ까/EF/*
보겠ㄹ까요,0,0,-500,VV+EP+EF,*,F,보겠ㄹ까요,Inflect,VV,EF,보/VV/*+겠/EP/*+ㄹ까요/EF/*
보겠ㄹ게요,0,0,-500,VV+EP+EF,*,F,보겠ㄹ게요,Inflect,VV,EF,보/VV/*+겠/EP/*+ㄹ게요/EF/*
보겠ㄹ게,0,0,-500,VV+EP+EF,*,F,보겠ㄹ게,Inflect,VV,EF,보/VV/*+겠/EP/*+ㄹ게/EF/*
보겠자,0,0,-500,VV+EP+EF,*,F,보겠자,Inflect,VV,EF,보/VV/*+겠/EP/*+자/EF/*
보겠으세요,0,0,-500,VV+EP+EF,*,F,보겠으세요,Inflect,VV,EF,보/VV/*+겠/EP/*+세요/EF/*
주는,0,0,-500,VV+ETM,*,T,주는,Inflect,VV,ETM,주/VV/*+는/ETM/*
준,0,0,-500,VV+ETM,*,T,준,Inflect,VV,ETM,주/VV/*+ㄴ/ETM/*
주은,0,0,-500,VV+ETM,*,T,주은,Inflect,VV,ETM,주/VV/*+은/ETM/*
줄,0,0,-500,VV+ETM,*,T,줄,Inflect,VV,ETM,주/VV/*+ㄹ/ETM/*
주을,0,0,-500,VV+ETM,*,T,주을,Inflect,VV,ETM,주/VV/*+을/ETM/*
주고,0,0,-500,VV+EC,*,F,주고,Inflect,VV,EC,주/VV/*+고/EC/*
줘서,0,0,-500,VV+EC,*,F,줘서,Inflect,VV,EC,주/VV/*+서/EC/*
주니까,0,0,-500,VV+EC,*,F,주니까,Inflect,VV,EC,주/VV/*+니까/EC/*
주니,0,0,-500,VV+EC,*,F,주니,Inflect,VV,EC,주/VV/*+니/EC/*
주면,0,0,-500,VV+EC,*,T,주면,Inflect,VV,EC,주/VV/*+면/EC/*
주지만,0,0,-500,VV+EC,*,T,주지만,Inflect,VV,EC,주/VV/*+지만/EC/*
주는데,0,0,-500,VV+EC,*,F,주는데,Inflect,VV,EC,주/VV/*+는데/EC/*
준데,0,0,-500,VV+EC,*,F,준데,Inflect,VV,EC,주/VV/*+ㄴ데/EC/*
주은데,0,0,-500,VV+EC,*,F,주은데,Inflect,VV,EC,주/VV/*+은데/EC/*
주면서,0,0,-500,VV+EC,*,F,주면서,Inflect,VV,EC,주/VV/*+면서/EC/*
주며,0,0,-500,VV+EC,*,F,주며,Inflect,VV,EC,주/VV/*+며/EC/*
주러,0,0,-500,VV+EC,*,F,주러,Inflect,VV,EC,주/VV/*+러/EC/*
주려고,0,0,-500,VV+EC,*,F,주려고,Inflect,VV,EC,주/VV/*+려고/EC/*
주려,0,0,-500,VV+EC,*,F,주려,Inflect,VV,EC,주/VV/*+려/EC/*
줘도,0,0,-500,VV+EC,*,F,줘도,Inflect,VV,EC,주/VV/*+도/EC/*
주다가,0,0,-500,VV+EC,*,F,주다가,Inflect,VV,EC,주/VV/*+다가/EC/*
주자,0,0,-500,VV+EC,*,F,주자,Inflect,VV,EC,주/VV/*+자/EC/*
주자마자,0,0,-500,VV+EC,*,F,주자마자,Inflect,VV,EC,주/VV/*+자마자/EC/*
주고서,0,0,-500,VV+EC,*,F,주고서,Inflect,VV,EC,주/VV/*+고서/EC/*
주고나서,0,0,-500,VV+EC,*,F,주고나서,Inflect,VV,EC,주/VV/*+고나서/EC/*
주도록,0,0,-500,VV+EC,*,T,주도록,Inflect,VV,EC,주/VV/*+도록/EC/*
주게,0,0,-500,VV+EC,*,F,주게,Inflect,VV,EC,주/VV/*+게/EC/*
주더라도,0,0,-500,VV+EC,*,F,주더라도,Inflect,VV,EC,주/VV/*+더라도/EC/*
줄지라도,0,0,-500,VV+EC,*,F,줄지라도,Inflect,VV,EC,주/VV/*+ㄹ지라도/EC/*
주을지라도,0,0,-500,VV+EC,*,F,주을지라도,Inflect,VV,EC,주/VV/*+을지라도/EC/*
줄수록,0,0,-500,VV+EC,*,T,줄수록,Inflect,VV,EC,주/VV/*+ㄹ수록/EC/*
주을수록,0,0,-500,VV+EC,*,T,주을수록,Inflect,VV,EC,주/VV/*+을수록/EC/*
주다고,0,0,-500,VV+EC,*,F,주다고,Inflect,VV,EC,주/VV/*+다고/EC/*
주라고,0,0,-500,VV+EC,*,F,주라고,Inflect,VV,EC,주/VV/*+라고/EC/*
주냐고,0,0,-500,VV+EC,*,F,주냐고,Inflect,VV,EC,주/VV/*+냐고/EC/*
주지,0,0,-500,VV+EC,*,F,주지,Inflect,VV,EC,주/VV/*+지/EC/*
주거나,0,0,-500,VV+EC,*,F,주거나,Inflect,VV,EC,주/VV/*+거나/EC/*
주든지,0,0,-500,VV+EC,*,F,주든지,Inflect,VV,EC,주/VV/*+든지/EC/*
주듯이,0,0,-500,VV+EC,*,F,주듯이,Inflect,VV,EC,주/VV/*+듯이/EC/*
주듯,0,0,-500,VV+EC,*,T,주듯,Inflect,VV,EC,주/VV/*+듯/EC/*
주다,0,0,-500,VV+EF,*,F,주다,Inflect,VV,EF,주/VV/*+다/EF/*
줘요,0,0,-500,VV+EF,*,F,줘요,Inflect,VV,EF,주/VV/*+요/EF/*
줍니다,0,0,-500,VV+EF,*,F,줍니다,Inflect,VV,EF,주/VV/*+ㅂ니다/EF/*
주습니다,0,0,-500,VV+EF,*,F,주습니다,Inflect,VV,EF,주/VV/*+습니다/EF/*
줄까,0,0,-500,VV+EF,*,F,줄까,Inflect,VV,EF,주/VV/*+ㄹ까/EF/*
줄까요,0,0,-500,VV+EF,*,F,줄까요,Inflect,VV,EF,주/VV/*+ㄹ까요/EF/*
줄게요,0,0,-500,VV+EF,*,F,줄게요,Inflect,VV,EF,주/VV/*+ㄹ게요/EF/*
줄게,0,0,-500,VV+EF,*,F,줄게,Inflect,VV,EF,주/VV/*+ㄹ게/EF/*
주자,0,0,-500,VV+EF,*,F,주자,Inflect,VV,EF,주/VV/*+자/EF/*
주세요,0,0,-500,VV+EF,*,F,주세요,Inflect,VV,EF,주/VV/*+세요/EF/*
줘았다,0,0,-500,VV+EP+EF,*,F,줘았다,Inflect,VV,EF,주/VV/*+았/EP/*+다/EF/*
줘았아요,0,0,-500,VV+EP+EF,*,F,줘았아요,Inflect,VV,EF,주/VV/*+았/EP/*+요/EF/*
줘았ㅂ니다,0,0,-500,VV+EP+EF,*,F,줘았ㅂ니다,Inflect,VV,EF,주/VV/*+았/EP/*+ㅂ니다/EF/*
줘았으습니다,0,0,-500,VV+EP+EF,*,F,줘았으습니다,Inflect,VV,EF,주/VV/*+았/EP/*+습니다/EF/*
줘았ㄹ까,0,0,-500,VV+EP+EF,*,F,줘았ㄹ까,Inflect,VV,EF,주/VV/*+았/EP/*+ㄹ까/EF/*
줘았ㄹ까요,0,0,-500,VV+EP+EF,*,F,줘았ㄹ까요,Inflect,VV,EF,주/VV/*+았/EP/*+ㄹ까요/EF/*
줘았ㄹ게요,0,0,-500,VV+EP+EF,*,F,줘았ㄹ게요,Inflect,VV,EF,주/VV/*+았/EP/*+ㄹ게요/EF/*
줘았ㄹ게,0,0,-500,VV+EP+EF,*,F,줘았ㄹ게,Inflect,VV,EF,주/VV/*+았/EP/*+ㄹ게/EF/*
줘았자,0,0,-500,VV+EP+EF,*,F,줘았자,Inflect,VV,EF,주/VV/*+았/EP/*+자/EF/*
줘았으세요,0,0,-500,VV+EP+EF,*,F,줘았으세요,Inflect,VV,EF,주/VV/*+았/EP/*+세요/EF/*
줘었다,0,0,-500,VV+EP+EF,*,F,줘었다,Inflect,VV,EF,주/VV/*+었/EP/*+다/EF/*
줘었어요,0,0,-500,VV+EP+EF,*,F,줘었어요,Inflect,VV,EF,주/VV/*+었/EP/*+요/EF/*
줘었ㅂ니다,0,0,-500,VV+EP+EF,*,F,줘었ㅂ니다,Inflect,VV,EF,주/VV/*+었/EP/*+ㅂ니다/EF/*
줘었으습니다,0,0,-500,VV+EP+EF,*,F,줘었으습니다,Inflect,VV,EF,주/VV/*+었/EP/*+습니다/EF/*
줘었ㄹ까,0,0,-500,VV+EP+EF,*,F,줘었ㄹ까,Inflect,VV,EF,주/VV/*+었/EP/*+ㄹ까/EF/*
줘었ㄹ까요,0,0,-500,VV+EP+EF,*,F,줘었ㄹ까요,Inflect,VV,EF,주/VV/*+었/EP/*+ㄹ까요/EF/*
줘었ㄹ게요,0,0,-500,VV+EP+EF,*,F,줘었ㄹ게요,Inflect,VV,EF,주/VV/*+었/EP/*+ㄹ게요/EF/*
줘었ㄹ게,0,0,-500,VV+EP+EF,*,F,줘었ㄹ게,Inflect,VV,EF,주/VV/*+었/EP/*+ㄹ게/EF/*
줘었자,0,0,-500,VV+EP+EF,*,F,줘었자,Inflect,VV,EF,주/VV/*+었/EP/*+자/EF/*
줘었으세요,0,0,-500,VV+EP+EF,*,F,줘었으세요,Inflect,VV,EF,주/VV/*+었/EP/*+세요/EF/*
주시다,0,0,-500,VV+EP+EF,*,F,주시다,Inflect,VV,EF,주/VV/*+시/EP/*+다/EF/*
주셔요,0,0,-500,VV+EP+EF,*,F,주셔요,Inflect,VV,EF,주/VV/*+시/EP/*+요/EF/*
주십니다,0,0,-500,VV+EP+EF,*,F,주십니다,Inflect,VV,EF,주/VV/*+시/EP/*+ㅂ니다/EF/*
주시습니다,0,0,-500,VV+EP+EF,*,F,주시습니다,Inflect,VV,EF,주/VV/*+시/EP/*+습니다/EF/*
주실까,0,0,-500,VV+EP+EF,*,F,주실까,Inflect,VV,EF,주/VV/*+시/EP/*+ㄹ까/EF/*
주실까요,0,0,-500,VV+EP+EF,*,F,주실까요,Inflect,VV,EF,주/VV/*+시/EP/*+ㄹ까요/EF/*
주실게요,0,0,-500,VV+EP+EF,*,F,주실게요,Inflect,VV,EF,주/VV/*+시/EP/*+ㄹ게요/EF/*
주실게,0,0,-500,VV+EP+EF,*,F,주실게,Inflect,VV,EF,주/VV/*+시/EP/*+ㄹ게/EF/*
주시자,0,0,-500,VV+EP+EF,*,F,주시자,Inflect,VV,EF,주/VV/*+시/EP/*+자/EF/*
주시세요,0,0,-500,VV+EP+EF,*,F,주시세요,Inflect,VV,EF,주/VV/*+시/EP/*+세요/EF/*
주겠다,0,0,-500,VV+EP+EF,*,F,주겠다,Inflect,VV,EF,주/VV/*+겠/EP/*+다/EF/*
주겠어요,0,0,-500,VV+EP+EF,*,F,주겠어요,Inflect,VV,EF,주/VV/*+겠/EP/*+요/EF/*
주겠ㅂ니다,0,0,-500,VV+EP+EF,*,F,주겠ㅂ니다,Inflect,VV,EF,주/VV/*+겠/EP/*+ㅂ니다/EF/*
주겠으습니다,0,0,-500,VV+EP+EF,*,F,주겠으습니다,Inflect,VV,EF,주/VV/*+겠/EP/*+습니다/EF/*
주겠ㄹ까,0,0,-500,VV+EP+EF,*,F,주겠ㄹ까,Inflect,VV,EF,주/VV/*+겠/EP/*+ㄹ까/EF/*
주겠ㄹ까요,0,0,-500,VV+EP+EF,*,F,주겠ㄹ까요,Inflect,VV,EF,주/VV/*+겠/EP/*+ㄹ까요/EF/*
주겠ㄹ게요,0,0,-500,VV+EP+EF,*,F,주겠ㄹ게요,Inflect,VV,EF,주/VV/*+겠/EP/*+ㄹ게요/EF/*
주겠ㄹ게,0,0,-500,VV+EP+EF,*,F,주겠ㄹ게,Inflect,VV,EF,주/VV/*+겠/EP/*+ㄹ게/EF/*
주겠자,0,0,-500,VV+EP+EF,*,F,주겠자,Inflect,VV,EF,주/VV/*+겠/EP/*+자/EF/*
주겠으세요,0,0,-500,VV+EP+EF,*,F,주겠으세요,Inflect,VV,EF,주/VV/*+겠/EP/*+세요/EF/*
받는,0,0,-500,VV+ETM,*,T,받는,Inflect,VV,ETM,받/VV/*+는/ETM/*
받ㄴ,0,0,-500,VV+ETM,*,F,받ㄴ,Inflect,VV,ETM,받/VV/*+ㄴ/ETM/*
받으은,0,0,-500,VV+ETM,*,T,받으은,Inflect,VV,ETM,받/VV/*+은/ETM/*
받ㄹ,0,0,-500,VV+ETM,*,F,받ㄹ,Inflect,VV,ETM,받/VV/*+ㄹ/ETM/*
받으을,0,0,-500,VV+ETM,*,T,받으을,Inflect,VV,ETM,받/VV/*+을/ETM/*
받고,0,0,-500,VV+EC,*,F,받고,Inflect,VV,EC,받/VV/*+고/EC/*
받아서,0,0,-500,VV+EC,*,F,받아서,Inflect,VV,EC,받/VV/*+서/EC/*
받으니까,0,0,-500,VV+EC,*,F,받으니까,Inflect,VV,EC,받/VV/*+니까/EC/*
받으니,0,0,-500,VV+EC,*,F,받으니,Inflect,VV,EC,받/VV/*+니/EC/*
받으면,0,0,-500,VV+EC,*,T,받으면,Inflect,VV,EC,받/VV/*+면/EC/*
받지만,0,0,-500,VV+EC,*,T,받지만,Inflect,VV,EC,받/VV/*+지만/EC/*
받는데,0,0,-500,VV+EC,*,F,받는데,Inflect,VV,EC,받/VV/*+는데/EC/*
받ㄴ데,0,0,-500,VV+EC,*,F,받ㄴ데,Inflect,VV,EC,받/VV/*+ㄴ데/EC/*
받으은데,0,0,-500,VV+EC,*,F,받으은데,Inflect,VV,EC,받/VV/*+은데/EC/*
받으면서,0,0,-500,VV+EC,*,F,받으면서,Inflect,VV,EC,받/VV/*+면서/EC/*
받으며,0,0,-500,VV+EC,*,F,받으며,Inflect,VV,EC,받/VV/*+며/EC/*
받으러,0,0,-500,VV+EC,*,F,받으러,Inflect,VV,EC,받/VV/*+러/EC/*
받으려고,0,0,-500,VV+EC,*,F,받으려고,Inflect,VV,EC,받/VV/*+려고/EC/*
받으려,0,0,-500,VV+EC,*,F,받으려,Inflect,VV,EC,받/VV/*+려/EC/*
받아도,0,0,-500,VV+EC,*,F,받아도,Inflect,VV,EC,받/VV/*+도/EC/*
받다가,0,0,-500,VV+EC,*,F,받다가,Inflect,VV,EC,받/VV/*+다가/EC/*
받자,0,0,-500,VV+EC,*,F,받자,Inflect,VV,EC,받/VV/*+자/EC/*
받자마자,0,0,-500,VV+EC,*,F,받자마자,Inflect,VV,EC,받/VV/*+자마자/EC/*
받고서,0,0,-500,VV+EC,*,F,받고서,Inflect,VV,EC,받/VV/*+고서/EC/*
받고나서,0,0,-500,VV+EC,*,F,받고나서,Inflect,VV,EC,받/VV/*+고나서/EC/*
받도록,0,0,-500,VV+EC,*,T,받도록,Inflect,VV,EC,받/VV/*+도록/EC/*
받게,0,0,-500,VV+EC,*,F,받게,Inflect,VV,EC,받/VV/*+게/EC/*
받더라도,0,0,-500,VV+EC,*,F,받더라도,Inflect,VV,EC,받/VV/*+더라도/EC/*
받ㄹ지라도,0,0,-500,VV+EC,*,F,받ㄹ지라도,Inflect,VV,EC,받/VV/*+ㄹ지라도/EC/*
받으을지라도,0,0,-500,VV+EC,*,F,받으을지라도,Inflect,VV,EC,받/VV/*+을지라도/EC/*
받ㄹ수록,0,0,-500,VV+EC,*,T,받ㄹ수록,Inflect,VV,EC,받/VV/*+ㄹ수록/EC/*
받으을수록,0,0,-500,VV+EC,*,T,받으을수록,Inflect,VV,EC,받/VV/*+을수록/EC/*
받다고,0,0,-500,VV+EC,*,F,받다고,Inflect,VV,EC,받/VV/*+다고/EC/*
받라고,0,0,-500,VV+EC,*,F,받라고,Inflect,VV,EC,받/VV/*+라고/EC/*
받냐고,0,0,-500,VV+EC,*,F,받냐고,Inflect,VV,EC,받/VV/*+냐고/EC/*
받지,0,0,-500,VV+EC,*,F,받지,Inflect,VV,EC,받/VV/*+지/EC/*
받거나,0,0,-500,VV+EC,*,F,받거나,Inflect,VV,EC,받/VV/*+거나/EC/*
받든지,0,0,-500,VV+EC,*,F,받든지,Inflect,VV,EC,받/VV/*+든지/EC/*
받듯이,0,0,-500,VV+EC,*,F,받듯이,Inflect,VV,EC,받/VV/*+듯이/EC/*
받듯,0,0,-500,VV+EC,*,T,받듯,Inflect,VV,EC,받/VV/*+듯/EC/*
받다,0,0,-500,VV+EF,*,F,받다,Inflect,VV,EF,받/VV/*+다/EF/*
받아요,0,0,-500,VV+EF,*,F,받아요,Inflect,VV,EF,받/VV/*+요/EF/*
받ㅂ니다,0,0,-500,VV+EF,*,F,받ㅂ니다,Inflect,VV,EF,받/VV/*+ㅂ니다/EF/*
받으습니다,0,0,-500,VV+EF,*,F,받으습니다,Inflect,VV,EF,받/VV/*+습니다/EF/*
받ㄹ까,0,0,-500,VV+EF,*,F,받ㄹ까,Inflect,VV,EF,받/VV/*+ㄹ까/EF/*
받ㄹ까요,0,0,-500,VV+EF,*,F,받ㄹ까요,Inflect,VV,EF,받/VV/*+ㄹ까요/EF/*
받ㄹ게요,0,0,-500,VV+EF,*,F,받ㄹ게요,Inflect,VV,EF,받/VV/*+ㄹ게요/EF/*
받ㄹ게,0,0,-500,VV+EF,*,F,받ㄹ게,Inflect,VV,EF,받/VV/*+ㄹ게/EF/*
받자,0,0,-500,VV+EF,*,F,받자,Inflect,VV,EF,받/VV/*+자/EF/*
받으세요,0,0,-500,VV+EF,*,F,받으세요,Inflect,VV,EF,받/VV/*+세요/EF/*
받았다,0,0,-500,VV+EP+EF,*,F,받았다,Inflect,VV,EF,받/VV/*+았/EP/*+다/EF/*
받았아요,0,0,-500,VV+EP+EF,*,F,받았아요,Inflect,VV,EF,받/VV/*+았/EP/*+요/EF/*
받았ㅂ니다,0,0,-500,VV+EP+EF,*,F,받았ㅂ니다,Inflect,VV,EF,받/VV/*+았/EP/*+ㅂ니다/EF/*
받았으습니다,0,0,-500,VV+EP+EF,*,F,받았으습니다,Inflect,VV,EF,받/VV/*+았/EP/*+습니다/EF/*
받았ㄹ까,0,0,-500,VV+EP+EF,*,F,받았ㄹ까,Inflect,VV,EF,받/VV/*+았/EP/*+ㄹ까/EF/*
받았ㄹ까요,0,0,-500,VV+EP+EF,*,F,받았ㄹ까요,Inflect,VV,EF,받/VV/*+았/EP/*+ㄹ까요/EF/*
받았ㄹ게요,0,0,-500,VV+EP+EF,*,F,받았ㄹ게요,Inflect,VV,EF,받/VV/*+았/EP/*+ㄹ게요/EF/*
받았ㄹ게,0,0,-500,VV+EP+EF,*,F,받았ㄹ게,Inflect,VV,EF,받/VV/*+았/EP/*+ㄹ게/EF/*
받았자,0,0,-500,VV+EP+EF,*,F,받았자,Inflect,VV,EF,받/VV/*+았/EP/*+자/EF/*
받았으세요,0,0,-500,VV+EP+EF,*,F,받았으세요,Inflect,VV,EF,받/VV/*+았/EP/*+세요/EF/*
받았다,0,0,-500,VV+EP+EF,*,F,받았다,Inflect,VV,EF,받/VV/*+었/EP/*+다/EF/*
받았아요,0,0,-500,VV+EP+EF,*,F,받았아요,Inflect,VV,EF,받/VV/*+었/EP/*+요/EF/*
받았ㅂ니다,0,0,-500,VV+EP+EF,*,F,받았ㅂ니다,Inflect,VV,EF,받/VV/*+었/EP/*+ㅂ니다/EF/*
받았으습니다,0,0,-500,VV+EP+EF,*,F,받았으습니다,Inflect,VV,EF,받/VV/*+었/EP/*+습니다/EF/*
받았ㄹ까,0,0,-500,VV+EP+EF,*,F,받았ㄹ까,Inflect,VV,EF,받/VV/*+었/EP/*+ㄹ까/EF/*
받았ㄹ까요,0,0,-500,VV+EP+EF,*,F,받았ㄹ까요,Inflect,VV,EF,받/VV/*+었/EP/*+ㄹ까요/EF/*
받았ㄹ게요,0,0,-500,VV+EP+EF,*,F,받았ㄹ게요,Inflect,VV,EF,받/VV/*+었/EP/*+ㄹ게요/EF/*
받았ㄹ게,0,0,-500,VV+EP+EF,*,F,받았ㄹ게,Inflect,VV,EF,받/VV/*+었/EP/*+ㄹ게/EF/*
받았자,0,0,-500,VV+EP+EF,*,F,받았자,Inflect,VV,EF,받/VV/*+었/EP/*+자/EF/*
받았으세요,0,0,-500,VV+EP+EF,*,F,받았으세요,Inflect,VV,EF,받/VV/*+었/EP/*+세요/EF/*
받으시다,0,0,-500,VV+EP+EF,*,F,받으시다,Inflect,VV,EF,받/VV/*+시/EP/*+다/EF/*
받으셔요,0,0,-500,VV+EP+EF,*,F,받으셔요,Inflect,VV,EF,받/VV/*+시/EP/*+요/EF/*
받으십니다,0,0,-500,VV+EP+EF,*,F,받으십니다,Inflect,VV,EF,받/VV/*+시/EP/*+ㅂ니다/EF/*
받으시습니다,0,0,-500,VV+EP+EF,*,F,받으시습니다,Inflect,VV,EF,받/VV/*+시/EP/*+습니다/EF/*
받으실까,0,0,-500,VV+EP+EF,*,F,받으실까,Inflect,VV,EF,받/VV/*+시/EP/*+ㄹ까/EF/*
받으실까요,0,0,-500,VV+EP+EF,*,F,받으실까요,Inflect,VV,EF,받/VV/*+시/EP/*+ㄹ까요/EF/*
받으실게요,0,0,-500,VV+EP+EF,*,F,받으실게요,Inflect,VV,EF,받/VV/*+시/EP/*+ㄹ게요/EF/*
받으실게,0,0,-500,VV+EP+EF,*,F,받으실게,Inflect,VV,EF,받/VV/*+시/EP/*+ㄹ게/EF/*
받으시자,0,0,-500,VV+EP+EF,*,F,받으시자,Inflect,VV,EF,받/VV/*+시/EP/*+자/EF/*
받으시세요,0,0,-500,VV+EP+EF,*,F,받으시세요,Inflect,VV,EF,받/VV/*+시/EP/*+세요/EF/*
받겠다,0,0,-500,VV+EP+EF,*,F,받겠다,Inflect,VV,EF,받/VV/*+겠/EP/*+다/EF/*
받겠어요,0,0,-500,VV+EP+EF,*,F,받겠어요,Inflect,VV,EF,받/VV/*+겠/EP/*+요/EF/*
받겠ㅂ니다,0,0,-500,VV+EP+EF,*,F,받겠ㅂ니다,Inflect,VV,EF,받/VV/*+겠/EP/*+ㅂ니다/EF/*
받겠으습니다,0,0,-500,VV+EP+EF,*,F,받겠으습니다,Inflect,VV,EF,받/VV/*+겠/EP/*+습니다/EF/*
받겠ㄹ까,0,0,-500,VV+EP+EF,*,F,받겠ㄹ까,Inflect,VV,EF,받/VV/*+겠/EP/*+ㄹ까/EF/*
받겠ㄹ까요,0,0,-500,VV+EP+EF,*,F,받겠ㄹ까요,Inflect,VV,EF,받/VV/*+겠/EP/*+ㄹ까요/EF/*
받겠ㄹ게요,0,0,-500,VV+EP+EF,*,F,받겠ㄹ게요,Inflect,VV,EF,받/VV/*+겠/EP/*+ㄹ게요/EF/*
받겠ㄹ게,0,0,-500,VV+EP+EF,*,F,받겠ㄹ게,Inflect,VV,EF,받/VV/*+겠/EP/*+ㄹ게/EF/*
받겠자,0,0,-500,VV+EP+EF,*,F,받겠자,Inflect,VV,EF,받/VV/*+겠/EP/*+자/EF/*
받겠으세요,0,0,-500,VV+EP+EF,*,F,받겠으세요,Inflect,VV,EF,받/VV/*+겠/EP/*+세요/EF/*
먹는,0,0,-500,VV+ETM,*,T,먹는,Inflect,VV,ETM,먹/VV/*+는/ETM/*
먹ㄴ,0,0,-500,VV+ETM,*,F,먹ㄴ,Inflect,VV,ETM,먹/VV/*+ㄴ/ETM/*
먹으은,0,0,-500,VV+ETM,*,T,먹으은,Inflect,VV,ETM,먹/VV/*+은/ETM/*
먹ㄹ,0,0,-500,VV+ETM,*,F,먹ㄹ,Inflect,VV,ETM,먹/VV/*+ㄹ/ETM/*
먹으을,0,0,-500,VV+ETM,*,T,먹으을,Inflect,VV,ETM,먹/VV/*+을/ETM/*
먹고,0,0,-500,VV+EC,*,F,먹고,Inflect,VV,EC,먹/VV/*+고/EC/*
먹어서,0,0,-500,VV+EC,*,F,먹어서,Inflect,VV,EC,먹/VV/*+서/EC/*
먹으니까,0,0,-500,VV+EC,*,F,먹으니까,Inflect,VV,EC,먹/VV/*+니까/EC/*
먹으니,0,0,-500,VV+EC,*,F,먹으니,Inflect,VV,EC,먹/VV/*+니/EC/*
먹으면,0,0,-500,VV+EC,*,T,먹으면,Inflect,VV,EC,먹/VV/*+면/EC/*
먹지만,0,0,-500,VV+EC,*,T,먹지만,Inflect,VV,EC,먹/VV/*+지만/EC/*
먹는데,0,0,-500,VV+EC,*,F,먹는데,Inflect,VV,EC,먹/VV/*+는데/EC/*
먹ㄴ데,0,0,-500,VV+EC,*,F,먹ㄴ데,Inflect,VV,EC,먹/VV/*+ㄴ데/EC/*
먹으은데,0,0,-500,VV+EC,*,F,먹으은데,Inflect,VV,EC,먹/VV/*+은데/EC/*
먹으면서,0,0,-500,VV+EC,*,F,먹으면서,Inflect,VV,EC,먹/VV/*+면서/EC/*
먹으며,0,0,-500,VV+EC,*,F,먹으며,Inflect,VV,EC,먹/VV/*+며/EC/*
먹으러,0,0,-500,VV+EC,*,F,먹으러,Inflect,VV,EC,먹/VV/*+러/EC/*
먹으려고,0,0,-500,VV+EC,*,F,먹으려고,Inflect,VV,EC,먹/VV/*+려고/EC/*
먹으려,0,0,-500,VV+EC,*,F,먹으려,Inflect,VV,EC,먹/VV/*+려/EC/*
먹어도,0,0,-500,VV+EC,*,F,먹어도,Inflect,VV,EC,먹/VV/*+도/EC/*
먹다가,0,0,-500,VV+EC,*,F,먹다가,Inflect,VV,EC,먹/VV/*+다가/EC/*
먹자,0,0,-500,VV+EC,*,F,먹자,Inflect,VV,EC,먹/VV/*+자/EC/*
먹자마자,0,0,-500,VV+EC,*,F,먹자마자,Inflect,VV,EC,먹/VV/*+자마자/EC/*
먹고서,0,0,-500,VV+EC,*,F,먹고서,Inflect,VV,EC,먹/VV/*+고서/EC/*
먹고나서,0,0,-500,VV+EC,*,F,먹고나서,Inflect,VV,EC,먹/VV/*+고나서/EC/*
먹도록,0,0,-500,VV+EC,*,T,먹도록,Inflect,VV,EC,먹/VV/*+도록/EC/*
먹게,0,0,-500,VV+EC,*,F,먹게,Inflect,VV,EC,먹/VV/*+게/EC/*
먹더라도,0,0,-500,VV+EC,*,F,먹더라도,Inflect,VV,EC,먹/VV/*+더라도/EC/*
먹ㄹ지라도,0,0,-500,VV+EC,*,F,먹ㄹ지라도,Inflect,VV,EC,먹/VV/*+ㄹ지라도/EC/*
먹으을지라도,0,0,-500,VV+EC,*,F,먹으을지라도,Inflect,VV,EC,먹/VV/*+을지라도/EC/*
먹ㄹ수록,0,0,-500,VV+EC,*,T,먹ㄹ수록,Inflect,VV,EC,먹/VV/*+ㄹ수록/EC/*
먹으을수록,0,0,-500,VV+EC,*,T,먹으을수록,Inflect,VV,EC,먹/VV/*+을수록/EC/*
먹다고,0,0,-500,VV+EC,*,F,먹다고,Inflect,VV,EC,먹/VV/*+다고/EC/*
먹라고,0,0,-500,VV+EC,*,F,먹라고,Inflect,VV,EC,먹/VV/*+라고/EC/*
먹냐고,0,0,-500,VV+EC,*,F,먹냐고,Inflect,VV,EC,먹/VV/*+냐고/EC/*
먹지,0,0,-500,VV+EC,*,F,먹지,Inflect,VV,EC,먹/VV/*+지/EC/*
먹거나,0,0,-500,VV+EC,*,F,먹거나,Inflect,VV,EC,먹/VV/*+거나/EC/*
먹든지,0,0,-500,VV+EC,*,F,먹든지,Inflect,VV,EC,먹/VV/*+든지/EC/*
먹듯이,0,0,-500,VV+EC,*,F,먹듯이,Inflect,VV,EC,먹/VV/*+듯이/EC/*
먹듯,0,0,-500,VV+EC,*,T,먹듯,Inflect,VV,EC,먹/VV/*+듯/EC/*
먹다,0,0,-500,VV+EF,*,F,먹다,Inflect,VV,EF,먹/VV/*+다/EF/*
먹어요,0,0,-500,VV+EF,*,F,먹어요,Inflect,VV,EF,먹/VV/*+요/EF/*
먹ㅂ니다,0,0,-500,VV+EF,*,F,먹ㅂ니다,Inflect,VV,EF,먹/VV/*+ㅂ니다/EF/*
먹으습니다,0,0,-500,VV+EF,*,F,먹으습니다,Inflect,VV,EF,먹/VV/*+습니다/EF/*
먹ㄹ까,0,0,-500,VV+EF,*,F,먹ㄹ까,Inflect,VV,EF,먹/VV/*+ㄹ까/EF/*
먹ㄹ까요,0,0,-500,VV+EF,*,F,먹ㄹ까요,Inflect,VV,EF,먹/VV/*+ㄹ까요/EF/*
먹ㄹ게요,0,0,-500,VV+EF,*,F,먹ㄹ게요,Inflect,VV,EF,먹/VV/*+ㄹ게요/EF/*
먹ㄹ게,0,0,-500,VV+EF,*,F,먹ㄹ게,Inflect,VV,EF,먹/VV/*+ㄹ게/EF/*
먹자,0,0,-500,VV+EF,*,F,먹자,Inflect,VV,EF,먹/VV/*+자/EF/*
먹으세요,0,0,-500,VV+EF,*,F,먹으세요,Inflect,VV,EF,먹/VV/*+세요/EF/*
먹었다,0,0,-500,VV+EP+EF,*,F,먹었다,Inflect,VV,EF,먹/VV/*+았/EP/*+다/EF/*
먹었어요,0,0,-500,VV+EP+EF,*,F,먹었어요,Inflect,VV,EF,먹/VV/*+았/EP/*+요/EF/*
먹었ㅂ니다,0,0,-500,VV+EP+EF,*,F,먹었ㅂ니다,Inflect,VV,EF,먹/VV/*+았/EP/*+ㅂ니다/EF/*
먹었으습니다,0,0,-500,VV+EP+EF,*,F,먹었으습니다,Inflect,VV,EF,먹/VV/*+았/EP/*+습니다/EF/*
먹었ㄹ까,0,0,-500,VV+EP+EF,*,F,먹었ㄹ까,Inflect,VV,EF,먹/VV/*+았/EP/*+ㄹ까/EF/*
먹었ㄹ까요,0,0,-500,VV+EP+EF,*,F,먹었ㄹ까요,Inflect,VV,EF,먹/VV/*+았/EP/*+ㄹ까요/EF/*
먹었ㄹ게요,0,0,-500,VV+EP+EF,*,F,먹었ㄹ게요,Inflect,VV,EF,먹/VV/*+았/EP/*+ㄹ게요/EF/*
먹었ㄹ게,0,0,-500,VV+EP+EF,*,F,먹었ㄹ게,Inflect,VV,EF,먹/VV/*+았/EP/*+ㄹ게/EF/*
먹었자,0,0,-500,VV+EP+EF,*,F,먹었자,Inflect,VV,EF,먹/VV/*+았/EP/*+자/EF/*
먹었으세요,0,0,-500,VV+EP+EF,*,F,먹었으세요,Inflect,VV,EF,먹/VV/*+았/EP/*+세요/EF/*
먹었다,0,0,-500,VV+EP+EF,*,F,먹었다,Inflect,VV,EF,먹/VV/*+었/EP/*+다/EF/*
먹었어요,0,0,-500,VV+EP+EF,*,F,먹었어요,Inflect,VV,EF,먹/VV/*+었/EP/*+요/EF/*
먹었ㅂ니다,0,0,-500,VV+EP+EF,*,F,먹었ㅂ니다,Inflect,VV,EF,먹/VV/*+었/EP/*+ㅂ니다/EF/*
먹었으습니다,0,0,-500,VV+EP+EF,*,F,먹었으습니다,Inflect,VV,EF,먹/VV/*+었/EP/*+습니다/EF/*
먹었ㄹ까,0,0,-500,VV+EP+EF,*,F,먹었ㄹ까,Inflect,VV,EF,먹/VV/*+었/EP/*+ㄹ까/EF/*
먹었ㄹ까요,0,0,-500,VV+EP+EF,*,F,먹었ㄹ까요,Inflect,VV,EF,먹/VV/*+었/EP/*+ㄹ까요/EF/*
먹었ㄹ게요,0,0,-500,VV+EP+EF,*,F,먹었ㄹ게요,Inflect,VV,EF,먹/VV/*+었/EP/*+ㄹ게요/EF/*
먹었ㄹ게,0,0,-500,VV+EP+EF,*,F,먹었ㄹ게,Inflect,VV,EF,먹/VV/*+었/EP/*+ㄹ게/EF/*
먹었자,0,0,-500,VV+EP+EF,*,F,먹었자,Inflect,VV,EF,먹/VV/*+었/EP/*+자/EF/*
먹었으세요,0,0,-500,VV+EP+EF,*,F,먹었으세요,Inflect,VV,EF,먹/VV/*+었/EP/*+세요/EF/*
먹으시다,0,0,-500,VV+EP+EF,*,F,먹으시다,Inflect,VV,EF,먹/VV/*+시/EP/*+다/EF/*
먹으셔요,0,0,-500,VV+EP+EF,*,F,먹으셔요,Inflect,VV,EF,먹/VV/*+시/EP/*+요/EF/*
먹으십니다,0,0,-500,VV+EP+EF,*,F,먹으십니다,Inflect,VV,EF,먹/VV/*+시/EP/*+ㅂ니다/EF/*
먹으시습니다,0,0,-500,VV+EP+EF,*,F,먹으시습니다,Inflect,VV,EF,먹/VV/*+시/EP/*+습니다/EF/*
먹으실까,0,0,-500,VV+EP+EF,*,F,먹으실까,Inflect,VV,EF,먹/VV/*+시/EP/*+ㄹ까/EF/*
먹으실까요,0,0,-500,VV+EP+EF,*,F,먹으실까요,Inflect,VV,EF,먹/VV/*+시/EP/*+ㄹ까요/EF/*
먹으실게요,0,0,-500,VV+EP+EF,*,F,먹으실게요,Inflect,VV,EF,먹/VV/*+시/EP/*+ㄹ게요/EF/*
먹으실게,0,0,-500,VV+EP+EF,*,F,먹으실게,Inflect,VV,EF,먹/VV/*+시/EP/*+ㄹ게/EF/*
먹으시자,0,0,-500,VV+EP+EF,*,F,먹으시자,Inflect,VV,EF,먹/VV/*+시/EP/*+자/EF/*
먹으시세요,0,0,-500,VV+EP+EF,*,F,먹으시세요,Inflect,VV,EF,먹/VV/*+시/EP/*+세요/EF/*
먹겠다,0,0,-500,VV+EP+EF,*,F,먹겠다,Inflect,VV,EF,먹/VV/*+겠/EP/*+다/EF/*
먹겠어요,0,0,-500,VV+EP+EF,*,F,먹겠어요,Inflect,VV,EF,먹/VV/*+겠/EP/*+요/EF/*
먹겠ㅂ니다,0,0,-500,VV+EP+EF,*,F,먹겠ㅂ니다,Inflect,VV,EF,먹/VV/*+겠/EP/*+ㅂ니다/EF/*
먹겠으습니다,0,0,-500,VV+EP+EF,*,F,먹겠으습니다,Inflect,VV,EF,먹/VV/*+겠/EP/*+습니다/EF/*
먹겠ㄹ까,0,0,-500,VV+EP+EF,*,F,먹겠ㄹ까,Inflect,VV,EF,먹/VV/*+겠/EP/*+ㄹ까/EF/*
먹겠ㄹ까요,0,0,-500,VV+EP+EF,*,F,먹겠ㄹ까요,Inflect,VV,EF,먹/VV/*+겠/EP/*+ㄹ까요/EF/*
먹겠ㄹ게요,0,0,-500,VV+EP+EF,*,F,먹겠ㄹ게요,Inflect,VV,EF,먹/VV/*+겠/EP/*+ㄹ게요/EF/*
먹겠ㄹ게,0,0,-500,VV+EP+EF,*,F,먹겠ㄹ게,Inflect,VV,EF,먹/VV/*+겠/EP/*+ㄹ게/EF/*
먹겠자,0,0,-500,VV+EP+EF,*,F,먹겠자,Inflect,VV,EF,먹/VV/*+겠/EP/*+자/EF/*
먹겠으세요,0,0,-500,VV+EP+EF,*,F,먹겠으세요,Inflect,VV,EF,먹/VV/*+겠/EP/*+세요/EF/*
자는,0,0,-500,VV+ETM,*,T,자는,Inflect,VV,ETM,자/VV/*+는/ETM/*
잔,0,0,-500,VV+ETM,*,T,잔,Inflect,VV,ETM,자/VV/*+ㄴ/ETM/*
자은,0,0,-500,VV+ETM,*,T,자은,Inflect,VV,ETM,자/VV/*+은/ETM/*
잘,0,0,-500,VV+ETM,*,T,잘,Inflect,VV,ETM,자/VV/*+ㄹ/ETM/*
자을,0,0,-500,VV+ETM,*,T,자을,Inflect,VV,ETM,자/VV/*+을/ETM/*
자고,0,0,-500,VV+EC,*,F,자고,Inflect,VV,EC,자/VV/*+고/EC/*
자서,0,0,-500,VV+EC,*,F,자서,Inflect,VV,EC,자/VV/*+서/EC/*
자니까,0,0,-500,VV+EC,*,F,자니까,Inflect,VV,EC,자/VV/*+니까/EC/*
자니,0,0,-500,VV+EC,*,F,자니,Inflect,VV,EC,자/VV/*+니/EC/*
자면,0,0,-500,VV+EC,*,T,자면,Inflect,VV,EC,자/VV/*+면/EC/*
자지만,0,0,-500,VV+EC,*,T,자지만,Inflect,VV,EC,자/VV/*+지만/EC/*
자는데,0,0,-500,VV+EC,*,F,자는데,Inflect,VV,EC,자/VV/*+는데/EC/*
잔데,0,0,-500,VV+EC,*,F,잔데,Inflect,VV,EC,자/VV/*+ㄴ데/EC/*
자은데,0,0,-500,VV+EC,*,F,자은데,Inflect,VV,EC,자/VV/*+은데/EC/*
자면서,0,0,-500,VV+EC,*,F,자면서,Inflect,VV,EC,자/VV/*+면서/EC/*
자며,0,0,-500,VV+EC,*,F,자며,Inflect,VV,EC,자/VV/*+며/EC/*
자러,0,0,-500,VV+EC,*,F,자러,Inflect,VV,EC,자/VV/*+러/EC/*
자려고,0,0,-500,VV+EC,*,F,자려고,Inflect,VV,EC,자/VV/*+려고/EC/*
자려,0,0,-500,VV+EC,*,F,자려,Inflect,VV,EC,자/VV/*+려/EC/*
자도,0,0,-500,VV+EC,*,F,자도,Inflect,VV,EC,자/VV/*+도/EC/*
자다가,0,0,-500,VV+EC,*,F,자다가,Inflect,VV,EC,자/VV/*+다가/EC/*
자자,0,0,-500,VV+EC,*,F,자자,Inflect,VV,EC,자/VV/*+자/EC/*
자자마자,0,0,-500,VV+EC,*,F,자자마자,Inflect,VV,EC,자/VV/*+자마자/EC/*
자고서,0,0,-500,VV+EC,*,F,자고서,Inflect,VV,EC,자/VV/*+고서/EC/*
자고나서,0,0,-500,VV+EC,*,F,자고나서,Inflect,VV,EC,자/VV/*+고나서/EC/*
자도록,0,0,-500,VV+EC,*,T,자도록,Inflect,VV,EC,자/VV/*+도록/EC/*
자게,0,0,-500,VV+EC,*,F,자게,Inflect,VV,EC,자/VV/*+게/EC/*
자더라도,0,0,-500,VV+EC,*,F,자더라도,Inflect,VV,EC,자/VV/*+더라도/EC/*
잘지라도,0,0,-500,VV+EC,*,F,잘지라도,Inflect,VV,EC,자/VV/*+ㄹ지라도/EC/*
자을지라도,0,0,-500,VV+EC,*,F,자을지라도,Inflect,VV,EC,자/VV/*+을지라도/EC/*
잘수록,0,0,-500,VV+EC,*,T,잘수록,Inflect,VV,EC,자/VV/*+ㄹ수록/EC/*
자을수록,0,0,-500,VV+EC,*,T,자을수록,Inflect,VV,EC,자/VV/*+을수록/EC/*
자다고,0,0,-500,VV+EC,*,F,자다고,Inflect,VV,EC,자/VV/*+다고/EC/*
자라고,0,0,-500,VV+EC,*,F,자라고,Inflect,VV,EC,자/VV/*+라고/EC/*
자냐고,0,0,-500,VV+EC,*,F,자냐고,Inflect,VV,EC,자/VV/*+냐고/EC/*
자지,0,0,-500,VV+EC,*,F,자지,Inflect,VV,EC,자/VV/*+지/EC/*
자거나,0,0,-500,VV+EC,*,F,자거나,Inflect,VV,EC,자/VV/*+거나/EC/*
자든지,0,0,-500,VV+EC,*,F,자든지,Inflect,VV,EC,자/VV/*+든지/EC/*
자듯이,0,0,-500,VV+EC,*,F,자듯이,Inflect,VV,EC,자/VV/*+듯이/EC/*
자듯,0,0,-500,VV+EC,*,T,자듯,Inflect,VV,EC,자/VV/*+듯/EC/*
자다,0,0,-500,VV+EF,*,F,자다,Inflect,VV,EF,자/VV/*+다/EF/*
자요,0,0,-500,VV+EF,*,F,자요,Inflect,VV,EF,자/VV/*+요/EF/*
잡니다,0,0,-500,VV+EF,*,F,잡니다,Inflect,VV,EF,자/VV/*+ㅂ니다/EF/*
자습니다,0,0,-500,VV+EF,*,F,자습니다,Inflect,VV,EF,자/VV/*+습니다/EF/*
잘까,0,0,-500,VV+EF,*,F,잘까,Inflect,VV,EF,자/VV/*+ㄹ까/EF/*
잘까요,0,0,-500,VV+EF,*,F,잘까요,Inflect,VV,EF,자/VV/*+ㄹ까요/EF/*
잘게요,0,0,-500,VV+EF,*,F,잘게요,Inflect,VV,EF,자/VV/*+ㄹ게요/EF/*
잘게,0,0,-500,VV+EF,*,F,잘게,Inflect,VV,EF,자/VV/*+ㄹ게/EF/*
자자,0,0,-500,VV+EF,*,F,자자,Inflect,VV,EF,자/VV/*+자/EF/*
자세요,0,0,-500,VV+EF,*,F,자세요,Inflect,VV,EF,자/VV/*+세요/EF/*
잤다,0,0,-500,VV+EP+EF,*,F,잤다,Inflect,VV,EF,자/VV/*+았/EP/*+다/EF/*
잤아요,0,0,-500,VV+EP+EF,*,F,잤아요,Inflect,VV,EF,자/VV/*+았/EP/*+요/EF/*
잤ㅂ니다,0,0,-500,VV+EP+EF,*,F,잤ㅂ니다,Inflect,VV,EF,자/VV/*+았/EP/*+ㅂ니다/EF/*
잤으습니다,0,0,-500,VV+EP+EF,*,F,잤으습니다,Inflect,VV,EF,자/VV/*+았/EP/*+습니다/EF/*
잤ㄹ까,0,0,-500,VV+EP+EF,*,F,잤ㄹ까,Inflect,VV,EF,자/VV/*+았/EP/*+ㄹ까/EF/*
잤ㄹ까요,0,0,-500,VV+EP+EF,*,F,잤ㄹ까요,Inflect,VV,EF,자/VV/*+았/EP/*+ㄹ까요/EF/*
잤ㄹ게요,0,0,-500,VV+EP+EF,*,F,잤ㄹ게요,Inflect,VV,EF,자/VV/*+았/EP/*+ㄹ게요/EF/*
잤ㄹ게,0,0,-500,VV+EP+EF,*,F,잤ㄹ게,Inflect,VV,EF,자/VV/*+았/EP/*+ㄹ게/EF/*
잤자,0,0,-500,VV+EP+EF,*,F,잤자,Inflect,VV,EF,자/VV/*+았/EP/*+자/EF/*
잤으세요,0,0,-500,VV+EP+EF,*,F,잤으세요,Inflect,VV,EF,자/VV/*+았/EP/*+세요/EF/*
잤다,0,0,-500,VV+EP+EF,*,F,잤다,Inflect,VV,EF,자/VV/*+었/EP/*+다/EF/*
잤아요,0,0,-500,VV+EP+EF,*,F,잤아요,Inflect,VV,EF,자/VV/*+었/EP/*+요/EF/*
잤ㅂ니다,0,0,-500,VV+EP+EF,*,F,잤ㅂ니다,Inflect,VV,EF,자/VV/*+었/EP/*+ㅂ니다/EF/*
잤으습니다,0,0,-500,VV+EP+EF,*,F,잤으습니다,Inflect,VV,EF,자/VV/*+었/EP/*+습니다/EF/*
잤ㄹ까,0,0,-500,VV+EP+EF,*,F,잤ㄹ까,Inflect,VV,EF,자/VV/*+었/EP/*+ㄹ까/EF/*
잤ㄹ까요,0,0,-500,VV+EP+EF,*,F,잤ㄹ까요,Inflect,VV,EF,자/VV/*+었/EP/*+ㄹ까요/EF/*
잤ㄹ게요,0,0,-500,VV+EP+EF,*,F,잤ㄹ게요,Inflect,VV,EF,자/VV/*+었/EP/*+ㄹ게요/EF/*
잤ㄹ게,0,0,-500,VV+EP+EF,*,F,잤ㄹ게,Inflect,VV,EF,자/VV/*+었/EP/*+ㄹ게/EF/*
잤자,0,0,-500,VV+EP+EF,*,F,잤자,Inflect,VV,EF,자/VV/*+었/EP/*+자/EF/*
잤으세요,0,0,-500,VV+EP+EF,*,F,잤으세요,Inflect,VV,EF,자/VV/*+었/EP/*+세요/EF/*
자시다,0,0,-500,VV+EP+EF,*,F,자시다,Inflect,VV,EF,자/VV/*+시/EP/*+다/EF/*
자셔요,0,0,-500,VV+EP+EF,*,F,자셔요,Inflect,VV,EF,자/VV/*+시/EP/*+요/EF/*
자십니다,0,0,-500,VV+EP+EF,*,F,자십니다,Inflect,VV,EF,자/VV/*+시/EP/*+ㅂ니다/EF/*
자시습니다,0,0,-500,VV+EP+EF,*,F,자시습니다,Inflect,VV,EF,자/VV/*+시/EP/*+습니다/EF/*
자실까,0,0,-500,VV+EP+EF,*,F,자실까,Inflect,VV,EF,자/VV/*+시/EP/*+ㄹ까/EF/*
자실까요,0,0,-500,VV+EP+EF,*,F,자실까요,Inflect,VV,EF,자/VV/*+시/EP/*+ㄹ까요/EF/*
자실게요,0,0,-500,VV+EP+EF,*,F,자실게요,Inflect,VV,EF,자/VV/*+시/EP/*+ㄹ게요/EF/*
자실게,0,0,-500,VV+EP+EF,*,F,자실게,Inflect,VV,EF,자/VV/*+시/EP/*+ㄹ게/EF/*
자시자,0,0,-500,VV+EP+EF,*,F,자시자,Inflect,VV,EF,자/VV/*+시/EP/*+자/EF/*
자시세요,0,0,-500,VV+EP+EF,*,F,자시세요,Inflect,VV,EF,자/VV/*+시/EP/*+세요/EF/*
자겠다,0,0,-500,VV+EP+EF,*,F,자겠다,Inflect,VV,EF,자/VV/*+겠/EP/*+다/EF/*
자겠어요,0,0,-500,VV+EP+EF,*,F,자겠어요,Inflect,VV,EF,자/VV/*+겠/EP/*+요/EF/*
자겠ㅂ니다,0,0,-500,VV+EP+EF,*,F,자겠ㅂ니다,Inflect,VV,EF,자/VV/*+겠/EP/*+ㅂ니다/EF/*
자겠으습니다,0,0,-500,VV+EP+EF,*,F,자겠으습니다,Inflect,VV,EF,자/VV/*+겠/EP/*+습니다/EF/*
자겠ㄹ까,0,0,-500,VV+EP+EF,*,F,자겠ㄹ까,Inflect,VV,EF,자/VV/*+겠/EP/*+ㄹ까/EF/*
자겠ㄹ까요,0,0,-500,VV+EP+EF,*,F,자겠ㄹ까요,Inflect,VV,EF,자/VV/*+겠/EP/*+ㄹ까요/EF/*
자겠ㄹ게요,0,0,-500,VV+EP+EF,*,F,자겠ㄹ게요,Inflect,VV,EF,자/VV/*+겠/EP/*+ㄹ게요/EF/*
자겠ㄹ게,0,0,-500,VV+EP+EF,*,F,자겠ㄹ게,Inflect,VV,EF,자/VV/*+겠/EP/*+ㄹ게/EF/*
자겠자,0,0,-500,VV+EP+EF,*,F,자겠자,Inflect,VV,EF,자/VV/*+겠/EP/*+자/EF/*
자겠으세요,0,0,-500,VV+EP+EF,*,F,자겠으세요,Inflect,VV,EF,자/VV/*+겠/EP/*+세요/EF/*
읽는,0,0,-500,VV+ETM,*,T,읽는,Inflect,VV,ETM,읽/VV/*+는/ETM/*
읽ㄴ,0,0,-500,VV+ETM,*,F,읽ㄴ,Inflect,VV,ETM,읽/VV/*+ㄴ/ETM/*
읽으은,0,0,-500,VV+ETM,*,T,읽으은,Inflect,VV,ETM,읽/VV/*+은/ETM/*
읽ㄹ,0,0,-500,VV+ETM,*,F,읽ㄹ,Inflect,VV,ETM,읽/VV/*+ㄹ/ETM/*
읽으을,0,0,-500,VV+ETM,*,T,읽으을,Inflect,VV,ETM,읽/VV/*+을/ETM/*
읽고,0,0,-500,VV+EC,*,F,읽고,Inflect,VV,EC,읽/VV/*+고/EC/*
읽어서,0,0,-500,VV+EC,*,F,읽어서,Inflect,VV,EC,읽/VV/*+서/EC/*
읽으니까,0,0,-500,VV+EC,*,F,읽으니까,Inflect,VV,EC,읽/VV/*+니까/EC/*
읽으니,0,0,-500,VV+EC,*,F,읽으니,Inflect,VV,EC,읽/VV/*+니/EC/*
읽으면,0,0,-500,VV+EC,*,T,읽으면,Inflect,VV,EC,읽/VV/*+면/EC/*
읽지만,0,0,-500,VV+EC,*,T,읽지만,Inflect,VV,EC,읽/VV/*+지만/EC/*
읽는데,0,0,-500,VV+EC,*,F,읽는데,Inflect,VV,EC,읽/VV/*+는데/EC/*
읽ㄴ데,0,0,-500,VV+EC,*,F,읽ㄴ데,Inflect,VV,EC,읽/VV/*+ㄴ데/EC/*
읽으은데,0,0,-500,VV+EC,*,F,읽으은데,Inflect,VV,EC,읽/VV/*+은데/EC/*
읽으면서,0,0,-500,VV+EC,*,F,읽으면서,Inflect,VV,EC,읽/VV/*+면서/EC/*
읽으며,0,0,-500,VV+EC,*,F,읽으며,Inflect,VV,EC,읽/VV/*+며/EC/*
읽으러,0,0,-500,VV+EC,*,F,읽으러,Inflect,VV,EC,읽/VV/*+러/EC/*
읽으려고,0,0,-500,VV+EC,*,F,읽으려고,Inflect,VV,EC,읽/VV/*+려고/EC/*
읽으려,0,0,-500,VV+EC,*,F,읽으려,Inflect,VV,EC,읽/VV/*+려/EC/*
읽어도,0,0,-500,VV+EC,*,F,읽어도,Inflect,VV,EC,읽/VV/*+도/EC/*
읽다가,0,0,-500,VV+EC,*,F,읽다가,Inflect,VV,EC,읽/VV/*+다가/EC/*
읽자,0,0,-500,VV+EC,*,F,읽자,Inflect,VV,EC,읽/VV/*+자/EC/*
읽자마자,0,0,-500,VV+EC,*,F,읽자마자,Inflect,VV,EC,읽/VV/*+자마자/EC/*
읽고서,0,0,-500,VV+EC,*,F,읽고서,Inflect,VV,EC,읽/VV/*+고서/EC/*
읽고나서,0,0,-500,VV+EC,*,F,읽고나서,Inflect,VV,EC,읽/VV/*+고나서/EC/*
읽도록,0,0,-500,VV+EC,*,T,읽도록,Inflect,VV,EC,읽/VV/*+도록/EC/*
읽게,0,0,-500,VV+EC,*,F,읽게,Inflect,VV,EC,읽/VV/*+게/EC/*
읽더라도,0,0,-500,VV+EC,*,F,읽더라도,Inflect,VV,EC,읽/VV/*+더라도/EC/*
읽ㄹ지라도,0,0,-500,VV+EC,*,F,읽ㄹ지라도,Inflect,VV,EC,읽/VV/*+ㄹ지라도/EC/*
읽으을지라도,0,0,-500,VV+EC,*,F,읽으을지라도,Inflect,VV,EC,읽/VV/*+을지라도/EC/*
읽ㄹ수록,0,0,-500,VV+EC,*,T,읽ㄹ수록,Inflect,VV,EC,읽/VV/*+ㄹ수록/EC/*
읽으을수록,0,0,-500,VV+EC,*,T,읽으을수록,Inflect,VV,EC,읽/VV/*+을수록/EC/*
읽다고,0,0,-500,VV+EC,*,F,읽다고,Inflect,VV,EC,읽/VV/*+다고/EC/*
읽라고,0,0,-500,VV+EC,*,F,읽라고,Inflect,VV,EC,읽/VV/*+라고/EC/*
읽냐고,0,0,-500,VV+EC,*,F,읽냐고,Inflect,VV,EC,읽/VV/*+냐고/EC/*
읽지,0,0,-500,VV+EC,*,F,읽지,Inflect,VV,EC,읽/VV/*+지/EC/*
읽거나,0,0,-500,VV+EC,*,F,읽거나,Inflect,VV,EC,읽/VV/*+거나/EC/*
읽든지,0,0,-500,VV+EC,*,F,읽든지,Inflect,VV,EC,읽/VV/*+든지/EC/*
읽듯이,0,0,-500,VV+EC,*,F,읽듯이,Inflect,VV,EC,읽/VV/*+듯이/EC/*
읽듯,0,0,-500,VV+EC,*,T,읽듯,Inflect,VV,EC,읽/VV/*+듯/EC/*
읽다,0,0,-500,VV+EF,*,F,읽다,Inflect,VV,EF,읽/VV/*+다/EF/*
읽어요,0,0,-500,VV+EF,*,F,읽어요,Inflect,VV,EF,읽/VV/*+요/EF/*
읽ㅂ니다,0,0,-500,VV+EF,*,F,읽ㅂ니다,Inflect,VV,EF,읽/VV/*+ㅂ니다/EF/*
읽으습니다,0,0,-500,VV+EF,*,F,읽으습니다,Inflect,VV,EF,읽/VV/*+습니다/EF/*
읽ㄹ까,0,0,-500,VV+EF,*,F,읽ㄹ까,Inflect,VV,EF,읽/VV/*+ㄹ까/EF/*
읽ㄹ까요,0,0,-500,VV+EF,*,F,읽ㄹ까요,Inflect,VV,EF,읽/VV/*+ㄹ까요/EF/*
읽ㄹ게요,0,0,-500,VV+EF,*,F,읽ㄹ게요,Inflect,VV,EF,읽/VV/*+ㄹ게요/EF/*
읽ㄹ게,0,0,-500,VV+EF,*,F,읽ㄹ게,Inflect,VV,EF,읽/VV/*+ㄹ게/EF/*
읽자,0,0,-500,VV+EF,*,F,읽자,Inflect,VV,EF,읽/VV/*+자/EF/*
읽으세요,0,0,-500,VV+EF,*,F,읽으세요,Inflect,VV,EF,읽/VV/*+세요/EF/*
읽었다,0,0,-500,VV+EP+EF,*,F,읽었다,Inflect,VV,EF,읽/VV/*+았/EP/*+다/EF/*
읽었어요,0,0,-500,VV+EP+EF,*,F,읽었어요,Inflect,VV,EF,읽/VV/*+았/EP/*+요/EF/*
읽었ㅂ니다,0,0,-500,VV+EP+EF,*,F,읽었ㅂ니다,Inflect,VV,EF,읽/VV/*+았/EP/*+ㅂ니다/EF/*
읽었으습니다,0,0,-500,VV+EP+EF,*,F,읽었으습니다,Inflect,VV,EF,읽/VV/*+았/EP/*+습니다/EF/*
읽었ㄹ까,0,0,-500,VV+EP+EF,*,F,읽었ㄹ까,Inflect,VV,EF,읽/VV/*+았/EP/*+ㄹ까/EF/*
읽었ㄹ까요,0,0,-500,VV+EP+EF,*,F,읽었ㄹ까요,Inflect,VV,EF,읽/VV/*+았/EP/*+ㄹ까요/EF/*
읽었ㄹ게요,0,0,-500,VV+EP+EF,*,F,읽었ㄹ게요,Inflect,VV,EF,읽/VV/*+았/EP/*+ㄹ게요/EF/*
읽었ㄹ게,0,0,-500,VV+EP+EF,*,F,읽었ㄹ게,Inflect,VV,EF,읽/VV/*+았/EP/*+ㄹ게/EF/*
읽었자,0,0,-500,VV+EP+EF,*,F,읽었자,Inflect,VV,EF,읽/VV/*+았/EP/*+자/EF/*
읽었으세요,0,0,-500,VV+EP+EF,*,F,읽었으세요,Inflect,VV,EF,읽/VV/*+았/EP/*+세요/EF/*
읽었다,0,0,-500,VV+EP+EF,*,F,읽었다,Inflect,VV,EF,읽/VV/*+었/EP/*+다/EF/*
읽었어요,0,0,-500,VV+EP+EF,*,F,읽었어요,Inflect,VV,EF,읽/VV/*+었/EP/*+요/EF/*
읽었ㅂ니다,0,0,-500,VV+EP+EF,*,F,읽었ㅂ니다,Inflect,VV,EF,읽/VV/*+었/EP/*+ㅂ니다/EF/*
읽었으습니다,0,0,-500,VV+EP+EF,*,F,읽었으습니다,Inflect,VV,EF,읽/VV/*+었/EP/*+습니다/EF/*
읽었ㄹ까,0,0,-500,VV+EP+EF,*,F,읽었ㄹ까,Inflect,VV,EF,읽/VV/*+었/EP/*+ㄹ까/EF/*
읽었ㄹ까요,0,0,-500,VV+EP+EF,*,F,읽었ㄹ까요,Inflect,VV,EF,읽/VV/*+었/EP/*+ㄹ까요/EF/*
읽었ㄹ게요,0,0,-500,VV+EP+EF,*,F,읽었ㄹ게요,Inflect,VV,EF,읽/VV/*+었/EP/*+ㄹ게요/EF/*
읽었ㄹ게,0,0,-500,VV+EP+EF,*,F,읽었ㄹ게,Inflect,VV,EF,읽/VV/*+었/EP/*+ㄹ게/EF/*
읽었자,0,0,-500,VV+EP+EF,*,F,읽었자,Inflect,VV,EF,읽/VV/*+었/EP/*+자/EF/*
읽었으세요,0,0,-500,VV+EP+EF,*,F,읽었으세요,Inflect,VV,EF,읽/VV/*+었/EP/*+세요/EF/*
읽으시다,0,0,-500,VV+EP+EF,*,F,읽으시다,Inflect,VV,EF,읽/VV/*+시/EP/*+다/EF/*
읽으셔요,0,0,-500,VV+EP+EF,*,F,읽으셔요,Inflect,VV,EF,읽/VV/*+시/EP/*+요/EF/*
읽으십니다,0,0,-500,VV+EP+EF,*,F,읽으십니다,Inflect,VV,EF,읽/VV/*+시/EP/*+ㅂ니다/EF/*
읽으시습니다,0,0,-500,VV+EP+EF,*,F,읽으시습니다,Inflect,VV,EF,읽/VV/*+시/EP/*+습니다/EF/*
읽으실까,0,0,-500,VV+EP+EF,*,F,읽으실까,Inflect,VV,EF,읽/VV/*+시/EP/*+ㄹ까/EF/*
읽으실까요,0,0,-500,VV+EP+EF,*,F,읽으실까요,Inflect,VV,EF,읽/VV/*+시/EP/*+ㄹ까요/EF/*
읽으실게요,0,0,-500,VV+EP+EF,*,F,읽으실게요,Inflect,VV,EF,읽/VV/*+시/EP/*+ㄹ게요/EF/*
읽으실게,0,0,-500,VV+EP+EF,*,F,읽으실게,Inflect,VV,EF,읽/VV/*+시/EP/*+ㄹ게/EF/*
읽으시자,0,0,-500,VV+EP+EF,*,F,읽으시자,Inflect,VV,EF,읽/VV/*+시/EP/*+자/EF/*
읽으시세요,0,0,-500,VV+EP+EF,*,F,읽으시세요,Inflect,VV,EF,읽/VV/*+시/EP/*+세요/EF/*
읽겠다,0,0,-500,VV+EP+EF,*,F,읽겠다,Inflect,VV,EF,읽/VV/*+겠/EP/*+다/EF/*
읽겠어요,0,0,-500,VV+EP+EF,*,F,읽겠어요,Inflect,VV,EF,읽/VV/*+겠/EP/*+요/EF/*
읽겠ㅂ니다,0,0,-500,VV+EP+EF,*,F,읽겠ㅂ니다,Inflect,VV,EF,읽/VV/*+겠/EP/*+ㅂ니다/EF/*
읽겠으습니다,0,0,-500,VV+EP+EF,*,F,읽겠으습니다,Inflect,VV,EF,읽/VV/*+겠/EP/*+습니다/EF/*
읽겠ㄹ까,0,0,-500,VV+EP+EF,*,F,읽겠ㄹ까,Inflect,VV,EF,읽/VV/*+겠/EP/*+ㄹ까/EF/*
읽겠ㄹ까요,0,0,-500,VV+EP+EF,*,F,읽겠ㄹ까요,Inflect,VV,EF,읽/VV/*+겠/EP/*+ㄹ까요/EF/*
읽겠ㄹ게요,0,0,-500,VV+EP+EF,*,F,읽겠ㄹ게요,Inflect,VV,EF,읽/VV/*+겠/EP/*+ㄹ게요/EF/*
읽겠ㄹ게,0,0,-500,VV+EP+EF,*,F,읽겠ㄹ게,Inflect,VV,EF,읽/VV/*+겠/EP/*+ㄹ게/EF/*
읽겠자,0,0,-500,VV+EP+EF,*,F,읽겠자,Inflect,VV,EF,읽/VV/*+겠/EP/*+자/EF/*
읽겠으세요,0,0,-500,VV+EP+EF,*,F,읽겠으세요,Inflect,VV,EF,읽/VV/*+겠/EP/*+세요/EF/*
쓰는,0,0,-500,VV+ETM,*,T,쓰는,Inflect,VV,ETM,쓰/VV/*+는/ETM/*
쓴,0,0,-500,VV+ETM,*,T,쓴,Inflect,VV,ETM,쓰/VV/*+ㄴ/ETM/*
쓰은,0,0,-500,VV+ETM,*,T,쓰은,Inflect,VV,ETM,쓰/VV/*+은/ETM/*
쓸,0,0,-500,VV+ETM,*,T,쓸,Inflect,VV,ETM,쓰/VV/*+ㄹ/ETM/*
쓰을,0,0,-500,VV+ETM,*,T,쓰을,Inflect,VV,ETM,쓰/VV/*+을/ETM/*
쓰고,0,0,-500,VV+EC,*,F,쓰고,Inflect,VV,EC,쓰/VV/*+고/EC/*
써서,0,0,-500,VV+EC,*,F,써서,Inflect,VV,EC,쓰/VV/*+서/EC/*
쓰니까,0,0,-500,VV+EC,*,F,쓰니까,Inflect,VV,EC,쓰/VV/*+니까/EC/*
쓰니,0,0,-500,VV+EC,*,F,쓰니,Inflect,VV,EC,쓰/VV/*+니/EC/*
쓰면,0,0,-500,VV+EC,*,T,쓰면,Inflect,VV,EC,쓰/VV/*+면/EC/*
쓰지만,0,0,-500,VV+EC,*,T,쓰지만,Inflect,VV,EC,쓰/VV/*+지만/EC/*
쓰는데,0,0,-500,VV+EC,*,F,쓰는데,Inflect,VV,EC,쓰/VV/*+는데/EC/*
쓴데,0,0,-500,VV+EC,*,F,쓴데,Inflect,VV,EC,쓰/VV/*+ㄴ데/EC/*
쓰은데,0,0,-500,VV+EC,*,F,쓰은데,Inflect,VV,EC,쓰/VV/*+은데/EC/*
쓰면서,0,0,-500,VV+EC,*,F,쓰면서,Inflect,VV,EC,쓰/VV/*+면서/EC/*
쓰며,0,0,-500,VV+EC,*,F,쓰며,Inflect,VV,EC,쓰/VV/*+며/EC/*
쓰러,0,0,-500,VV+EC,*,F,쓰러,Inflect,VV,EC,쓰/VV/*+러/EC/*
쓰려고,0,0,-500,VV+EC,*,F,쓰려고,Inflect,VV,EC,쓰/VV/*+려고/EC/*
쓰려,0,0,-500,VV+EC,*,F,쓰려,Inflect,VV,EC,쓰/VV/*+려/EC/*
써도,0,0,-500,VV+EC,*,F,써도,Inflect,VV,EC,쓰/VV/*+도/EC/*
쓰다가,0,0,-500,VV+EC,*,F,쓰다가,Inflect,VV,EC,쓰/VV/*+다가/EC/*
쓰자,0,0,-500,VV+EC,*,F,쓰자,Inflect,VV,EC,쓰/VV/*+자/EC/*
쓰자마자,0,0,-500,VV+EC,*,F,쓰자마자,Inflect,VV,EC,쓰/VV/*+자마자/EC/*
쓰고서,0,0,-500,VV+EC,*,F,쓰고서,Inflect,VV,EC,쓰/VV/*+고서/EC/*
쓰고나서,0,0,-500,VV+EC,*,F,쓰고나서,Inflect,VV,EC,쓰/VV/*+고나서/EC/*
쓰도록,0,0,-500,VV+EC,*,T,쓰도록,Inflect,VV,EC,쓰/VV/*+도록/EC/*
쓰게,0,0,-500,VV+EC,*,F,쓰게,Inflect,VV,EC,쓰/VV/*+게/EC/*
쓰더라도,0,0,-500,VV+EC,*,F,쓰더라도,Inflect,VV,EC,쓰/VV/*+더라도/EC/*
쓸지라도,0,0,-500,VV+EC,*,F,쓸지라도,Inflect,VV,EC,쓰/VV/*+ㄹ지라도/EC/*
쓰을지라도,0,0,-500,VV+EC,*,F,쓰을지라도,Inflect,VV,EC,쓰/VV/*+을지라도/EC/*
쓸수록,0,0,-500,VV+EC,*,T,쓸수록,Inflect,VV,EC,쓰/VV/*+ㄹ수록/EC/*
쓰을수록,0,0,-500,VV+EC,*,T,쓰을수록,Inflect,VV,EC,쓰/VV/*+을수록/EC/*
쓰다고,0,0,-500,VV+EC,*,F,쓰다고,Inflect,VV,EC,쓰/VV/*+다고/EC/*
쓰라고,0,0,-500,VV+EC,*,F,쓰라고,Inflect,VV,EC,쓰/VV/*+라고/EC/*
쓰냐고,0,0,-500,VV+EC,*,F,쓰냐고,Inflect,VV,EC,쓰/VV/*+냐고/EC/*
쓰지,0,0,-500,VV+EC,*,F,쓰지,Inflect,VV,EC,쓰/VV/*+지/EC/*
쓰거나,0,0,-500,VV+EC,*,F,쓰거나,Inflect,VV,EC,쓰/VV/*+거나/EC/*
쓰든지,0,0,-500,VV+EC,*,F,쓰든지,Inflect,VV,EC,쓰/VV/*+든지/EC/*
쓰듯이,0,0,-500,VV+EC,*,F,쓰듯이,Inflect,VV,EC,쓰/VV/*+듯이/EC/*
쓰듯,0,0,-500,VV+EC,*,T,쓰듯,Inflect,VV,EC,쓰/VV/*+듯/EC/*
쓰다,0,0,-500,VV+EF,*,F,쓰다,Inflect,VV,EF,쓰/VV/*+다/EF/*
써요,0,0,-500,VV+EF,*,F,써요,Inflect,VV,EF,쓰/VV/*+요/EF/*
씁니다,0,0,-500,VV+EF,*,F,씁니다,Inflect,VV,EF,쓰/VV/*+ㅂ니다/EF/*
쓰습니다,0,0,-500,VV+EF,*,F,쓰습니다,Inflect,VV,EF,쓰/VV/*+습니다/EF/*
쓸까,0,0,-500,VV+EF,*,F,쓸까,Inflect,VV,EF,쓰/VV/*+ㄹ까/EF/*
쓸까요,0,0,-500,VV+EF,*,F,쓸까요,Inflect,VV,EF,쓰/VV/*+ㄹ까요/EF/*
쓸게요,0,0,-500,VV+EF,*,F,쓸게요,Inflect,VV,EF,쓰/VV/*+ㄹ게요/EF/*
쓸게,0,0,-500,VV+EF,*,F,쓸게,Inflect,VV,EF,쓰/VV/*+ㄹ게/EF/*
쓰자,0,0,-500,VV+EF,*,F,쓰자,Inflect,VV,EF,쓰/VV/*+자/EF/*
쓰세요,0,0,-500,VV+EF,*,F,쓰세요,Inflect,VV,EF,쓰/VV/*+세요/EF/*
썼다,0,0,-500,VV+EP+EF,*,F,썼다,Inflect,VV,EF,쓰/VV/*+았/EP/*+다/EF/*
썼어요,0,0,-500,VV+EP+EF,*,F,썼어요,Inflect,VV,EF,쓰/VV/*+았/EP/*+요/EF/*
썼ㅂ니다,0,0,-500,VV+EP+EF,*,F,썼ㅂ니다,Inflect,VV,EF,쓰/VV/*+았/EP/*+ㅂ니다/EF/*
썼으습니다,0,0,-500,VV+EP+EF,*,F,썼으습니다,Inflect,VV,EF,쓰/VV/*+았/EP/*+습니다/EF/*
썼ㄹ까,0,0,-500,VV+EP+EF,*,F,썼ㄹ까,Inflect,VV,EF,쓰/VV/*+았/EP/*+ㄹ까/EF/*
썼ㄹ까요,0,0,-500,VV+EP+EF,*,F,썼ㄹ까요,Inflect,VV,EF,쓰/VV/*+았/EP/*+ㄹ까요/EF/*
썼ㄹ게요,0,0,-500,VV+EP+EF,*,F,썼ㄹ게요,Inflect,VV,EF,쓰/VV/*+았/EP/*+ㄹ게요/EF/*
썼ㄹ게,0,0,-500,VV+EP+EF,*,F,썼ㄹ게,Inflect,VV,EF,쓰/VV/*+았/EP/*+ㄹ게/EF/*
썼자,0,0,-500,VV+EP+EF,*,F,썼자,Inflect,VV,EF,쓰/VV/*+았/EP/*+자/EF/*
썼으세요,0,0,-500,VV+EP+EF,*,F,썼으세요,Inflect,VV,EF,쓰/VV/*+았/EP/*+세요/EF/*
썼다,0,0,-500,VV+EP+EF,*,F,썼다,Inflect,VV,EF,쓰/VV/*+었/EP/*+다/EF/*
썼어요,0,0,-500,VV+EP+EF,*,F,썼어요,Inflect,VV,EF,쓰/VV/*+었/EP/*+요/EF/*
썼ㅂ니다,0,0,-500,VV+EP+EF,*,F,썼ㅂ니다,Inflect,VV,EF,쓰/VV/*+었/EP/*+ㅂ니다/EF/*
썼으습니다,0,0,-500,VV+EP+EF,*,F,썼으습니다,Inflect,VV,EF,쓰/VV/*+었/EP/*+습니다/EF/*
썼ㄹ까,0,0,-500,VV+EP+EF,*,F,썼ㄹ까,Inflect,VV,EF,쓰/VV/*+었/EP/*+ㄹ까/EF/*
썼ㄹ까요,0,0,-500,VV+EP+EF,*,F,썼ㄹ까요,Inflect,VV,EF,쓰/VV/*+었/EP/*+ㄹ까요/EF/*
썼ㄹ게요,0,0,-500,VV+EP+EF,*,F,썼ㄹ게요,Inflect,VV,EF,쓰/VV/*+었/EP/*+ㄹ게요/EF/*
썼ㄹ게,0,0,-500,VV+EP+EF,*,F,썼ㄹ게,Inflect,VV,EF,쓰/VV/*+었/EP/*+ㄹ게/EF/*
썼자,0,0,-500,VV+EP+EF,*,F,썼자,Inflect,VV,EF,쓰/VV/*+었/EP/*+자/EF/*
썼으세요,0,0,-500,VV+EP+EF,*,F,썼으세요,Inflect,VV,EF,쓰/VV/*+었/EP/*+세요/EF/*
쓰시다,0,0,-500,VV+EP+EF,*,F,쓰시다,Inflect,VV,EF,쓰/VV/*+시/EP/*+다/EF/*
쓰셔요,0,0,-500,VV+EP+EF,*,F,쓰셔요,Inflect,VV,EF,쓰/VV/*+시/EP/*+요/EF/*
쓰십니다,0,0,-500,VV+EP+EF,*,F,쓰십니다,Inflect,VV,EF,쓰/VV/*+시/EP/*+ㅂ니다/EF/*
쓰시습니다,0,0,-500,VV+EP+EF,*,F,쓰시습니다,Inflect,VV,EF,쓰/VV/*+시/EP/*+습니다/EF/*
쓰실까,0,0,-500,VV+EP+EF,*,F,쓰실까,Inflect,VV,EF,쓰/VV/*+시/EP/*+ㄹ까/EF/*
쓰실까요,0,0,-500,VV+EP+EF,*,F,쓰실까요,Inflect,VV,EF,쓰/VV/*+시/EP/*+ㄹ까요/EF/*
쓰실게요,0,0,-500,VV+EP+EF,*,F,쓰실게요,Inflect,VV,EF,쓰/VV/*+시/EP/*+ㄹ게요/EF/*
쓰실게,0,0,-500,VV+EP+EF,*,F,쓰실게,Inflect,VV,EF,쓰/VV/*+시/EP/*+ㄹ게/EF/*
쓰시자,0,0,-500,VV+EP+EF,*,F,쓰시자,Inflect,VV,EF,쓰/VV/*+시/EP/*+자/EF/*
쓰시세요,0,0,-500,VV+EP+EF,*,F,쓰시세요,Inflect,VV,EF,쓰/VV/*+시/EP/*+세요/EF/*
쓰겠다,0,0,-500,VV+EP+EF,*,F,쓰겠다,Inflect,VV,EF,쓰/VV/*+겠/EP/*+다/EF/*
쓰겠어요,0,0,-500,VV+EP+EF,*,F,쓰겠어요,Inflect,VV,EF,쓰/VV/*+겠/EP/*+요/EF/*
쓰겠ㅂ니다,0,0,-500,VV+EP+EF,*,F,쓰겠ㅂ니다,Inflect,VV,EF,쓰/VV/*+겠/EP/*+ㅂ니다/EF/*
쓰겠으습니다,0,0,-500,VV+EP+EF,*,F,쓰겠으습니다,Inflect,VV,EF,쓰/VV/*+겠/EP/*+습니다/EF/*
쓰겠ㄹ까,0,0,-500,VV+EP+EF,*,F,쓰겠ㄹ까,Inflect,VV,EF,쓰/VV/*+겠/EP/*+ㄹ까/EF/*
쓰겠ㄹ까요,0,0,-500,VV+EP+EF,*,F,쓰겠ㄹ까요,Inflect,VV,EF,쓰/VV/*+겠/EP/*+ㄹ까요/EF/*
쓰겠ㄹ게요,0,0,-500,VV+EP+EF,*,F,쓰겠ㄹ게요,Inflect,VV,EF,쓰/VV/*+겠/EP/*+ㄹ게요/EF/*
쓰겠ㄹ게,0,0,-500,VV+EP+EF,*,F,쓰겠ㄹ게,Inflect,VV,EF,쓰/VV/*+겠/EP/*+ㄹ게/EF/*
쓰겠자,0,0,-500,VV+EP+EF,*,F,쓰겠자,Inflect,VV,EF,쓰/VV/*+겠/EP/*+자/EF/*
쓰겠으세요,0,0,-500,VV+EP+EF,*,F,쓰겠으세요,Inflect,VV,EF,쓰/VV/*+겠/EP/*+세요/EF/*
찾는,0,0,-500,VV+ETM,*,T,찾는,Inflect,VV,ETM,찾/VV/*+는/ETM/*
찾ㄴ,0,0,-500,VV+ETM,*,F,찾ㄴ,Inflect,VV,ETM,찾/VV/*+ㄴ/ETM/*
찾으은,0,0,-500,VV+ETM,*,T,찾으은,Inflect,VV,ETM,찾/VV/*+은/ETM/*
찾ㄹ,0,0,-500,VV+ETM,*,F,찾ㄹ,Inflect,VV,ETM,찾/VV/*+ㄹ/ETM/*
찾으을,0,0,-500,VV+ETM,*,T,찾으을,Inflect,VV,ETM,찾/VV/*+을/ETM/*
찾고,0,0,-500,VV+EC,*,F,찾고,Inflect,VV,EC,찾/VV/*+고/EC/*
찾아서,0,0,-500,VV+EC,*,F,찾아서,Inflect,VV,EC,찾/VV/*+서/EC/*
찾으니까,0,0,-500,VV+EC,*,F,찾으니까,Inflect,VV,EC,찾/VV/*+니까/EC/*
찾으니,0,0,-500,VV+EC,*,F,찾으니,Inflect,VV,EC,찾/VV/*+니/EC/*
찾으면,0,0,-500,VV+EC,*,T,찾으면,Inflect,VV,EC,찾/VV/*+면/EC/*
찾지만,0,0,-500,VV+EC,*,T,찾지만,Inflect,VV,EC,찾/VV/*+지만/EC/*
찾는데,0,0,-500,VV+EC,*,F,찾는데,Inflect,VV,EC,찾/VV/*+는데/EC/*
찾ㄴ데,0,0,-500,VV+EC,*,F,찾ㄴ데,Inflect,VV,EC,찾/VV/*+ㄴ데/EC/*
찾으은데,0,0,-500,VV+EC,*,F,찾으은데,Inflect,VV,EC,찾/VV/*+은데/EC/*
찾으면서,0,0,-500,VV+EC,*,F,찾으면서,Inflect,VV,EC,찾/VV/*+면서/EC/*
찾으며,0,0,-500,VV+EC,*,F,찾으며,Inflect,VV,EC,찾/VV/*+며/EC/*
찾으러,0,0,-500,VV+EC,*,F,찾으러,Inflect,VV,EC,찾/VV/*+러/EC/*
찾으려고,0,0,-500,VV+EC,*,F,찾으려고,Inflect,VV,EC,찾/VV/*+려고/EC/*
찾으려,0,0,-500,VV+EC,*,F,찾으려,Inflect,VV,EC,찾/VV/*+려/EC/*
찾아도,0,0,-500,VV+EC,*,F,찾아도,Inflect,VV,EC,찾/VV/*+도/EC/*
찾다가,0,0,-500,VV+EC,*,F,찾다가,Inflect,VV,EC,찾/VV/*+다가/EC/*
찾자,0,0,-500,VV+EC,*,F,찾자,Inflect,VV,EC,찾/VV/*+자/EC/*
찾자마자,0,0,-500,VV+EC,*,F,찾자마자,Inflect,VV,EC,찾/VV/*+자마자/EC/*
찾고서,0,0,-500,VV+EC,*,F,찾고서,Inflect,VV,EC,찾/VV/*+고서/EC/*
찾고나서,0,0,-500,VV+EC,*,F,찾고나서,Inflect,VV,EC,찾/VV/*+고나서/EC/*
찾도록,0,0,-500,VV+EC,*,T,찾도록,Inflect,VV,EC,찾/VV/*+도록/EC/*
찾게,0,0,-500,VV+EC,*,F,찾게,Inflect,VV,EC,찾/VV/*+게/EC/*
찾더라도,0,0,-500,VV+EC,*,F,찾더라도,Inflect,VV,EC,찾/VV/*+더라도/EC/*
찾ㄹ지라도,0,0,-500,VV+EC,*,F,찾ㄹ지라도,Inflect,VV,EC,찾/VV/*+ㄹ지라도/EC/*
찾으을지라도,0,0,-500,VV+EC,*,F,찾으을지라도,Inflect,VV,EC,찾/VV/*+을지라도/EC/*
찾ㄹ수록,0,0,-500,VV+EC,*,T,찾ㄹ수록,Inflect,VV,EC,찾/VV/*+ㄹ수록/EC/*
찾으을수록,0,0,-500,VV+EC,*,T,찾으을수록,Inflect,VV,EC,찾/VV/*+을수록/EC/*
찾다고,0,0,-500,VV+EC,*,F,찾다고,Inflect,VV,EC,찾/VV/*+다고/EC/*
찾라고,0,0,-500,VV+EC,*,F,찾라고,Inflect,VV,EC,찾/VV/*+라고/EC/*
찾냐고,0,0,-500,VV+EC,*,F,찾냐고,Inflect,VV,EC,찾/VV/*+냐고/EC/*
찾지,0,0,-500,VV+EC,*,F,찾지,Inflect,VV,EC,찾/VV/*+지/EC/*
찾거나,0,0,-500,VV+EC,*,F,찾거나,Inflect,VV,EC,찾/VV/*+거나/EC/*
찾든지,0,0,-500,VV+EC,*,F,찾든지,Inflect,VV,EC,찾/VV/*+든지/EC/*
찾듯이,0,0,-500,VV+EC,*,F,찾듯이,Inflect,VV,EC,찾/VV/*+듯이/EC/*
찾듯,0,0,-500,VV+EC,*,T,찾듯,Inflect,VV,EC,찾/VV/*+듯/EC/*
찾다,0,0,-500,VV+EF,*,F,찾다,Inflect,VV,EF,찾/VV/*+다/EF/*
찾아요,0,0,-500,VV+EF,*,F,찾아요,Inflect,VV,EF,찾/VV/*+요/EF/*
찾ㅂ니다,0,0,-500,VV+EF,*,F,찾ㅂ니다,Inflect,VV,EF,찾/VV/*+ㅂ니다/EF/*
찾으습니다,0,0,-500,VV+EF,*,F,찾으습니다,Inflect,VV,EF,찾/VV/*+습니다/EF/*
찾ㄹ까,0,0,-500,VV+EF,*,F,찾ㄹ까,Inflect,VV,EF,찾/VV/*+ㄹ까/EF/*
찾ㄹ까요,0,0,-500,VV+EF,*,F,찾ㄹ까요,Inflect,VV,EF,찾/VV/*+ㄹ까요/EF/*
찾ㄹ게요,0,0,-500,VV+EF,*,F,찾ㄹ게요,Inflect,VV,EF,찾/VV/*+ㄹ게요/EF/*
찾ㄹ게,0,0,-500,VV+EF,*,F,찾ㄹ게,Inflect,VV,EF,찾/VV/*+ㄹ게/EF/*
찾자,0,0,-500,VV+EF,*,F,찾자,Inflect,VV,EF,찾/VV/*+자/EF/*
찾으세요,0,0,-500,VV+EF,*,F,찾으세요,Inflect,VV,EF,찾/VV/*+세요/EF/*
찾았다,0,0,-500,VV+EP+EF,*,F,찾았다,Inflect,VV,EF,찾/VV/*+았/EP/*+다/EF/*
찾았아요,0,0,-500,VV+EP+EF,*,F,찾았아요,Inflect,VV,EF,찾/VV/*+았/EP/*+요/EF/*
찾았ㅂ니다,0,0,-500,VV+EP+EF,*,F,찾았ㅂ니다,Inflect,VV,EF,찾/VV/*+았/EP/*+ㅂ니다/EF/*
찾았으습니다,0,0,-500,VV+EP+EF,*,F,찾았으습니다,Inflect,VV,EF,찾/VV/*+았/EP/*+습니다/EF/*
찾았ㄹ까,0,0,-500,VV+EP+EF,*,F,찾았ㄹ까,Inflect,VV,EF,찾/VV/*+았/EP/*+ㄹ까/EF/*
찾았ㄹ까요,0,0,-500,VV+EP+EF,*,F,찾았ㄹ까요,Inflect,VV,EF,찾/VV/*+았/EP/*+ㄹ까요/EF/*
찾았ㄹ게요,0,0,-500,VV+EP+EF,*,F,찾았ㄹ게요,Inflect,VV,EF,찾/VV/*+았/EP/*+ㄹ게요/EF/*
찾았ㄹ게,0,0,-500,VV+EP+EF,*,F,찾았ㄹ게,Inflect,VV,EF,찾/VV/*+았/EP/*+ㄹ게/EF/*
찾았자,0,0,-500,VV+EP+EF,*,F,찾았자,Inflect,VV,EF,찾/VV/*+았/EP/*+자/EF/*
찾았으세요,0,0,-500,VV+EP+EF,*,F,찾았으세요,Inflect,VV,EF,찾/VV/*+았/EP/*+세요/EF/*
찾았다,0,0,-500,VV+EP+EF,*,F,찾았다,Inflect,VV,EF,찾/VV/*+었/EP/*+다/EF/*
찾았아요,0,0,-500,VV+EP+EF,*,F,찾았아요,Inflect,VV,EF,찾/VV/*+었/EP/*+요/EF/*
찾았ㅂ니다,0,0,-500,VV+EP+EF,*,F,찾았ㅂ니다,Inflect,VV,EF,찾/VV/*+었/EP/*+ㅂ니다/EF/*
찾았으습니다,0,0,-500,VV+EP+EF,*,F,찾았으습니다,Inflect,VV,EF,찾/VV/*+었/EP/*+습니다/EF/*
찾았ㄹ까,0,0,-500,VV+EP+EF,*,F,찾았ㄹ까,Inflect,VV,EF,찾/VV/*+었/EP/*+ㄹ까/EF/*
찾았ㄹ까요,0,0,-500,VV+EP+EF,*,F,찾았ㄹ까요,Inflect,VV,EF,찾/VV/*+었/EP/*+ㄹ까요/EF/*
찾았ㄹ게요,0,0,-500,VV+EP+EF,*,F,찾았ㄹ게요,Inflect,VV,EF,찾/VV/*+었/EP/*+ㄹ게요/EF/*
찾았ㄹ게,0,0,-500,VV+EP+EF,*,F,찾았ㄹ게,Inflect,VV,EF,찾/VV/*+었/EP/*+ㄹ게/EF/*
찾았자,0,0,-500,VV+EP+EF,*,F,찾았자,Inflect,VV,EF,찾/VV/*+었/EP/*+자/EF/*
찾았으세요,0,0,-500,VV+EP+EF,*,F,찾았으세요,Inflect,VV,EF,찾/VV/*+었/EP/*+세요/EF/*
찾으시다,0,0,-500,VV+EP+EF,*,F,찾으시다,Inflect,VV,EF,찾/VV/*+시/EP/*+다/EF/*
찾으셔요,0,0,-500,VV+EP+EF,*,F,찾으셔요,Inflect,VV,EF,찾/VV/*+시/EP/*+요/EF/*
찾으십니다,0,0,-500,VV+EP+EF,*,F,찾으십니다,Inflect,VV,EF,찾/VV/*+시/EP/*+ㅂ니다/EF/*
찾으시습니다,0,0,-500,VV+EP+EF,*,F,찾으시습니다,Inflect,VV,EF,찾/VV/*+시/EP/*+습니다/EF/*
찾으실까,0,0,-500,VV+EP+EF,*,F,찾으실까,Inflect,VV,EF,찾/VV/*+시/EP/*+ㄹ까/EF/*
찾으실까요,0,0,-500,VV+EP+EF,*,F,찾으실까요,Inflect,VV,EF,찾/VV/*+시/EP/*+ㄹ까요/EF/*
찾으실게요,0,0,-500,VV+EP+EF,*,F,찾으실게요,Inflect,VV,EF,찾/VV/*+시/EP/*+ㄹ게요/EF/*
찾으실게,0,0,-500,VV+EP+EF,*,F,찾으실게,Inflect,VV,EF,찾/VV/*+시/EP/*+ㄹ게/EF/*
찾으시자,0,0,-500,VV+EP+EF,*,F,찾으시자,Inflect,VV,EF,찾/VV/*+시/EP/*+자/EF/*
찾으시세요,0,0,-500,VV+EP+EF,*,F,찾으시세요,Inflect,VV,EF,찾/VV/*+시/EP/*+세요/EF/*
찾겠다,0,0,-500,VV+EP+EF,*,F,찾겠다,Inflect,VV,EF,찾/VV/*+겠/EP/*+다/EF/*
찾겠어요,0,0,-500,VV+EP+EF,*,F,찾겠어요,Inflect,VV,EF,찾/VV/*+겠/EP/*+요/EF/*
찾겠ㅂ니다,0,0,-500,VV+EP+EF,*,F,찾겠ㅂ니다,Inflect,VV,EF,찾/VV/*+겠/EP/*+ㅂ니다/EF/*
찾겠으습니다,0,0,-500,VV+EP+EF,*,F,찾겠으습니다,Inflect,VV,EF,찾/VV/*+겠/EP/*+습니다/EF/*
찾겠ㄹ까,0,0,-500,VV+EP+EF,*,F,찾겠ㄹ까,Inflect,VV,EF,찾/VV/*+겠/EP/*+ㄹ까/EF/*
찾겠ㄹ까요,0,0,-500,VV+EP+EF,*,F,찾겠ㄹ까요,Inflect,VV,EF,찾/VV/*+겠/EP/*+ㄹ까요/EF/*
찾겠ㄹ게요,0,0,-500,VV+EP+EF,*,F,찾겠ㄹ게요,Inflect,VV,EF,찾/VV/*+겠/EP/*+ㄹ게요/EF/*
찾겠ㄹ게,0,0,-500,VV+EP+EF,*,F,찾겠ㄹ게,Inflect,VV,EF,찾/VV/*+겠/EP/*+ㄹ게/EF/*
찾겠자,0,0,-500,VV+EP+EF,*,F,찾겠자,Inflect,VV,EF,찾/VV/*+겠/EP/*+자/EF/*
찾겠으세요,0,0,-500,VV+EP+EF,*,F,찾겠으세요,Inflect,VV,EF,찾/VV/*+겠/EP/*+세요/EF/*
잡는,0,0,-500,VV+ETM,*,T,잡는,Inflect,VV,ETM,잡/VV/*+는/ETM/*
잡ㄴ,0,0,-500,VV+ETM,*,F,잡ㄴ,Inflect,VV,ETM,잡/VV/*+ㄴ/ETM/*
잡으은,0,0,-500,VV+ETM,*,T,잡으은,Inflect,VV,ETM,잡/VV/*+은/ETM/*
잡ㄹ,0,0,-500,VV+ETM,*,F,잡ㄹ,Inflect,VV,ETM,잡/VV/*+ㄹ/ETM/*
잡으을,0,0,-500,VV+ETM,*,T,잡으을,Inflect,VV,ETM,잡/VV/*+을/ETM/*
잡고,0,0,-500,VV+EC,*,F,잡고,Inflect,VV,EC,잡/VV/*+고/EC/*
잡아서,0,0,-500,VV+EC,*,F,잡아서,Inflect,VV,EC,잡/VV/*+서/EC/*
잡으니까,0,0,-500,VV+EC,*,F,잡으니까,Inflect,VV,EC,잡/VV/*+니까/EC/*
잡으니,0,0,-500,VV+EC,*,F,잡으니,Inflect,VV,EC,잡/VV/*+니/EC/*
잡으면,0,0,-500,VV+EC,*,T,잡으면,Inflect,VV,EC,잡/VV/*+면/EC/*
잡지만,0,0,-500,VV+EC,*,T,잡지만,Inflect,VV,EC,잡/VV/*+지만/EC/*
잡는데,0,0,-500,VV+EC,*,F,잡는데,Inflect,VV,EC,잡/VV/*+는데/EC/*
잡ㄴ데,0,0,-500,VV+EC,*,F,잡ㄴ데,Inflect,VV,EC,잡/VV/*+ㄴ데/EC/*
잡으은데,0,0,-500,VV+EC,*,F,잡으은데,Inflect,VV,EC,잡/VV/*+은데/EC/*
잡으면서,0,0,-500,VV+EC,*,F,잡으면서,Inflect,VV,EC,잡/VV/*+면서/EC/*
잡으며,0,0,-500,VV+EC,*,F,잡으며,Inflect,VV,EC,잡/VV/*+며/EC/*
잡으러,0,0,-500,VV+EC,*,F,잡으러,Inflect,VV,EC,잡/VV/*+러/EC/*
잡으려고,0,0,-500,VV+EC,*,F,잡으려고,Inflect,VV,EC,잡/VV/*+려고/EC/*
잡으려,0,0,-500,VV+EC,*,F,잡으려,Inflect,VV,EC,잡/VV/*+려/EC/*
잡아도,0,0,-500,VV+EC,*,F,잡아도,Inflect,VV,EC,잡/VV/*+도/EC/*
잡다가,0,0,-500,VV+EC,*,F,잡다가,Inflect,VV,EC,잡/VV/*+다가/EC/*
잡자,0,0,-500,VV+EC,*,F,잡자,Inflect,VV,EC,잡/VV/*+자/EC/*
잡자마자,0,0,-500,VV+EC,*,F,잡자마자,Inflect,VV,EC,잡/VV/*+자마자/EC/*
잡고서,0,0,-500,VV+EC,*,F,잡고서,Inflect,VV,EC,잡/VV/*+고서/EC/*
잡고나서,0,0,-500,VV+EC,*,F,잡고나서,Inflect,VV,EC,잡/VV/*+고나서/EC/*
잡도록,0,0,-500,VV+EC,*,T,잡도록,Inflect,VV,EC,잡/VV/*+도록/EC/*
잡게,0,0,-500,VV+EC,*,F,잡게,Inflect,VV,EC,잡/VV/*+게/EC/*
잡더라도,0,0,-500,VV+EC,*,F,잡더라도,Inflect,VV,EC,잡/VV/*+더라도/EC/*
잡ㄹ지라도,0,0,-500,VV+EC,*,F,잡ㄹ지라도,Inflect,VV,EC,잡/VV/*+ㄹ지라도/EC/*
잡으을지라도,0,0,-500,VV+EC,*,F,잡으을지라도,Inflect,VV,EC,잡/VV/*+을지라도/EC/*
잡ㄹ수록,0,0,-500,VV+EC,*,T,잡ㄹ수록,Inflect,VV,EC,잡/VV/*+ㄹ수록/EC/*
잡으을수록,0,0,-500,VV+EC,*,T,잡으을수록,Inflect,VV,EC,잡/VV/*+을수록/EC/*
잡다고,0,0,-500,VV+EC,*,F,잡다고,Inflect,VV,EC,잡/VV/*+다고/EC/*
잡라고,0,0,-500,VV+EC,*,F,잡라고,Inflect,VV,EC,잡/VV/*+라고/EC/*
잡냐고,0,0,-500,VV+EC,*,F,잡냐고,Inflect,VV,EC,잡/VV/*+냐고/EC/*
잡지,0,0,-500,VV+EC,*,F,잡지,Inflect,VV,EC,잡/VV/*+지/EC/*
잡거나,0,0,-500,VV+EC,*,F,잡거나,Inflect,VV,EC,잡/VV/*+거나/EC/*
잡든지,0,0,-500,VV+EC,*,F,잡든지,Inflect,VV,EC,잡/VV/*+든지/EC/*
잡듯이,0,0,-500,VV+EC,*,F,잡듯이,Inflect,VV,EC,잡/VV/*+듯이/EC/*
잡듯,0,0,-500,VV+EC,*,T,잡듯,Inflect,VV,EC,잡/VV/*+듯/EC/*
잡다,0,0,-500,VV+EF,*,F,잡다,Inflect,VV,EF,잡/VV/*+다/EF/*
잡아요,0,0,-500,VV+EF,*,F,잡아요,Inflect,VV,EF,잡/VV/*+요/EF/*
잡ㅂ니다,0,0,-500,VV+EF,*,F,잡ㅂ니다,Inflect,VV,EF,잡/VV/*+ㅂ니다/EF/*
잡으습니다,0,0,-500,VV+EF,*,F,잡으습니다,Inflect,VV,EF,잡/VV/*+습니다/EF/*
잡ㄹ까,0,0,-500,VV+EF,*,F,잡ㄹ까,Inflect,VV,EF,잡/VV/*+ㄹ까/EF/*
잡ㄹ까요,0,0,-500,VV+EF,*,F,잡ㄹ까요,Inflect,VV,EF,잡/VV/*+ㄹ까요/EF/*
잡ㄹ게요,0,0,-500,VV+EF,*,F,잡ㄹ게요,Inflect,VV,EF,잡/VV/*+ㄹ게요/EF/*
잡ㄹ게,0,0,-500,VV+EF,*,F,잡ㄹ게,Inflect,VV,EF,잡/VV/*+ㄹ게/EF/*
잡자,0,0,-500,VV+EF,*,F,잡자,Inflect,VV,EF,잡/VV/*+자/EF/*
잡으세요,0,0,-500,VV+EF,*,F,잡으세요,Inflect,VV,EF,잡/VV/*+세요/EF/*
잡았다,0,0,-500,VV+EP+EF,*,F,잡았다,Inflect,VV,EF,잡/VV/*+았/EP/*+다/EF/*
잡았아요,0,0,-500,VV+EP+EF,*,F,잡았아요,Inflect,VV,EF,잡/VV/*+았/EP/*+요/EF/*
잡았ㅂ니다,0,0,-500,VV+EP+EF,*,F,잡았ㅂ니다,Inflect,VV,EF,잡/VV/*+았/EP/*+ㅂ니다/EF/*
잡았으습니다,0,0,-500,VV+EP+EF,*,F,잡았으습니다,Inflect,VV,EF,잡/VV/*+았/EP/*+습니다/EF/*
잡았ㄹ까,0,0,-500,VV+EP+EF,*,F,잡았ㄹ까,Inflect,VV,EF,잡/VV/*+았/EP/*+ㄹ까/EF/*
잡았ㄹ까요,0,0,-500,VV+EP+EF,*,F,잡았ㄹ까요,Inflect,VV,EF,잡/VV/*+았/EP/*+ㄹ까요/EF/*
잡았ㄹ게요,0,0,-500,VV+EP+EF,*,F,잡았ㄹ게요,Inflect,VV,EF,잡/VV/*+았/EP/*+ㄹ게요/EF/*
잡았ㄹ게,0,0,-500,VV+EP+EF,*,F,잡았ㄹ게,Inflect,VV,EF,잡/VV/*+았/EP/*+ㄹ게/EF/*
잡았자,0,0,-500,VV+EP+EF,*,F,잡았자,Inflect,VV,EF,잡/VV/*+았/EP/*+자/EF/*
잡았으세요,0,0,-500,VV+EP+EF,*,F,잡았으세요,Inflect,VV,EF,잡/VV/*+았/EP/*+세요/EF/*
잡았다,0,0,-500,VV+EP+EF,*,F,잡았다,Inflect,VV,EF,잡/VV/*+었/EP/*+다/EF/*
잡았아요,0,0,-500,VV+EP+EF,*,F,잡았아요,Inflect,VV,EF,잡/VV/*+었/EP/*+요/EF/*
잡았ㅂ니다,0,0,-500,VV+EP+EF,*,F,잡았ㅂ니다,Inflect,VV,EF,잡/VV/*+었/EP/*+ㅂ니다/EF/*
잡았으습니다,0,0,-500,VV+EP+EF,*,F,잡았으습니다,Inflect,VV,EF,잡/VV/*+었/EP/*+습니다/EF/*
잡았ㄹ까,0,0,-500,VV+EP+EF,*,F,잡았ㄹ까,Inflect,VV,EF,잡/VV/*+었/EP/*+ㄹ까/EF/*
잡았ㄹ까요,0,0,-500,VV+EP+EF,*,F,잡았ㄹ까요,Inflect,VV,EF,잡/VV/*+었/EP/*+ㄹ까요/EF/*
잡았ㄹ게요,0,0,-500,VV+EP+EF,*,F,잡았ㄹ게요,Inflect,VV,EF,잡/VV/*+었/EP/*+ㄹ게요/EF/*
잡았ㄹ게,0,0,-500,VV+EP+EF,*,F,잡았ㄹ게,Inflect,VV,EF,잡/VV/*+었/EP/*+ㄹ게/EF/*
잡았자,0,0,-500,VV+EP+EF,*,F,잡았자,Inflect,VV,EF,잡/VV/*+었/EP/*+자/EF/*
잡았으세요,0,0,-500,VV+EP+EF,*,F,잡았으세요,Inflect,VV,EF,잡/VV/*+었/EP/*+세요/EF/*
잡으시다,0,0,-500,VV+EP+EF,*,F,잡으시다,Inflect,VV,EF,잡/VV/*+시/EP/*+다/EF/*
잡으셔요,0,0,-500,VV+EP+EF,*,F,잡으셔요,Inflect,VV,EF,잡/VV/*+시/EP/*+요/EF/*
잡으십니다,0,0,-500,VV+EP+EF,*,F,잡으십니다,Inflect,VV,EF,잡/VV/*+시/EP/*+ㅂ니다/EF/*
잡으시습니다,0,0,-500,VV+EP+EF,*,F,잡으시습니다,Inflect,VV,EF,잡/VV/*+시/EP/*+습니다/EF/*
잡으실까,0,0,-500,VV+EP+EF,*,F,잡으실까,Inflect,VV,EF,잡/VV/*+시/EP/*+ㄹ까/EF/*
잡으실까요,0,0,-500,VV+EP+EF,*,F,잡으실까요,Inflect,VV,EF,잡/VV/*+시/EP/*+ㄹ까요/EF/*
잡으실게요,0,0,-500,VV+EP+EF,*,F,잡으실게요,Inflect,VV,EF,잡/VV/*+시/EP/*+ㄹ게요/EF/*
잡으실게,0,0,-500,VV+EP+EF,*,F,잡으실게,Inflect,VV,EF,잡/VV/*+시/EP/*+ㄹ게/EF/*
잡으시자,0,0,-500,VV+EP+EF,*,F,잡으시자,Inflect,VV,EF,잡/VV/*+시/EP/*+자/EF/*
잡으시세요,0,0,-500,VV+EP+EF,*,F,잡으시세요,Inflect,VV,EF,잡/VV/*+시/EP/*+세요/EF/*
잡겠다,0,0,-500,VV+EP+EF,*,F,잡겠다,Inflect,VV,EF,잡/VV/*+겠/EP/*+다/EF/*
잡겠어요,0,0,-500,VV+EP+EF,*,F,잡겠어요,Inflect,VV,EF,잡/VV/*+겠/EP/*+요/EF/*
잡겠ㅂ니다,0,0,-500,VV+EP+EF,*,F,잡겠ㅂ니다,Inflect,VV,EF,잡/VV/*+겠/EP/*+ㅂ니다/EF/*
잡겠으습니다,0,0,-500,VV+EP+EF,*,F,잡겠으습니다,Inflect,VV,EF,잡/VV/*+겠/EP/*+습니다/EF/*
잡겠ㄹ까,0,0,-500,VV+EP+EF,*,F,잡겠ㄹ까,Inflect,VV,EF,잡/VV/*+겠/EP/*+ㄹ까/EF/*
잡겠ㄹ까요,0,0,-500,VV+EP+EF,*,F,잡겠ㄹ까요,Inflect,VV,EF,잡/VV/*+겠/EP/*+ㄹ까요/EF/*
잡겠ㄹ게요,0,0,-500,VV+EP+EF,*,F,잡겠ㄹ게요,Inflect,VV,EF,잡/VV/*+겠/EP/*+ㄹ게요/EF/*
잡겠ㄹ게,0,0,-500,VV+EP+EF,*,F,잡겠ㄹ게,Inflect,VV,EF,잡/VV/*+겠/EP/*+ㄹ게/EF/*
잡겠자,0,0,-500,VV+EP+EF,*,F,잡겠자,Inflect,VV,EF,잡/VV/*+겠/EP/*+자/EF/*
잡겠으세요,0,0,-500,VV+EP+EF,*,F,잡겠으세요,Inflect,VV,EF,잡/VV/*+겠/EP/*+세요/EF/*
타는,0,0,-500,VV+ETM,*,T,타는,Inflect,VV,ETM,타/VV/*+는/ETM/*
탄,0,0,-500,VV+ETM,*,T,탄,Inflect,VV,ETM,타/VV/*+ㄴ/ETM/*
타은,0,0,-500,VV+ETM,*,T,타은,Inflect,VV,ETM,타/VV/*+은/ETM/*
탈,0,0,-500,VV+ETM,*,T,탈,Inflect,VV,ETM,타/VV/*+ㄹ/ETM/*
타을,0,0,-500,VV+ETM,*,T,타을,Inflect,VV,ETM,타/VV/*+을/ETM/*
타고,0,0,-500,VV+EC,*,F,타고,Inflect,VV,EC,타/VV/*+고/EC/*
타서,0,0,-500,VV+EC,*,F,타서,Inflect,VV,EC,타/VV/*+서/EC/*
타니까,0,0,-500,VV+EC,*,F,타니까,Inflect,VV,EC,타/VV/*+니까/EC/*
타니,0,0,-500,VV+EC,*,F,타니,Inflect,VV,EC,타/VV/*+니/EC/*
타면,0,0,-500,VV+EC,*,T,타면,Inflect,VV,EC,타/VV/*+면/EC/*
타지만,0,0,-500,VV+EC,*,T,타지만,Inflect,VV,EC,타/VV/*+지만/EC/*
타는데,0,0,-500,VV+EC,*,F,타는데,Inflect,VV,EC,타/VV/*+는데/EC/*
탄데,0,0,-500,VV+EC,*,F,탄데,Inflect,VV,EC,타/VV/*+ㄴ데/EC/*
타은데,0,0,-500,VV+EC,*,F,타은데,Inflect,VV,EC,타/VV/*+은데/EC/*
타면서,0,0,-500,VV+EC,*,F,타면서,Inflect,VV,EC,타/VV/*+면서/EC/*
타며,0,0,-500,VV+EC,*,F,타며,Inflect,VV,EC,타/VV/*+며/EC/*
타러,0,0,-500,VV+EC,*,F,타러,Inflect,VV,EC,타/VV/*+러/EC/*
타려고,0,0,-500,VV+EC,*,F,타려고,Inflect,VV,EC,타/VV/*+려고/EC/*
타려,0,0,-500,VV+EC,*,F,타려,Inflect,VV,EC,타/VV/*+려/EC/*
타도,0,0,-500,VV+EC,*,F,타도,Inflect,VV,EC,타/VV/*+도/EC/*
타다가,0,0,-500,VV+EC,*,F,타다가,Inflect,VV,EC,타/VV/*+다가/EC/*
타자,0,0,-500,VV+EC,*,F,타자,Inflect,VV,EC,타/VV/*+자/EC/*
타자마자,0,0,-500,VV+EC,*,F,타자마자,Inflect,VV,EC,타/VV/*+자마자/EC/*
타고서,0,0,-500,VV+EC,*,F,타고서,Inflect,VV,EC,타/VV/*+고서/EC/*
타고나서,0,0,-500,VV+EC,*,F,타고나서,Inflect,VV,EC,타/VV/*+고나서/EC/*
타도록,0,0,-500,VV+EC,*,T,타도록,Inflect,VV,EC,타/VV/*+도록/EC/*
타게,0,0,-500,VV+EC,*,F,타게,Inflect,VV,EC,타/VV/*+게/EC/*
타더라도,0,0,-500,VV+EC,*,F,타더라도,Inflect,VV,EC,타/VV/*+더라도/EC/*
탈지라도,0,0,-500,VV+EC,*,F,탈지라도,Inflect,VV,EC,타/VV/*+ㄹ지라도/EC/*
타을지라도,0,0,-500,VV+EC,*,F,타을지라도,Inflect,VV,EC,타/VV/*+을지라도/EC/*
탈수록,0,0,-500,VV+EC,*,T,탈수록,Inflect,VV,EC,타/VV/*+ㄹ수록/EC/*
타을수록,0,0,-500,VV+EC,*,T,타을수록,Inflect,VV,EC,타/VV/*+을수록/EC/*
타다고,0,0,-500,VV+EC,*,F,타다고,Inflect,VV,EC,타/VV/*+다고/EC/*
타라고,0,0,-500,VV+EC,*,F,타라고,Inflect,VV,EC,타/VV/*+라고/EC/*
타냐고,0,0,-500,VV+EC,*,F,타냐고,Inflect,VV,EC,타/VV/*+냐고/EC/*
타지,0,0,-500,VV+EC,*,F,타지,Inflect,VV,EC,타/VV/*+지/EC/*
타거나,0,0,-500,VV+EC,*,F,타거나,Inflect,VV,EC,타/VV/*+거나/EC/*
타든지,0,0,-500,VV+EC,*,F,타든지,Inflect,VV,EC,타/VV/*+든지/EC/*
타듯이,0,0,-500,VV+EC,*,F,타듯이,Inflect,VV,EC,타/VV/*+듯이/EC/*
타듯,0,0,-500,VV+EC,*,T,타듯,Inflect,VV,EC,타/VV/*+듯/EC/*
타다,0,0,-500,VV+EF,*,F,타다,Inflect,VV,EF,타/VV/*+다/EF/*
타요,0,0,-500,VV+EF,*,F,타요,Inflect,VV,EF,타/VV/*+요/EF/*
탑니다,0,0,-500,VV+EF,*,F,탑니다,Inflect,VV,EF,타/VV/*+ㅂ니다/EF/*
타습니다,0,0,-500,VV+EF,*,F,타습니다,Inflect,VV,EF,타/VV/*+습니다/EF/*
탈까,0,0,-500,VV+EF,*,F,탈까,Inflect,VV,EF,타/VV/*+ㄹ까/EF/*
탈까요,0,0,-500,VV+EF,*,F,탈까요,Inflect,VV,EF,타/VV/*+ㄹ까요/EF/*
탈게요,0,0,-500,VV+EF,*,F,탈게요,Inflect,VV,EF,타/VV/*+ㄹ게요/EF/*
탈게,0,0,-500,VV+EF,*,F,탈게,Inflect,VV,EF,타/VV/*+ㄹ게/EF/*
타자,0,0,-500,VV+EF,*,F,타자,Inflect,VV,EF,타/VV/*+자/EF/*
타세요,0,0,-500,VV+EF,*,F,타세요,Inflect,VV,EF,타/VV/*+세요/EF/*
탔다,0,0,-500,VV+EP+EF,*,F,탔다,Inflect,VV,EF,타/VV/*+았/EP/*+다/EF/*
탔아요,0,0,-500,VV+EP+EF,*,F,탔아요,Inflect,VV,EF,타/VV/*+았/EP/*+요/EF/*
탔ㅂ니다,0,0,-500,VV+EP+EF,*,F,탔ㅂ니다,Inflect,VV,EF,타/VV/*+았/EP/*+ㅂ니다/EF/*
탔으습니다,0,0,-500,VV+EP+EF,*,F,탔으습니다,Inflect,VV,EF,타/VV/*+았/EP/*+습니다/EF/*
탔ㄹ까,0,0,-500,VV+EP+EF,*,F,탔ㄹ까,Inflect,VV,EF,타/VV/*+았/EP/*+ㄹ까/EF/*
탔ㄹ까요,0,0,-500,VV+EP+EF,*,F,탔ㄹ까요,Inflect,VV,EF,타/VV/*+았/EP/*+ㄹ까요/EF/*
탔ㄹ게요,0,0,-500,VV+EP+EF,*,F,탔ㄹ게요,Inflect,VV,EF,타/VV/*+았/EP/*+ㄹ게요/EF/*
탔ㄹ게,0,0,-500,VV+EP+EF,*,F,탔ㄹ게,Inflect,VV,EF,타/VV/*+았/EP/*+ㄹ게/EF/*
탔자,0,0,-500,VV+EP+EF,*,F,탔자,Inflect,VV,EF,타/VV/*+았/EP/*+자/EF/*
탔으세요,0,0,-500,VV+EP+EF,*,F,탔으세요,Inflect,VV,EF,타/VV/*+았/EP/*+세요/EF/*
탔다,0,0,-500,VV+EP+EF,*,F,탔다,Inflect,VV,EF,타/VV/*+었/EP/*+다/EF/*
탔아요,0,0,-500,VV+EP+EF,*,F,탔아요,Inflect,VV,EF,타/VV/*+었/EP/*+요/EF/*
탔ㅂ니다,0,0,-500,VV+EP+EF,*,F,탔ㅂ니다,Inflect,VV,EF,타/VV/*+었/EP/*+ㅂ니다/EF/*
탔으습니다,0,0,-500,VV+EP+EF,*,F,탔으습니다,Inflect,VV,EF,타/VV/*+었/EP/*+습니다/EF/*
탔ㄹ까,0,0,-500,VV+EP+EF,*,F,탔ㄹ까,Inflect,VV,EF,타/VV/*+었/EP/*+ㄹ까/EF/*
탔ㄹ까요,0,0,-500,VV+EP+EF,*,F,탔ㄹ까요,Inflect,VV,EF,타/VV/*+었/EP/*+ㄹ까요/EF/*
탔ㄹ게요,0,0,-500,VV+EP+EF,*,F,탔ㄹ게요,Inflect,VV,EF,타/VV/*+었/EP/*+ㄹ게요/EF/*
탔ㄹ게,0,0,-500,VV+EP+EF,*,F,탔ㄹ게,Inflect,VV,EF,타/VV/*+었/EP/*+ㄹ게/EF/*
탔자,0,0,-500,VV+EP+EF,*,F,탔자,Inflect,VV,EF,타/VV/*+었/EP/*+자/EF/*
탔으세요,0,0,-500,VV+EP+EF,*,F,탔으세요,Inflect,VV,EF,타/VV/*+었/EP/*+세요/EF/*
타시다,0,0,-500,VV+EP+EF,*,F,타시다,Inflect,VV,EF,타/VV/*+시/EP/*+다/EF/*
타셔요,0,0,-500,VV+EP+EF,*,F,타셔요,Inflect,VV,EF,타/VV/*+시/EP/*+요/EF/*
타십니다,0,0,-500,VV+EP+EF,*,F,타십니다,Inflect,VV,EF,타/VV/*+시/EP/*+ㅂ니다/EF/*
타시습니다,0,0,-500,VV+EP+EF,*,F,타시습니다,Inflect,VV,EF,타/VV/*+시/EP/*+습니다/EF/*
타실까,0,0,-500,VV+EP+EF,*,F,타실까,Inflect,VV,EF,타/VV/*+시/EP/*+ㄹ까/EF/*
타실까요,0,0,-500,VV+EP+EF,*,F,타실까요,Inflect,VV,EF,타/VV/*+시/EP/*+ㄹ까요/EF/*
타실게요,0,0,-500,VV+EP+EF,*,F,타실게요,Inflect,VV,EF,타/VV/*+시/EP/*+ㄹ게요/EF/*
타실게,0,0,-500,VV+EP+EF,*,F,타실게,Inflect,VV,EF,타/VV/*+시/EP/*+ㄹ게/EF/*
타시자,0,0,-500,VV+EP+EF,*,F,타시자,Inflect,VV,EF,타/VV/*+시/EP/*+자/EF/*
타시세요,0,0,-500,VV+EP+EF,*,F,타시세요,Inflect,VV,EF,타/VV/*+시/EP/*+세요/EF/*
타겠다,0,0,-500,VV+EP+EF,*,F,타겠다,Inflect,VV,EF,타/VV/*+겠/EP/*+다/EF/*
타겠어요,0,0,-500,VV+EP+EF,*,F,타겠어요,Inflect,VV,EF,타/VV/*+겠/EP/*+요/EF/*
타겠ㅂ니다,0,0,-500,VV+EP+EF,*,F,타겠ㅂ니다,Inflect,VV,EF,타/VV/*+겠/EP/*+ㅂ니다/EF/*
타겠으습니다,0,0,-500,VV+EP+EF,*,F,타겠으습니다,Inflect,VV,EF,타/VV/*+겠/EP/*+습니다/EF/*
타겠ㄹ까,0,0,-500,VV+EP+EF,*,F,타겠ㄹ까,Inflect,VV,EF,타/VV/*+겠/EP/*+ㄹ까/EF/*
타겠ㄹ까요,0,0,-500,VV+EP+EF,*,F,타겠ㄹ까요,Inflect,VV,EF,타/VV/*+겠/EP/*+ㄹ까요/EF/*
타겠ㄹ게요,0,0,-500,VV+EP+EF,*,F,타겠ㄹ게요,Inflect,VV,EF,타/VV/*+겠/EP/*+ㄹ게요/EF/*
타겠ㄹ게,0,0,-500,VV+EP+EF,*,F,타겠ㄹ게,Inflect,VV,EF,타/VV/*+겠/EP/*+ㄹ게/EF/*
타겠자,0,0,-500,VV+EP+EF,*,F,타겠자,Inflect,VV,EF,타/VV/*+겠/EP/*+자/EF/*
타겠으세요,0,0,-500,VV+EP+EF,*,F,타겠으세요,Inflect,VV,EF,타/VV/*+겠/EP/*+세요/EF/*
내는,0,0,-500,VV+ETM,*,T,내는,Inflect,VV,ETM,내/VV/*+는/ETM/*
낸,0,0,-500,VV+ETM,*,T,낸,Inflect,VV,ETM,내/VV/*+ㄴ/ETM/*
내은,0,0,-500,VV+ETM,*,T,내은,Inflect,VV,ETM,내/VV/*+은/ETM/*
낼,0,0,-500,VV+ETM,*,T,낼,Inflect,VV,ETM,내/VV/*+ㄹ/ETM/*
내을,0,0,-500,VV+ETM,*,T,내을,Inflect,VV,ETM,내/VV/*+을/ETM/*
내고,0,0,-500,VV+EC,*,F,내고,Inflect,VV,EC,내/VV/*+고/EC/*
내어서,0,0,-500,VV+EC,*,F,내어서,Inflect,VV,EC,내/VV/*+서/EC/*
내니까,0,0,-500,VV+EC,*,F,내니까,Inflect,VV,EC,내/VV/*+니까/EC/*
내니,0,0,-500,VV+EC,*,F,내니,Inflect,VV,EC,내/VV/*+니/EC/*
내면,0,0,-500,VV+EC,*,T,내면,Inflect,VV,EC,내/VV/*+면/EC/*
내지만,0,0,-500,VV+EC,*,T,내지만,Inflect,VV,EC,내/VV/*+지만/EC/*
내는데,0,0,-500,VV+EC,*,F,내는데,Inflect,VV,EC,내/VV/*+는데/EC/*
낸데,0,0,-500,VV+EC,*,F,낸데,Inflect,VV,EC,내/VV/*+ㄴ데/EC/*
내은데,0,0,-500,VV+EC,*,F,내은데,Inflect,VV,EC,내/VV/*+은데/EC/*
내면서,0,0,-500,VV+EC,*,F,내면서,Inflect,VV,EC,내/VV/*+면서/EC/*
내며,0,0,-500,VV+EC,*,F,내며,Inflect,VV,EC,내/VV/*+며/EC/*
내러,0,0,-500,VV+EC,*,F,내러,Inflect,VV,EC,내/VV/*+러/EC/*
내려고,0,0,-500,VV+EC,*,F,내려고,Inflect,VV,EC,내/VV/*+려고/EC/*
내려,0,0,-500,VV+EC,*,F,내려,Inflect,VV,EC,내/VV/*+려/EC/*
내어도,0,0,-500,VV+EC,*,F,내어도,Inflect,VV,EC,내/VV/*+도/EC/*
내다가,0,0,-500,VV+EC,*,F,내다가,Inflect,VV,EC,내/VV/*+다가/EC/*
내자,0,0,-500,VV+EC,*,F,내자,Inflect,VV,EC,내/VV/*+자/EC/*
내자마자,0,0,-500,VV+EC,*,F,내자마자,Inflect,VV,EC,내/VV/*+자마자/EC/*
내고서,0,0,-500,VV+EC,*,F,내고서,Inflect,VV,EC,내/VV/*+고서/EC/*
내고나서,0,0,-500,VV+EC,*,F,내고나서,Inflect,VV,EC,내/VV/*+고나서/EC/*
내도록,0,0,-500,VV+EC,*,T,내도록,Inflect,VV,EC,내/VV/*+도록/EC/*
내게,0,0,-500,VV+EC,*,F,내게,Inflect,VV,EC,내/VV/*+게/EC/*
내더라도,0,0,-500,VV+EC,*,F,내더라도,Inflect,VV,EC,내/VV/*+더라도/EC/*
낼지라도,0,0,-500,VV+EC,*,F,낼지라도,Inflect,VV,EC,내/VV/*+ㄹ지라도/EC/*
내을지라도,0,0,-500,VV+EC,*,F,내을지라도,Inflect,VV,EC,내/VV/*+을지라도/EC/*
낼수록,0,0,-500,VV+EC,*,T,낼수록,Inflect,VV,EC,내/VV/*+ㄹ수록/EC/*
내을수록,0,0,-500,VV+EC,*,T,내을수록,Inflect,VV,EC,내/VV/*+을수록/EC/*
내다고,0,0,-500,VV+EC,*,F,내다고,Inflect,VV,EC,내/VV/*+다고/EC/*
내라고,0,0,-500,VV+EC,*,F,내라고,Inflect,VV,EC,내/VV/*+라고/EC/*
내냐고,0,0,-500,VV+EC,*,F,내냐고,Inflect,VV,EC,내/VV/*+냐고/EC/*
내지,0,0,-500,VV+EC,*,F,내지,Inflect,VV,EC,내/VV/*+지/EC/*
내거나,0,0,-500,VV+EC,*,F,내거나,Inflect,VV,EC,내/VV/*+거나/EC/*
내든지,0,0,-500,VV+EC,*,F,내든지,Inflect,VV,EC,내/VV/*+든지/EC/*
내듯이,0,0,-500,VV+EC,*,F,내듯이,Inflect,VV,EC,내/VV/*+듯이/EC/*
내듯,0,0,-500,VV+EC,*,T,내듯,Inflect,VV,EC,내/VV/*+듯/EC/*
내다,0,0,-500,VV+EF,*,F,내다,Inflect,VV,EF,내/VV/*+다/EF/*
내어요,0,0,-500,VV+EF,*,F,내어요,Inflect,VV,EF,내/VV/*+요/EF/*
냅니다,0,0,-500,VV+EF,*,F,냅니다,Inflect,VV,EF,내/VV/*+ㅂ니다/EF/*
내습니다,0,0,-500,VV+EF,*,F,내습니다,Inflect,VV,EF,내/VV/*+습니다/EF/*
낼까,0,0,-500,VV+EF,*,F,낼까,Inflect,VV,EF,내/VV/*+ㄹ까/EF/*
낼까요,0,0,-500,VV+EF,*,F,낼까요,Inflect,VV,EF,내/VV/*+ㄹ까요/EF/*
낼게요,0,0,-500,VV+EF,*,F,낼게요,Inflect,VV,EF,내/VV/*+ㄹ게요/EF/*
낼게,0,0,-500,VV+EF,*,F,낼게,Inflect,VV,EF,내/VV/*+ㄹ게/EF/*
내자,0,0,-500,VV+EF,*,F,내자,Inflect,VV,EF,내/VV/*+자/EF/*
내세요,0,0,-500,VV+EF,*,F,내세요,Inflect,VV,EF,내/VV/*+세요/EF/*
냈다,0,0,-500,VV+EP+EF,*,F,냈다,Inflect,VV,EF,내/VV/*+았/EP/*+다/EF/*
냈아요,0,0,-500,VV+EP+EF,*,F,냈아요,Inflect,VV,EF,내/VV/*+았/EP/*+요/EF/*
냈ㅂ니다,0,0,-500,VV+EP+EF,*,F,냈ㅂ니다,Inflect,VV,EF,내/VV/*+았/EP/*+ㅂ니다/EF/*
냈으습니다,0,0,-500,VV+EP+EF,*,F,냈으습니다,Inflect,VV,EF,내/VV/*+았/EP/*+습니다/EF/*
냈ㄹ까,0,0,-500,VV+EP+EF,*,F,냈ㄹ까,Inflect,VV,EF,내/VV/*+았/EP/*+ㄹ까/EF/*
냈ㄹ까요,0,0,-500,VV+EP+EF,*,F,냈ㄹ까요,Inflect,VV,EF,내/VV/*+았/EP/*+ㄹ까요/EF/*
냈ㄹ게요,0,0,-500,VV+EP+EF,*,F,냈ㄹ게요,Inflect,VV,EF,내/VV/*+았/EP/*+ㄹ게요/EF/*
냈ㄹ게,0,0,-500,VV+EP+EF,*,F,냈ㄹ게,Inflect,VV,EF,내/VV/*+았/EP/*+ㄹ게/EF/*
냈자,0,0,-500,VV+EP+EF,*,F,냈자,Inflect,VV,EF,내/VV/*+았/EP/*+자/EF/*
냈으세요,0,0,-500,VV+EP+EF,*,F,냈으세요,Inflect,VV,EF,내/VV/*+았/EP/*+세요/EF/*
냈다,0,0,-500,VV+EP+EF,*,F,냈다,Inflect,VV,EF,내/VV/*+었/EP/*+다/EF/*
냈어요,0,0,-500,VV+EP+EF,*,F,냈어요,Inflect,VV,EF,내/VV/*+었/EP/*+요/EF/*
냈ㅂ니다,0,0,-500,VV+EP+EF,*,F,냈ㅂ니다,Inflect,VV,EF,내/VV/*+었/EP/*+ㅂ니다/EF/*
냈으습니다,0,0,-500,VV+EP+EF,*,F,냈으습니다,Inflect,VV,EF,내/VV/*+었/EP/*+습니다/EF/*
냈ㄹ까,0,0,-500,VV+EP+EF,*,F,냈ㄹ까,Inflect,VV,EF,내/VV/*+었/EP/*+ㄹ까/EF/*
냈ㄹ까요,0,0,-500,VV+EP+EF,*,F,냈ㄹ까요,Inflect,VV,EF,내/VV/*+었/EP/*+ㄹ까요/EF/*
냈ㄹ게요,0,0,-500,VV+EP+EF,*,F,냈ㄹ게요,Inflect,VV,EF,내/VV/*+었/EP/*+ㄹ게요/EF/*
냈ㄹ게,0,0,-500,VV+EP+EF,*,F,냈ㄹ게,Inflect,VV,EF,내/VV/*+었/EP/*+ㄹ게/EF/*
냈자,0,0,-500,VV+EP+EF,*,F,냈자,Inflect,VV,EF,내/VV/*+었/EP/*+자/EF/*
냈으세요,0,0,-500,VV+EP+EF,*,F,냈으세요,Inflect,VV,EF,내/VV/*+었/EP/*+세요/EF/*
내시다,0,0,-500,VV+EP+EF,*,F,내시다,Inflect,VV,EF,내/VV/*+시/EP/*+다/EF/*
내셔요,0,0,-500,VV+EP+EF,*,F,내셔요,Inflect,VV,EF,내/VV/*+시/EP/*+요/EF/*
내십니다,0,0,-500,VV+EP+EF,*,F,내십니다,Inflect,VV,EF,내/VV/*+시/EP/*+ㅂ니다/EF/*
내시습니다,0,0,-500,VV+EP+EF,*,F,내시습니다,Inflect,VV,EF,내/VV/*+시/EP/*+습니다/EF/*
내실까,0,0,-500,VV+EP+EF,*,F,내실까,Inflect,VV,EF,내/VV/*+시/EP/*+ㄹ까/EF/*
내실까요,0,0,-500,VV+EP+EF,*,F,내실까요,Inflect,VV,EF,내/VV/*+시/EP/*+ㄹ까요/EF/*
내실게요,0,0,-500,VV+EP+EF,*,F,내실게요,Inflect,VV,EF,내/VV/*+시/EP/*+ㄹ게요/EF/*
내실게,0,0,-500,VV+EP+EF,*,F,내실게,Inflect,VV,EF,내/VV/*+시/EP/*+ㄹ게/EF/*
내시자,0,0,-500,VV+EP+EF,*,F,내시자,Inflect,VV,EF,내/VV/*+시/EP/*+자/EF/*
내시세요,0,0,-500,VV+EP+EF,*,F,내시세요,Inflect,VV,EF,내/VV/*+시/EP/*+세요/EF/*
내겠다,0,0,-500,VV+EP+EF,*,F,내겠다,Inflect,VV,EF,내/VV/*+겠/EP/*+다/EF/*
내겠어요,0,0,-500,VV+EP+EF,*,F,내겠어요,Inflect,VV,EF,내/VV/*+겠/EP/*+요/EF/*
내겠ㅂ니다,0,0,-500,VV+EP+EF,*,F,내겠ㅂ니다,Inflect,VV,EF,내/VV/*+겠/EP/*+ㅂ니다/EF/*
내겠으습니다,0,0,-500,VV+EP+EF,*,F,내겠으습니다,Inflect,VV,EF,내/VV/*+겠/EP/*+습니다/EF/*
내겠ㄹ까,0,0,-500,VV+EP+EF,*,F,내겠ㄹ까,Inflect,VV,EF,내/VV/*+겠/EP/*+ㄹ까/EF/*
내겠ㄹ까요,0,0,-500,VV+EP+EF,*,F,내겠ㄹ까요,Inflect,VV,EF,내/VV/*+겠/EP/*+ㄹ까요/EF/*
내겠ㄹ게요,0,0,-500,VV+EP+EF,*,F,내겠ㄹ게요,Inflect,VV,EF,내/VV/*+겠/EP/*+ㄹ게요/EF/*
내겠ㄹ게,0,0,-500,VV+EP+EF,*,F,내겠ㄹ게,Inflect,VV,EF,내/VV/*+겠/EP/*+ㄹ게/EF/*
내겠자,0,0,-500,VV+EP+EF,*,F,내겠자,Inflect,VV,EF,내/VV/*+겠/EP/*+자/EF/*
내겠으세요,0,0,-500,VV+EP+EF,*,F,내겠으세요,Inflect,VV,EF,내/VV/*+겠/EP/*+세요/EF/*
넣는,0,0,-500,VV+ETM,*,T,넣는,Inflect,VV,ETM,넣/VV/*+는/ETM/*
넣ㄴ,0,0,-500,VV+ETM,*,F,넣ㄴ,Inflect,VV,ETM,넣/VV/*+ㄴ/ETM/*
넣으은,0,0,-500,VV+ETM,*,T,넣으은,Inflect,VV,ETM,넣/VV/*+은/ETM/*
넣ㄹ,0,0,-500,VV+ETM,*,F,넣ㄹ,Inflect,VV,ETM,넣/VV/*+ㄹ/ETM/*
넣으을,0,0,-500,VV+ETM,*,T,넣으을,Inflect,VV,ETM,넣/VV/*+을/ETM/*
넣고,0,0,-500,VV+EC,*,F,넣고,Inflect,VV,EC,넣/VV/*+고/EC/*
넣어서,0,0,-500,VV+EC,*,F,넣어서,Inflect,VV,EC,넣/VV/*+서/EC/*
넣으니까,0,0,-500,VV+EC,*,F,넣으니까,Inflect,VV,EC,넣/VV/*+니까/EC/*
넣으니,0,0,-500,VV+EC,*,F,넣으니,Inflect,VV,EC,넣/VV/*+니/EC/*
넣으면,0,0,-500,VV+EC,*,T,넣으면,Inflect,VV,EC,넣/VV/*+면/EC/*
넣지만,0,0,-500,VV+EC,*,T,넣지만,Inflect,VV,EC,넣/VV/*+지만/EC/*
넣는데,0,0,-500,VV+EC,*,F,넣는데,Inflect,VV,EC,넣/VV/*+는데/EC/*
넣ㄴ데,0,0,-500,VV+EC,*,F,넣ㄴ데,Inflect,VV,EC,넣/VV/*+ㄴ데/EC/*
넣으은데,0,0,-500,VV+EC,*,F,넣으은데,Inflect,VV,EC,넣/VV/*+은데/EC/*
넣으면서,0,0,-500,VV+EC,*,F,넣으면서,Inflect,VV,EC,넣/VV/*+면서/EC/*
넣으며,0,0,-500,VV+EC,*,F,넣으며,Inflect,VV,EC,넣/VV/*+며/EC/*
넣으러,0,0,-500,VV+EC,*,F,넣으러,Inflect,VV,EC,넣/VV/*+러/EC/*
넣으려고,0,0,-500,VV+EC,*,F,넣으려고,Inflect,VV,EC,넣/VV/*+려고/EC/*
넣으려,0,0,-500,VV+EC,*,F,넣으려,Inflect,VV,EC,넣/VV/*+려/EC/*
넣어도,0,0,-500,VV+EC,*,F,넣어도,Inflect,VV,EC,넣/VV/*+도/EC/*
넣다가,0,0,-500,VV+EC,*,F,넣다가,Inflect,VV,EC,넣/VV/*+다가/EC/*
넣자,0,0,-500,VV+EC,*,F,넣자,Inflect,VV,EC,넣/VV/*+자/EC/*
넣자마자,0,0,-500,VV+EC,*,F,넣자마자,Inflect,VV,EC,넣/VV/*+자마자/EC/*
넣고서,0,0,-500,VV+EC,*,F,넣고서,Inflect,VV,EC,넣/VV/*+고서/EC/*
넣고나서,0,0,-500,VV+EC,*,F,넣고나서,Inflect,VV,EC,넣/VV/*+고나서/EC/*
넣도록,0,0,-500,VV+EC,*,T,넣도록,Inflect,VV,EC,넣/VV/*+도록/EC/*
넣게,0,0,-500,VV+EC,*,F,넣게,Inflect,VV,EC,넣/VV/*+게/EC/*
넣더라도,0,0,-500,VV+EC,*,F,넣더라도,Inflect,VV,EC,넣/VV/*+더라도/EC/*
넣ㄹ지라도,0,0,-500,VV+EC,*,F,넣ㄹ지라도,Inflect,VV,EC,넣/VV/*+ㄹ지라도/EC/*
넣으을지라도,0,0,-500,VV+EC,*,F,넣으을지라도,Inflect,VV,EC,넣/VV/*+을지라도/EC/*
넣ㄹ수록,0,0,-500,VV+EC,*,T,넣ㄹ수록,Inflect,VV,EC,넣/VV/*+ㄹ수록/EC/*
넣으을수록,0,0,-500,VV+EC,*,T,넣으을수록,Inflect,VV,EC,넣/VV/*+을수록/EC/*
넣다고,0,0,-500,VV+EC,*,F,넣다고,Inflect,VV,EC,넣/VV/*+다고/EC/*
넣라고,0,0,-500,VV+EC,*,F,넣라고,Inflect,VV,EC,넣/VV/*+라고/EC/*
넣냐고,0,0,-500,VV+EC,*,F,넣냐고,Inflect,VV,EC,넣/VV/*+냐고/EC/*
넣지,0,0,-500,VV+EC,*,F,넣지,Inflect,VV,EC,넣/VV/*+지/EC/*
넣거나,0,0,-500,VV+EC,*,F,넣거나,Inflect,VV,EC,넣/VV/*+거나/EC/*
넣든지,0,0,-500,VV+EC,*,F,넣든지,Inflect,VV,EC,넣/VV/*+든지/EC/*
넣듯이,0,0,-500,VV+EC,*,F,넣듯이,Inflect,VV,EC,넣/VV/*+듯이/EC/*
넣듯,0,0,-500,VV+EC,*,T,넣듯,Inflect,VV,EC,넣/VV/*+듯/EC/*
넣다,0,0,-500,VV+EF,*,F,넣다,Inflect,VV,EF,넣/VV/*+다/EF/*
넣어요,0,0,-500,VV+EF,*,F,넣어요,Inflect,VV,EF,넣/VV/*+요/EF/*
넣ㅂ니다,0,0,-500,VV+EF,*,F,넣ㅂ니다,Inflect,VV,EF,넣/VV/*+ㅂ니다/EF/*
넣으습니다,0,0,-500,VV+EF,*,F,넣으습니다,Inflect,VV,EF,넣/VV/*+습니다/EF/*
넣ㄹ까,0,0,-500,VV+EF,*,F,넣ㄹ까,Inflect,VV,EF,넣/VV/*+ㄹ까/EF/*
넣ㄹ까요,0,0,-500,VV+EF,*,F,넣ㄹ까요,Inflect,VV,EF,넣/VV/*+ㄹ까요/EF/*
넣ㄹ게요,0,0,-500,VV+EF,*,F,넣ㄹ게요,Inflect,VV,EF,넣/VV/*+ㄹ게요/EF/*
넣ㄹ게,0,0,-500,VV+EF,*,F,넣ㄹ게,Inflect,VV,EF,넣/VV/*+ㄹ게/EF/*
넣자,0,0,-500,VV+EF,*,F,넣자,Inflect,VV,EF,넣/VV/*+자/EF/*
넣으세요,0,0,-500,VV+EF,*,F,넣으세요,Inflect,VV,EF,넣/VV/*+세요/EF/*
넣었다,0,0,-500,VV+EP+EF,*,F,넣었다,Inflect,VV,EF,넣/VV/*+았/EP/*+다/EF/*
넣었어요,0,0,-500,VV+EP+EF,*,F,넣었어요,Inflect,VV,EF,넣/VV/*+았/EP/*+요/EF/*
넣었ㅂ니다,0,0,-500,VV+EP+EF,*,F,넣었ㅂ니다,Inflect,VV,EF,넣/VV/*+았/EP/*+ㅂ니다/EF/*
넣었으습니다,0,0,-500,VV+EP+EF,*,F,넣었으습니다,Inflect,VV,EF,넣/VV/*+았/EP/*+습니다/EF/*
넣었ㄹ까,0,0,-500,VV+EP+EF,*,F,넣었ㄹ까,Inflect,VV,EF,넣/VV/*+았/EP/*+ㄹ까/EF/*
넣었ㄹ까요,0,0,-500,VV+EP+EF,*,F,넣었ㄹ까요,Inflect,VV,EF,넣/VV/*+았/EP/*+ㄹ까요/EF/*
넣었ㄹ게요,0,0,-500,VV+EP+EF,*,F,넣었ㄹ게요,Inflect,VV,EF,넣/VV/*+았/EP/*+ㄹ게요/EF/*
넣었ㄹ게,0,0,-500,VV+EP+EF,*,F,넣었ㄹ게,Inflect,VV,EF,넣/VV/*+았/EP/*+ㄹ게/EF/*
넣었자,0,0,-500,VV+EP+EF,*,F,넣었자,Inflect,VV,EF,넣/VV/*+았/EP/*+자/EF/*
넣었으세요,0,0,-500,VV+EP+EF,*,F,넣었으세요,Inflect,VV,EF,넣/VV/*+았/EP/*+세요/EF/*
넣었다,0,0,-500,VV+EP+EF,*,F,넣었다,Inflect,VV,EF,넣/VV/*+었/EP/*+다/EF/*
넣었어요,0,0,-500,VV+EP+EF,*,F,넣었어요,Inflect,VV,EF,넣/VV/*+었/EP/*+요/EF/*
넣었ㅂ니다,0,0,-500,VV+EP+EF,*,F,넣었ㅂ니다,Inflect,VV,EF,넣/VV/*+었/EP/*+ㅂ니다/EF/*
넣었으습니다,0,0,-500,VV+EP+EF,*,F,넣었으습니다,Inflect,VV,EF,넣/VV/*+었/EP/*+습니다/EF/*
넣었ㄹ까,0,0,-500,VV+EP+EF,*,F,넣었ㄹ까,Inflect,VV,EF,넣/VV/*+었/EP/*+ㄹ까/EF/*
넣었ㄹ까요,0,0,-500,VV+EP+EF,*,F,넣었ㄹ까요,Inflect,VV,EF,넣/VV/*+었/EP/*+ㄹ까요/EF/*
넣었ㄹ게요,0,0,-500,VV+EP+EF,*,F,넣었ㄹ게요,Inflect,VV,EF,넣/VV/*+었/EP/*+ㄹ게요/EF/*
넣었ㄹ게,0,0,-500,VV+EP+EF,*,F,넣었ㄹ게,Inflect,VV,EF,넣/VV/*+었/EP/*+ㄹ게/EF/*
넣었자,0,0,-500,VV+EP+EF,*,F,넣었자,Inflect,VV,EF,넣/VV/*+었/EP/*+자/EF/*
넣었으세요,0,0,-500,VV+EP+EF,*,F,넣었으세요,Inflect,VV,EF,넣/VV/*+었/EP/*+세요/EF/*
넣으시다,0,0,-500,VV+EP+EF,*,F,넣으시다,Inflect,VV,EF,넣/VV/*+시/EP/*+다/EF/*
넣으셔요,0,0,-500,VV+EP+EF,*,F,넣으셔요,Inflect,VV,EF,넣/VV/*+시/EP/*+요/EF/*
넣으십니다,0,0,-500,VV+EP+EF,*,F,넣으십니다,Inflect,VV,EF,넣/VV/*+시/EP/*+ㅂ니다/EF/*
넣으시습니다,0,0,-500,VV+EP+EF,*,F,넣으시습니다,Inflect,VV,EF,넣/VV/*+시/EP/*+습니다/EF/*
넣으실까,0,0,-500,VV+EP+EF,*,F,넣으실까,Inflect,VV,EF,넣/VV/*+시/EP/*+ㄹ까/EF/*
넣으실까요,0,0,-500,VV+EP+EF,*,F,넣으실까요,Inflect,VV,EF,넣/VV/*+시/EP/*+ㄹ까요/EF/*
넣으실게요,0,0,-500,VV+EP+EF,*,F,넣으실게요,Inflect,VV,EF,넣/VV/*+시/EP/*+ㄹ게요/EF/*
넣으실게,0,0,-500,VV+EP+EF,*,F,넣으실게,Inflect,VV,EF,넣/VV/*+시/EP/*+ㄹ게/EF/*
넣으시자,0,0,-500,VV+EP+EF,*,F,넣으시자,Inflect,VV,EF,넣/VV/*+시/EP/*+자/EF/*
넣으시세요,0,0,-500,VV+EP+EF,*,F,넣으시세요,Inflect,VV,EF,넣/VV/*+시/EP/*+세요/EF/*
넣겠다,0,0,-500,VV+EP+EF,*,F,넣겠다,Inflect,VV,EF,넣/VV/*+겠/EP/*+다/EF/*
넣겠어요,0,0,-500,VV+EP+EF,*,F,넣겠어요,Inflect,VV,EF,넣/VV/*+겠/EP/*+요/EF/*
넣겠ㅂ니다,0,0,-500,VV+EP+EF,*,F,넣겠ㅂ니다,Inflect,VV,EF,넣/VV/*+겠/EP/*+ㅂ니다/EF/*
넣겠으습니다,0,0,-500,VV+EP+EF,*,F,넣겠으습니다,Inflect,VV,EF,넣/VV/*+겠/EP/*+습니다/EF/*
넣겠ㄹ까,0,0,-500,VV+EP+EF,*,F,넣겠ㄹ까,Inflect,VV,EF,넣/VV/*+겠/EP/*+ㄹ까/EF/*
넣겠ㄹ까요,0,0,-500,VV+EP+EF,*,F,넣겠ㄹ까요,Inflect,VV,EF,넣/VV/*+겠/EP/*+ㄹ까요/EF/*
넣겠ㄹ게요,0,0,-500,VV+EP+EF,*,F,넣겠ㄹ게요,Inflect,VV,EF,넣/VV/*+겠/EP/*+ㄹ게요/EF/*
넣겠ㄹ게,0,0,-500,VV+EP+EF,*,F,넣겠ㄹ게,Inflect,VV,EF,넣/VV/*+겠/EP/*+ㄹ게/EF/*
넣겠자,0,0,-500,VV+EP+EF,*,F,넣겠자,Inflect,VV,EF,넣/VV/*+겠/EP/*+자/EF/*
넣겠으세요,0,0,-500,VV+EP+EF,*,F,넣겠으세요,Inflect,VV,EF,넣/VV/*+겠/EP/*+세요/EF/*
빼는,0,0,-500,VV+ETM,*,T,빼는,Inflect,VV,ETM,빼/VV/*+는/ETM/*
뺀,0,0,-500,VV+ETM,*,T,뺀,Inflect,VV,ETM,빼/VV/*+ㄴ/ETM/*
빼은,0,0,-500,VV+ETM,*,T,빼은,Inflect,VV,ETM,빼/VV/*+은/ETM/*
뺄,0,0,-500,VV+ETM,*,T,뺄,Inflect,VV,ETM,빼/VV/*+ㄹ/ETM/*
빼을,0,0,-500,VV+ETM,*,T,빼을,Inflect,VV,ETM,빼/VV/*+을/ETM/*
빼고,0,0,-500,VV+EC,*,F,빼고,Inflect,VV,EC,빼/VV/*+고/EC/*
빼어서,0,0,-500,VV+EC,*,F,빼어서,Inflect,VV,EC,빼/VV/*+서/EC/*
빼니까,0,0,-500,VV+EC,*,F,빼니까,Inflect,VV,EC,빼/VV/*+니까/EC/*
빼니,0,0,-500,VV+EC,*,F,빼니,Inflect,VV,EC,빼/VV/*+니/EC/*
빼면,0,0,-500,VV+EC,*,T,빼면,Inflect,VV,EC,빼/VV/*+면/EC/*
빼지만,0,0,-500,VV+EC,*,T,빼지만,Inflect,VV,EC,빼/VV/*+지만/EC/*
빼는데,0,0,-500,VV+EC,*,F,빼는데,Inflect,VV,EC,빼/VV/*+는데/EC/*
뺀데,0,0,-500,VV+EC,*,F,뺀데,Inflect,VV,EC,빼/VV/*+ㄴ데/EC/*
빼은데,0,0,-500,VV+EC,*,F,빼은데,Inflect,VV,EC,빼/VV/*+은데/EC/*
빼면서,0,0,-500,VV+EC,*,F,빼면서,Inflect,VV,EC,빼/VV/*+면서/EC/*
빼며,0,0,-500,VV+EC,*,F,빼며,Inflect,VV,EC,빼/VV/*+며/EC/*
빼러,0,0,-500,VV+EC,*,F,빼러,Inflect,VV,EC,빼/VV/*+러/EC/*
빼려고,0,0,-500,VV+EC,*,F,빼려고,Inflect,VV,EC,빼/VV/*+려고/EC/*
빼려,0,0,-500,VV+EC,*,F,빼려,Inflect,VV,EC,빼/VV/*+려/EC/*
빼어도,0,0,-500,VV+EC,*,F,빼어도,Inflect,VV,EC,빼/VV/*+도/EC/*
빼다가,0,0,-500,VV+EC,*,F,빼다가,Inflect,VV,EC,빼/VV/*+다가/EC/*
빼자,0,0,-500,VV+EC,*,F,빼자,Inflect,VV,EC,빼/VV/*+자/EC/*
빼자마자,0,0,-500,VV+EC,*,F,빼자마자,Inflect,VV,EC,빼/VV/*+자마자/EC/*
빼고서,0,0,-500,VV+EC,*,F,빼고서,Inflect,VV,EC,빼/VV/*+고서/EC/*
빼고나서,0,0,-500,VV+EC,*,F,빼고나서,Inflect,VV,EC,빼/VV/*+고나서/EC/*
빼도록,0,0,-500,VV+EC,*,T,빼도록,Inflect,VV,EC,빼/VV/*+도록/EC/*
빼게,0,0,-500,VV+EC,*,F,빼게,Inflect,VV,EC,빼/VV/*+게/EC/*
빼더라도,0,0,-500,VV+EC,*,F,빼더라도,Inflect,VV,EC,빼/VV/*+더라도/EC/*
뺄지라도,0,0,-500,VV+EC,*,F,뺄지라도,Inflect,VV,EC,빼/VV/*+ㄹ지라도/EC/*
빼을지라도,0,0,-500,VV+EC,*,F,빼을지라도,Inflect,VV,EC,빼/VV/*+을지라도/EC/*
뺄수록,0,0,-500,VV+EC,*,T,뺄수록,Inflect,VV,EC,빼/VV/*+ㄹ수록/EC/*
빼을수록,0,0,-500,VV+EC,*,T,빼을수록,Inflect,VV,EC,빼/VV/*+을수록/EC/*
빼다고,0,0,-500,VV+EC,*,F,빼다고,Inflect,VV,EC,빼/VV/*+다고/EC/*
빼라고,0,0,-500,VV+EC,*,F,빼라고,Inflect,VV,EC,빼/VV/*+라고/EC/*
빼냐고,0,0,-500,VV+EC,*,F,빼냐고,Inflect,VV,EC,빼/VV/*+냐고/EC/*
빼지,0,0,-500,VV+EC,*,F,빼지,Inflect,VV,EC,빼/VV/*+지/EC/*
빼거나,0,0,-500,VV+EC,*,F,빼거나,Inflect,VV,EC,빼/VV/*+거나/EC/*
빼든지,0,0,-500,VV+EC,*,F,빼든지,Inflect,VV,EC,빼/VV/*+든지/EC/*
빼듯이,0,0,-500,VV+EC,*,F,빼듯이,Inflect,VV,EC,빼/VV/*+듯이/EC/*
빼듯,0,0,-500,VV+EC,*,T,빼듯,Inflect,VV,EC,빼/VV/*+듯/EC/*
빼다,0,0,-500,VV+EF,*,F,빼다,Inflect,VV,EF,빼/VV/*+다/EF/*
빼어요,0,0,-500,VV+EF,*,F,빼어요,Inflect,VV,EF,빼/VV/*+요/EF/*
뺍니다,0,0,-500,VV+EF,*,F,뺍니다,Inflect,VV,EF,빼/VV/*+ㅂ니다/EF/*
빼습니다,0,0,-500,VV+EF,*,F,빼습니다,Inflect,VV,EF,빼/VV/*+습니다/EF/*
뺄까,0,0,-500,VV+EF,*,F,뺄까,Inflect,VV,EF,빼/VV/*+ㄹ까/EF/*
뺄까요,0,0,-500,VV+EF,*,F,뺄까요,Inflect,VV,EF,빼/VV/*+ㄹ까요/EF/*
뺄게요,0,0,-500,VV+EF,*,F,뺄게요,Inflect,VV,EF,빼/VV/*+ㄹ게요/EF/*
뺄게,0,0,-500,VV+EF,*,F,뺄게,Inflect,VV,EF,빼/VV/*+ㄹ게/EF/*
빼자,0,0,-500,VV+EF,*,F,빼자,Inflect,VV,EF,빼/VV/*+자/EF/*
빼세요,0,0,-500,VV+EF,*,F,빼세요,Inflect,VV,EF,빼/VV/*+세요/EF/*
뺐다,0,0,-500,VV+EP+EF,*,F,뺐다,Inflect,VV,EF,빼/VV/*+았/EP/*+다/EF/*
뺐아요,0,0,-500,VV+EP+EF,*,F,뺐아요,Inflect,VV,EF,빼/VV/*+았/EP/*+요/EF/*
뺐ㅂ니다,0,0,-500,VV+EP+EF,*,F,뺐ㅂ니다,Inflect,VV,EF,빼/VV/*+았/EP/*+ㅂ니다/EF/*
뺐으습니다,0,0,-500,VV+EP+EF,*,F,뺐으습니다,Inflect,VV,EF,빼/VV/*+았/EP/*+습니다/EF/*
뺐ㄹ까,0,0,-500,VV+EP+EF,*,F,뺐ㄹ까,Inflect,VV,EF,빼/VV/*+았/EP/*+ㄹ까/EF/*
뺐ㄹ까요,0,0,-500,VV+EP+EF,*,F,뺐ㄹ까요,Inflect,VV,EF,빼/VV/*+았/EP/*+ㄹ까요/EF/*
뺐ㄹ게요,0,0,-500,VV+EP+EF,*,F,뺐ㄹ게요,Inflect,VV,EF,빼/VV/*+았/EP/*+ㄹ게요/EF/*
뺐ㄹ게,0,0,-500,VV+EP+EF,*,F,뺐ㄹ게,Inflect,VV,EF,빼/VV/*+았/EP/*+ㄹ게/EF/*
뺐자,0,0,-500,VV+EP+EF,*,F,뺐자,Inflect,VV,EF,빼/VV/*+았/EP/*+자/EF/*
뺐으세요,0,0,-500,VV+EP+EF,*,F,뺐으세요,Inflect,VV,EF,빼/VV/*+았/EP/*+세요/EF/*
뺐다,0,0,-500,VV+EP+EF,*,F,뺐다,Inflect,VV,EF,빼/VV/*+었/EP/*+다/EF/*
뺐어요,0,0,-500,VV+EP+EF,*,F,뺐어요,Inflect,VV,EF,빼/VV/*+었/EP/*+요/EF/*
뺐ㅂ니다,0,0,-500,VV+EP+EF,*,F,뺐ㅂ니다,Inflect,VV,EF,빼/VV/*+었/EP/*+ㅂ니다/EF/*
뺐으습니다,0,0,-500,VV+EP+EF,*,F,뺐으습니다,Inflect,VV,EF,빼/VV/*+었/EP/*+습니다/EF/*
뺐ㄹ까,0,0,-500,VV+EP+EF,*,F,뺐ㄹ까,Inflect,VV,EF,빼/VV/*+었/EP/*+ㄹ까/EF/*
뺐ㄹ까요,0,0,-500,VV+EP+EF,*,F,뺐ㄹ까요,Inflect,VV,EF,빼/VV/*+었/EP/*+ㄹ까요/EF/*
뺐ㄹ게요,0,0,-500,VV+EP+EF,*,F,뺐ㄹ게요,Inflect,VV,EF,빼/VV/*+었/EP/*+ㄹ게요/EF/*
뺐ㄹ게,0,0,-500,VV+EP+EF,*,F,뺐ㄹ게,Inflect,VV,EF,빼/VV/*+었/EP/*+ㄹ게/EF/*
뺐자,0,0,-500,VV+EP+EF,*,F,뺐자,Inflect,VV,EF,빼/VV/*+었/EP/*+자/EF/*
뺐으세요,0,0,-500,VV+EP+EF,*,F,뺐으세요,Inflect,VV,EF,빼/VV/*+었/EP/*+세요/EF/*
빼시다,0,0,-500,VV+EP+EF,*,F,빼시다,Inflect,VV,EF,빼/VV/*+시/EP/*+다/EF/*
빼셔요,0,0,-500,VV+EP+EF,*,F,빼셔요,Inflect,VV,EF,빼/VV/*+시/EP/*+요/EF/*
빼십니다,0,0,-500,VV+EP+EF,*,F,빼십니다,Inflect,VV,EF,빼/VV/*+시/EP/*+ㅂ니다/EF/*
빼시습니다,0,0,-500,VV+EP+EF,*,F,빼시습니다,Inflect,VV,EF,빼/VV/*+시/EP/*+습니다/EF/*
빼실까,0,0,-500,VV+EP+EF,*,F,빼실까,Inflect,VV,EF,빼/VV/*+시/EP/*+ㄹ까/EF/*
빼실까요,0,0,-500,VV+EP+EF,*,F,빼실까요,Inflect,VV,EF,빼/VV/*+시/EP/*+ㄹ까요/EF/*
빼실게요,0,0,-500,VV+EP+EF,*,F,빼실게요,Inflect,VV,EF,빼/VV/*+시/EP/*+ㄹ게요/EF/*
빼실게,0,0,-500,VV+EP+EF,*,F,빼실게,Inflect,VV,EF,빼/VV/*+시/EP/*+ㄹ게/EF/*
빼시자,0,0,-500,VV+EP+EF,*,F,빼시자,Inflect,VV,EF,빼/VV/*+시/EP/*+자/EF/*
빼시세요,0,0,-500,VV+EP+EF,*,F,빼시세요,Inflect,VV,EF,빼/VV/*+시/EP/*+세요/EF/*
빼겠다,0,0,-500,VV+EP+EF,*,F,빼겠다,Inflect,VV,EF,빼/VV/*+겠/EP/*+다/EF/*
빼겠어요,0,0,-500,VV+EP+EF,*,F,빼겠어요,Inflect,VV,EF,빼/VV/*+겠/EP/*+요/EF/*
빼겠ㅂ니다,0,0,-500,VV+EP+EF,*,F,빼겠ㅂ니다,Inflect,VV,EF,빼/VV/*+겠/EP/*+ㅂ니다/EF/*
빼겠으습니다,0,0,-500,VV+EP+EF,*,F,빼겠으습니다,Inflect,VV,EF,빼/VV/*+겠/EP/*+습니다/EF/*
빼겠ㄹ까,0,0,-500,VV+EP+EF,*,F,빼겠ㄹ까,Inflect,VV,EF,빼/VV/*+겠/EP/*+ㄹ까/EF/*
빼겠ㄹ까요,0,0,-500,VV+EP+EF,*,F,빼겠ㄹ까요,Inflect,VV,EF,빼/VV/*+겠/EP/*+ㄹ까요/EF/*
빼겠ㄹ게요,0,0,-500,VV+EP+EF,*,F,빼겠ㄹ게요,Inflect,VV,EF,빼/VV/*+겠/EP/*+ㄹ게요/EF/*
빼겠ㄹ게,0,0,-500,VV+EP+EF,*,F,빼겠ㄹ게,Inflect,VV,EF,빼/VV/*+겠/EP/*+ㄹ게/EF/*
빼겠자,0,0,-500,VV+EP+EF,*,F,빼겠자,Inflect,VV,EF,빼/VV/*+겠/EP/*+자/EF/*
빼겠으세요,0,0,-500,VV+EP+EF,*,F,빼겠으세요,Inflect,VV,EF,빼/VV/*+겠/EP/*+세요/EF/*
차는,0,0,-500,VV+ETM,*,T,차는,Inflect,VV,ETM,차/VV/*+는/ETM/*
찬,0,0,-500,VV+ETM,*,T,찬,Inflect,VV,ETM,차/VV/*+ㄴ/ETM/*
차은,0,0,-500,VV+ETM,*,T,차은,Inflect,VV,ETM,차/VV/*+은/ETM/*
찰,0,0,-500,VV+ETM,*,T,찰,Inflect,VV,ETM,차/VV/*+ㄹ/ETM/*
차을,0,0,-500,VV+ETM,*,T,차을,Inflect,VV,ETM,차/VV/*+을/ETM/*
차고,0,0,-500,VV+EC,*,F,차고,Inflect,VV,EC,차/VV/*+고/EC/*
차서,0,0,-500,VV+EC,*,F,차서,Inflect,VV,EC,차/VV/*+서/EC/*
차니까,0,0,-500,VV+EC,*,F,차니까,Inflect,VV,EC,차/VV/*+니까/EC/*
차니,0,0,-500,VV+EC,*,F,차니,Inflect,VV,EC,차/VV/*+니/EC/*
차면,0,0,-500,VV+EC,*,T,차면,Inflect,VV,EC,차/VV/*+면/EC/*
차지만,0,0,-500,VV+EC,*,T,차지만,Inflect,VV,EC,차/VV/*+지만/EC/*
차는데,0,0,-500,VV+EC,*,F,차는데,Inflect,VV,EC,차/VV/*+는데/EC/*
찬데,0,0,-500,VV+EC,*,F,찬데,Inflect,VV,EC,차/VV/*+ㄴ데/EC/*
차은데,0,0,-500,VV+EC,*,F,차은데,Inflect,VV,EC,차/VV/*+은데/EC/*
차면서,0,0,-500,VV+EC,*,F,차면서,Inflect,VV,EC,차/VV/*+면서/EC/*
차며,0,0,-500,VV+EC,*,F,차며,Inflect,VV,EC,차/VV/*+며/EC/*
차러,0,0,-500,VV+EC,*,F,차러,Inflect,VV,EC,차/VV/*+러/EC/*
차려고,0,0,-500,VV+EC,*,F,차려고,Inflect,VV,EC,차/VV/*+려고/EC/*
차려,0,0,-500,VV+EC,*,F,차려,Inflect,VV,EC,차/VV/*+려/EC/*
차도,0,0,-500,VV+EC,*,F,차도,Inflect,VV,EC,차/VV/*+도/EC/*
차다가,0,0,-500,VV+EC,*,F,차다가,Inflect,VV,EC,차/VV/*+다가/EC/*
차자,0,0,-500,VV+EC,*,F,차자,Inflect,VV,EC,차/VV/*+자/EC/*
차자마자,0,0,-500,VV+EC,*,F,차자마자,Inflect,VV,EC,차/VV/*+자마자/EC/*
차고서,0,0,-500,VV+EC,*,F,차고서,Inflect,VV,EC,차/VV/*+고서/EC/*
차고나서,0,0,-500,VV+EC,*,F,차고나서,Inflect,VV,EC,차/VV/*+고나서/EC/*
차도록,0,0,-500,VV+EC,*,T,차도록,Inflect,VV,EC,차/VV/*+도록/EC/*
차게,0,0,-500,VV+EC,*,F,차게,Inflect,VV,EC,차/VV/*+게/EC/*
차더라도,0,0,-500,VV+EC,*,F,차더라도,Inflect,VV,EC,차/VV/*+더라도/EC/*
찰지라도,0,0,-500,VV+EC,*,F,찰지라도,Inflect,VV,EC,차/VV/*+ㄹ지라도/EC/*
차을지라도,0,0,-500,VV+EC,*,F,차을지라도,Inflect,VV,EC,차/VV/*+을지라도/EC/*
찰수록,0,0,-500,VV+EC,*,T,찰수록,Inflect,VV,EC,차/VV/*+ㄹ수록/EC/*
차을수록,0,0,-500,VV+EC,*,T,차을수록,Inflect,VV,EC,차/VV/*+을수록/EC/*
차다고,0,0,-500,VV+EC,*,F,차다고,Inflect,VV,EC,차/VV/*+다고/EC/*
차라고,0,0,-500,VV+EC,*,F,차라고,Inflect,VV,EC,차/VV/*+라고/EC/*
차냐고,0,0,-500,VV+EC,*,F,차냐고,Inflect,VV,EC,차/VV/*+냐고/EC/*
차지,0,0,-500,VV+EC,*,F,차지,Inflect,VV,EC,차/VV/*+지/EC/*
차거나,0,0,-500,VV+EC,*,F,차거나,Inflect,VV,EC,차/VV/*+거나/EC/*
차든지,0,0,-500,VV+EC,*,F,차든지,Inflect,VV,EC,차/VV/*+든지/EC/*
차듯이,0,0,-500,VV+EC,*,F,차듯이,Inflect,VV,EC,차/VV/*+듯이/EC/*
차듯,0,0,-500,VV+EC,*,T,차듯,Inflect,VV,EC,차/VV/*+듯/EC/*
차다,0,0,-500,VV+EF,*,F,차다,Inflect,VV,EF,차/VV/*+다/EF/*
차요,0,0,-500,VV+EF,*,F,차요,Inflect,VV,EF,차/VV/*+요/EF/*
찹니다,0,0,-500,VV+EF,*,F,찹니다,Inflect,VV,EF,차/VV/*+ㅂ니다/EF/*
차습니다,0,0,-500,VV+EF,*,F,차습니다,Inflect,VV,EF,차/VV/*+습니다/EF/*
찰까,0,0,-500,VV+EF,*,F,찰까,Inflect,VV,EF,차/VV/*+ㄹ까/EF/*
찰까요,0,0,-500,VV+EF,*,F,찰까요,Inflect,VV,EF,차/VV/*+ㄹ까요/EF/*
찰게요,0,0,-500,VV+EF,*,F,찰게요,Inflect,VV,EF,차/VV/*+ㄹ게요/EF/*
찰게,0,0,-500,VV+EF,*,F,찰게,Inflect,VV,EF,차/VV/*+ㄹ게/EF/*
차자,0,0,-500,VV+EF,*,F,차자,Inflect,VV,EF,차/VV/*+자/EF/*
차세요,0,0,-500,VV+EF,*,F,차세요,Inflect,VV,EF,차/VV/*+세요/EF/*
찼다,0,0,-500,VV+EP+EF,*,F,찼다,Inflect,VV,EF,차/VV/*+았/EP/*+다/EF/*
찼아요,0,0,-500,VV+EP+EF,*,F,찼아요,Inflect,VV,EF,차/VV/*+았/EP/*+요/EF/*
찼ㅂ니다,0,0,-500,VV+EP+EF,*,F,찼ㅂ니다,Inflect,VV,EF,차/VV/*+았/EP/*+ㅂ니다/EF/*
찼으습니다,0,0,-500,VV+EP+EF,*,F,찼으습니다,Inflect,VV,EF,차/VV/*+았/EP/*+습니다/EF/*
찼ㄹ까,0,0,-500,VV+EP+EF,*,F,찼ㄹ까,Inflect,VV,EF,차/VV/*+았/EP/*+ㄹ까/EF/*
찼ㄹ까요,0,0,-500,VV+EP+EF,*,F,찼ㄹ까요,Inflect,VV,EF,차/VV/*+았/EP/*+ㄹ까요/EF/*
찼ㄹ게요,0,0,-500,VV+EP+EF,*,F,찼ㄹ게요,Inflect,VV,EF,차/VV/*+았/EP/*+ㄹ게요/EF/*
찼ㄹ게,0,0,-500,VV+EP+EF,*,F,찼ㄹ게,Inflect,VV,EF,차/VV/*+았/EP/*+ㄹ게/EF/*
찼자,0,0,-500,VV+EP+EF,*,F,찼자,Inflect,VV,EF,차/VV/*+았/EP/*+자/EF/*
찼으세요,0,0,-500,VV+EP+EF,*,F,찼으세요,Inflect,VV,EF,차/VV/*+았/EP/*+세요/EF/*
찼다,0,0,-500,VV+EP+EF,*,F,찼다,Inflect,VV,EF,차/VV/*+었/EP/*+다/EF/*
찼아요,0,0,-500,VV+EP+EF,*,F,찼아요,Inflect,VV,EF,차/VV/*+었/EP/*+요/EF/*
찼ㅂ니다,0,0,-500,VV+EP+EF,*,F,찼ㅂ니다,Inflect,VV,EF,차/VV/*+었/EP/*+ㅂ니다/EF/*
찼으습니다,0,0,-500,VV+EP+EF,*,F,찼으습니다,Inflect,VV,EF,차/VV/*+었/EP/*+습니다/EF/*
찼ㄹ까,0,0,-500,VV+EP+EF,*,F,찼ㄹ까,Inflect,VV,EF,차/VV/*+었/EP/*+ㄹ까/EF/*
찼ㄹ까요,0,0,-500,VV+EP+EF,*,F,찼ㄹ까요,Inflect,VV,EF,차/VV/*+었/EP/*+ㄹ까요/EF/*
찼ㄹ게요,0,0,-500,VV+EP+EF,*,F,찼ㄹ게요,Inflect,VV,EF,차/VV/*+었/EP/*+ㄹ게요/EF/*
찼ㄹ게,0,0,-500,VV+EP+EF,*,F,찼ㄹ게,Inflect,VV,EF,차/VV/*+었/EP/*+ㄹ게/EF/*
찼자,0,0,-500,VV+EP+EF,*,F,찼자,Inflect,VV,EF,차/VV/*+었/EP/*+자/EF/*
찼으세요,0,0,-500,VV+EP+EF,*,F,찼으세요,Inflect,VV,EF,차/VV/*+었/EP/*+세요/EF/*
차시다,0,0,-500,VV+EP+EF,*,F,차시다,Inflect,VV,EF,차/VV/*+시/EP/*+다/EF/*
차셔요,0,0,-500,VV+EP+EF,*,F,차셔요,Inflect,VV,EF,차/VV/*+시/EP/*+요/EF/*
차십니다,0,0,-500,VV+EP+EF,*,F,차십니다,Inflect,VV,EF,차/VV/*+시/EP/*+ㅂ니다/EF/*
차시습니다,0,0,-500,VV+EP+EF,*,F,차시습니다,Inflect,VV,EF,차/VV/*+시/EP/*+습니다/EF/*
차실까,0,0,-500,VV+EP+EF,*,F,차실까,Inflect,VV,EF,차/VV/*+시/EP/*+ㄹ까/EF/*
차실까요,0,0,-500,VV+EP+EF,*,F,차실까요,Inflect,VV,EF,차/VV/*+시/EP/*+ㄹ까요/EF/*
차실게요,0,0,-500,VV+EP+EF,*,F,차실게요,Inflect,VV,EF,차/VV/*+시/EP/*+ㄹ게요/EF/*
차실게,0,0,-500,VV+EP+EF,*,F,차실게,Inflect,VV,EF,차/VV/*+시/EP/*+ㄹ게/EF/*
차시자,0,0,-500,VV+EP+EF,*,F,차시자,Inflect,VV,EF,차/VV/*+시/EP/*+자/EF/*
차시세요,0,0,-500,VV+EP+EF,*,F,차시세요,Inflect,VV,EF,차/VV/*+시/EP/*+세요/EF/*
차겠다,0,0,-500,VV+EP+EF,*,F,차겠다,Inflect,VV,EF,차/VV/*+겠/EP/*+다/EF/*
차겠어요,0,0,-500,VV+EP+EF,*,F,차겠어요,Inflect,VV,EF,차/VV/*+겠/EP/*+요/EF/*
차겠ㅂ니다,0,0,-500,VV+EP+EF,*,F,차겠ㅂ니다,Inflect,VV,EF,차/VV/*+겠/EP/*+ㅂ니다/EF/*
차겠으습니다,0,0,-500,VV+EP+EF,*,F,차겠으습니다,Inflect,VV,EF,차/VV/*+겠/EP/*+습니다/EF/*
차겠ㄹ까,0,0,-500,VV+EP+EF,*,F,차겠ㄹ까,Inflect,VV,EF,차/VV/*+겠/EP/*+ㄹ까/EF/*
차겠ㄹ까요,0,0,-500,VV+EP+EF,*,F,차겠ㄹ까요,Inflect,VV,EF,차/VV/*+겠/EP/*+ㄹ까요/EF/*
차겠ㄹ게요,0,0,-500,VV+EP+EF,*,F,차겠ㄹ게요,Inflect,VV,EF,차/VV/*+겠/EP/*+ㄹ게요/EF/*
차겠ㄹ게,0,0,-500,VV+EP+EF,*,F,차겠ㄹ게,Inflect,VV,EF,차/VV/*+겠/EP/*+ㄹ게/EF/*
차겠자,0,0,-500,VV+EP+EF,*,F,차겠자,Inflect,VV,EF,차/VV/*+겠/EP/*+자/EF/*
차겠으세요,0,0,-500,VV+EP+EF,*,F,차겠으세요,Inflect,VV,EF,차/VV/*+겠/EP/*+세요/EF/*
펴는,0,0,-500,VV+ETM,*,T,펴는,Inflect,VV,ETM,펴/VV/*+는/ETM/*
편,0,0,-500,VV+ETM,*,T,편,Inflect,VV,ETM,펴/VV/*+ㄴ/ETM/*
펴은,0,0,-500,VV+ETM,*,T,펴은,Inflect,VV,ETM,펴/VV/*+은/ETM/*
펼,0,0,-500,VV+ETM,*,T,펼,Inflect,VV,ETM,펴/VV/*+ㄹ/ETM/*
펴을,0,0,-500,VV+ETM,*,T,펴을,Inflect,VV,ETM,펴/VV/*+을/ETM/*
펴고,0,0,-500,VV+EC,*,F,펴고,Inflect,VV,EC,펴/VV/*+고/EC/*
펴어서,0,0,-500,VV+EC,*,F,펴어서,Inflect,VV,EC,펴/VV/*+서/EC/*
펴니까,0,0,-500,VV+EC,*,F,펴니까,Inflect,VV,EC,펴/VV/*+니까/EC/*
펴니,0,0,-500,VV+EC,*,F,펴니,Inflect,VV,EC,펴/VV/*+니/EC/*
펴면,0,0,-500,VV+EC,*,T,펴면,Inflect,VV,EC,펴/VV/*+면/EC/*
펴지만,0,0,-500,VV+EC,*,T,펴지만,Inflect,VV,EC,펴/VV/*+지만/EC/*
펴는데,0,0,-500,VV+EC,*,F,펴는데,Inflect,VV,EC,펴/VV/*+는데/EC/*
편데,0,0,-500,VV+EC,*,F,편데,Inflect,VV,EC,펴/VV/*+ㄴ데/EC/*
펴은데,0,0,-500,VV+EC,*,F,펴은데,Inflect,VV,EC,펴/VV/*+은데/EC/*
펴면서,0,0,-500,VV+EC,*,F,펴면서,Inflect,VV,EC,펴/VV/*+면서/EC/*
펴며,0,0,-500,VV+EC,*,F,펴며,Inflect,VV,EC,펴/VV/*+며/EC/*
펴러,0,0,-500,VV+EC,*,F,펴러,Inflect,VV,EC,펴/VV/*+러/EC/*
펴려고,0,0,-500,VV+EC,*,F,펴려고,Inflect,VV,EC,펴/VV/*+려고/EC/*
펴려,0,0,-500,VV+EC,*,F,펴려,Inflect,VV,EC,펴/VV/*+려/EC/*
펴어도,0,0,-500,VV+EC,*,F,펴어도,Inflect,VV,EC,펴/VV/*+도/EC/*
펴다가,0,0,-500,VV+EC,*,F,펴다가,Inflect,VV,EC,펴/VV/*+다가/EC/*
펴자,0,0,-500,VV+EC,*,F,펴자,Inflect,VV,EC,펴/VV/*+자/EC/*
펴자마자,0,0,-500,VV+EC,*,F,펴자마자,Inflect,VV,EC,펴/VV/*+자마자/EC/*
펴고서,0,0,-500,VV+EC,*,F,펴고서,Inflect,VV,EC,펴/VV/*+고서/EC/*
펴고나서,0,0,-500,VV+EC,*,F,펴고나서,Inflect,VV,EC,펴/VV/*+고나서/EC/*
펴도록,0,0,-500,VV+EC,*,T,펴도록,Inflect,VV,EC,펴/VV/*+도록/EC/*
펴게,0,0,-500,VV+EC,*,F,펴게,Inflect,VV,EC,펴/VV/*+게/EC/*
펴더라도,0,0,-500,VV+EC,*,F,펴더라도,Inflect,VV,EC,펴/VV/*+더라도/EC/*
펼지라도,0,0,-500,VV+EC,*,F,펼지라도,Inflect,VV,EC,펴/VV/*+ㄹ지라도/EC/*
펴을지라도,0,0,-500,VV+EC,*,F,펴을지라도,Inflect,VV,EC,펴/VV/*+을지라도/EC/*
펼수록,0,0,-500,VV+EC,*,T,펼수록,Inflect,VV,EC,펴/VV/*+ㄹ수록/EC/*
펴을수록,0,0,-500,VV+EC,*,T,펴을수록,Inflect,VV,EC,펴/VV/*+을수록/EC/*
펴다고,0,0,-500,VV+EC,*,F,펴다고,Inflect,VV,EC,펴/VV/*+다고/EC/*
펴라고,0,0,-500,VV+EC,*,F,펴라고,Inflect,VV,EC,펴/VV/*+라고/EC/*
펴냐고,0,0,-500,VV+EC,*,F,펴냐고,Inflect,VV,EC,펴/VV/*+냐고/EC/*
펴지,0,0,-500,VV+EC,*,F,펴지,Inflect,VV,EC,펴/VV/*+지/EC/*
펴거나,0,0,-500,VV+EC,*,F,펴거나,Inflect,VV,EC,펴/VV/*+거나/EC/*
펴든지,0,0,-500,VV+EC,*,F,펴든지,Inflect,VV,EC,펴/VV/*+든지/EC/*
펴듯이,0,0,-500,VV+EC,*,F,펴듯이,Inflect,VV,EC,펴/VV/*+듯이/EC/*
펴듯,0,0,-500,VV+EC,*,T,펴듯,Inflect,VV,EC,펴/VV/*+듯/EC/*
펴다,0,0,-500,VV+EF,*,F,펴다,Inflect,VV,EF,펴/VV/*+다/EF/*
펴어요,0,0,-500,VV+EF,*,F,펴어요,Inflect,VV,EF,펴/VV/*+요/EF/*
폅니다,0,0,-500,VV+EF,*,F,폅니다,Inflect,VV,EF,펴/VV/*+ㅂ니다/EF/*
펴습니다,0,0,-500,VV+EF,*,F,펴습니다,Inflect,VV,EF,펴/VV/*+습니다/EF/*
펼까,0,0,-500,VV+EF,*,F,펼까,Inflect,VV,EF,펴/VV/*+ㄹ까/EF/*
펼까요,0,0,-500,VV+EF,*,F,펼까요,Inflect,VV,EF,펴/VV/*+ㄹ까요/EF/*
펼게요,0,0,-500,VV+EF,*,F,펼게요,Inflect,VV,EF,펴/VV/*+ㄹ게요/EF/*
펼게,0,0,-500,VV+EF,*,F,펼게,Inflect,VV,EF,펴/VV/*+ㄹ게/EF/*
펴자,0,0,-500,VV+EF,*,F,펴자,Inflect,VV,EF,펴/VV/*+자/EF/*
펴세요,0,0,-500,VV+EF,*,F,펴세요,Inflect,VV,EF,펴/VV/*+세요/EF/*
펴었다,0,0,-500,VV+EP+EF,*,F,펴었다,Inflect,VV,EF,펴/VV/*+았/EP/*+다/EF/*
펴었어요,0,0,-500,VV+EP+EF,*,F,펴었어요,Inflect,VV,EF,펴/VV/*+았/EP/*+요/EF/*
펴었ㅂ니다,0,0,-500,VV+EP+EF,*,F,펴었ㅂ니다,Inflect,VV,EF,펴/VV/*+았/EP/*+ㅂ니다/EF/*
펴었으습니다,0,0,-500,VV+EP+EF,*,F,펴었으습니다,Inflect,VV,EF,펴/VV/*+았/EP/*+습니다/EF/*
펴었ㄹ까,0,0,-500,VV+EP+EF,*,F,펴었ㄹ까,Inflect,VV,EF,펴/VV/*+았/EP/*+ㄹ까/EF/*
펴었ㄹ까요,0,0,-500,VV+EP+EF,*,F,펴었ㄹ까요,Inflect,VV,EF,펴/VV/*+았/EP/*+ㄹ까요/EF/*
펴었ㄹ게요,0,0,-500,VV+EP+EF,*,F,펴었ㄹ게요,Inflect,VV,EF,펴/VV/*+았/EP/*+ㄹ게요/EF/*
펴었ㄹ게,0,0,-500,VV+EP+EF,*,F,펴었ㄹ게,Inflect,VV,EF,펴/VV/*+았/EP/*+ㄹ게/EF/*
펴었자,0,0,-500,VV+EP+EF,*,F,펴었자,Inflect,VV,EF,펴/VV/*+았/EP/*+자/EF/*
펴었으세요,0,0,-500,VV+EP+EF,*,F,펴었으세요,Inflect,VV,EF,펴/VV/*+았/EP/*+세요/EF/*
펴었다,0,0,-500,VV+EP+EF,*,F,펴었다,Inflect,VV,EF,펴/VV/*+었/EP/*+다/EF/*
펴었어요,0,0,-500,VV+EP+EF,*,F,펴었어요,Inflect,VV,EF,펴/VV/*+었/EP/*+요/EF/*
펴었ㅂ니다,0,0,-500,VV+EP+EF,*,F,펴었ㅂ니다,Inflect,VV,EF,펴/VV/*+었/EP/*+ㅂ니다/EF/*
펴었으습니다,0,0,-500,VV+EP+EF,*,F,펴었으습니다,Inflect,VV,EF,펴/VV/*+었/EP/*+습니다/EF/*
펴었ㄹ까,0,0,-500,VV+EP+EF,*,F,펴었ㄹ까,Inflect,VV,EF,펴/VV/*+었/EP/*+ㄹ까/EF/*
펴었ㄹ까요,0,0,-500,VV+EP+EF,*,F,펴었ㄹ까요,Inflect,VV,EF,펴/VV/*+었/EP/*+ㄹ까요/EF/*
펴었ㄹ게요,0,0,-500,VV+EP+EF,*,F,펴었ㄹ게요,Inflect,VV,EF,펴/VV/*+었/EP/*+ㄹ게요/EF/*
펴었ㄹ게,0,0,-500,VV+EP+EF,*,F,펴었ㄹ게,Inflect,VV,EF,펴/VV/*+었/EP/*+ㄹ게/EF/*
펴었자,0,0,-500,VV+EP+EF,*,F,펴었자,Inflect,VV,EF,펴/VV/*+었/EP/*+자/EF/*
펴었으세요,0,0,-500,VV+EP+EF,*,F,펴었으세요,Inflect,VV,EF,펴/VV/*+었/EP/*+세요/EF/*
펴시다,0,0,-500,VV+EP+EF,*,F,펴시다,Inflect,VV,EF,펴/VV/*+시/EP/*+다/EF/*
펴셔요,0,0,-500,VV+EP+EF,*,F,펴셔요,Inflect,VV,EF,펴/VV/*+시/EP/*+요/EF/*
펴십니다,0,0,-500,VV+EP+EF,*,F,펴십니다,Inflect,VV,EF,펴/VV/*+시/EP/*+ㅂ니다/EF/*
펴시습니다,0,0,-500,VV+EP+EF,*,F,펴시습니다,Inflect,VV,EF,펴/VV/*+시/EP/*+습니다/EF/*
펴실까,0,0,-500,VV+EP+EF,*,F,펴실까,Inflect,VV,EF,펴/VV/*+시/EP/*+ㄹ까/EF/*
펴실까요,0,0,-500,VV+EP+EF,*,F,펴실까요,Inflect,VV,EF,펴/VV/*+시/EP/*+ㄹ까요/EF/*
펴실게요,0,0,-500,VV+EP+EF,*,F,펴실게요,Inflect,VV,EF,펴/VV/*+시/EP/*+ㄹ게요/EF/*
펴실게,0,0,-500,VV+EP+EF,*,F,펴실게,Inflect,VV,EF,펴/VV/*+시/EP/*+ㄹ게/EF/*
펴시자,0,0,-500,VV+EP+EF,*,F,펴시자,Inflect,VV,EF,펴/VV/*+시/EP/*+자/EF/*
펴시세요,0,0,-500,VV+EP+EF,*,F,펴시세요,Inflect,VV,EF,펴/VV/*+시/EP/*+세요/EF/*
펴겠다,0,0,-500,VV+EP+EF,*,F,펴겠다,Inflect,VV,EF,펴/VV/*+겠/EP/*+다/EF/*
펴겠어요,0,0,-500,VV+EP+EF,*,F,펴겠어요,Inflect,VV,EF,펴/VV/*+겠/EP/*+요/EF/*
펴겠ㅂ니다,0,0,-500,VV+EP+EF,*,F,펴겠ㅂ니다,Inflect,VV,EF,펴/VV/*+겠/EP/*+ㅂ니다/EF/*
펴겠으습니다,0,0,-500,VV+EP+EF,*,F,펴겠으습니다,Inflect,VV,EF,펴/VV/*+겠/EP/*+습니다/EF/*
펴겠ㄹ까,0,0,-500,VV+EP+EF,*,F,펴겠ㄹ까,Inflect,VV,EF,펴/VV/*+겠/EP/*+ㄹ까/EF/*
펴겠ㄹ까요,0,0,-500,VV+EP+EF,*,F,펴겠ㄹ까요,Inflect,VV,EF,펴/VV/*+겠/EP/*+ㄹ까요/EF/*
펴겠ㄹ게요,0,0,-500,VV+EP+EF,*,F,펴겠ㄹ게요,Inflect,VV,EF,펴/VV/*+겠/EP/*+ㄹ게요/EF/*
펴겠ㄹ게,0,0,-500,VV+EP+EF,*,F,펴겠ㄹ게,Inflect,VV,EF,펴/VV/*+겠/EP/*+ㄹ게/EF/*
펴겠자,0,0,-500,VV+EP+EF,*,F,펴겠자,Inflect,VV,EF,펴/VV/*+겠/EP/*+자/EF/*
펴겠으세요,0,0,-500,VV+EP+EF,*,F,펴겠으세요,Inflect,VV,EF,펴/VV/*+겠/EP/*+세요/EF/*
켜는,0,0,-500,VV+ETM,*,T,켜는,Inflect,VV,ETM,켜/VV/*+는/ETM/*
켠,0,0,-500,VV+ETM,*,T,켠,Inflect,VV,ETM,켜/VV/*+ㄴ/ETM/*
켜은,0,0,-500,VV+ETM,*,T,켜은,Inflect,VV,ETM,켜/VV/*+은/ETM/*
켤,0,0,-500,VV+ETM,*,T,켤,Inflect,VV,ETM,켜/VV/*+ㄹ/ETM/*
켜을,0,0,-500,VV+ETM,*,T,켜을,Inflect,VV,ETM,켜/VV/*+을/ETM/*
켜고,0,0,-500,VV+EC,*,F,켜고,Inflect,VV,EC,켜/VV/*+고/EC/*
켜어서,0,0,-500,VV+EC,*,F,켜어서,Inflect,VV,EC,켜/VV/*+서/EC/*
켜니까,0,0,-500,VV+EC,*,F,켜니까,Inflect,VV,EC,켜/VV/*+니까/EC/*
켜니,0,0,-500,VV+EC,*,F,켜니,Inflect,VV,EC,켜/VV/*+니/EC/*
켜면,0,0,-500,VV+EC,*,T,켜면,Inflect,VV,EC,켜/VV/*+면/EC/*
켜지만,0,0,-500,VV+EC,*,T,켜지만,Inflect,VV,EC,켜/VV/*+지만/EC/*
켜는데,0,0,-500,VV+EC,*,F,켜는데,Inflect,VV,EC,켜/VV/*+는데/EC/*
켠데,0,0,-500,VV+EC,*,F,켠데,Inflect,VV,EC,켜/VV/*+ㄴ데/EC/*
켜은데,0,0,-500,VV+EC,*,F,켜은데,Inflect,VV,EC,켜/VV/*+은데/EC/*
켜면서,0,0,-500,VV+EC,*,F,켜면서,Inflect,VV,EC,켜/VV/*+면서/EC/*
켜며,0,0,-500,VV+EC,*,F,켜며,Inflect,VV,EC,켜/VV/*+며/EC/*
켜러,0,0,-500,VV+EC,*,F,켜러,Inflect,VV,EC,켜/VV/*+러/EC/*
켜려고,0,0,-500,VV+EC,*,F,켜려고,Inflect,VV,EC,켜/VV/*+려고/EC/*
켜려,0,0,-500,VV+EC,*,F,켜려,Inflect,VV,EC,켜/VV/*+려/EC/*
켜어도,0,0,-500,VV+EC,*,F,켜어도,Inflect,VV,EC,켜/VV/*+도/EC/*
켜다가,0,0,-500,VV+EC,*,F,켜다가,Inflect,VV,EC,켜/VV/*+다가/EC/*
켜자,0,0,-500,VV+EC,*,F,켜자,Inflect,VV,EC,켜/VV/*+자/EC/*
켜자마자,0,0,-500,VV+EC,*,F,켜자마자,Inflect,VV,EC,켜/VV/*+자마자/EC/*
켜고서,0,0,-500,VV+EC,*,F,켜고서,Inflect,VV,EC,켜/VV/*+고서/EC/*
켜고나서,0,0,-500,VV+EC,*,F,켜고나서,Inflect,VV,EC,켜/VV/*+고나서/EC/*
켜도록,0,0,-500,VV+EC,*,T,켜도록,Inflect,VV,EC,켜/VV/*+도록/EC/*
켜게,0,0,-500,VV+EC,*,F,켜게,Inflect,VV,EC,켜/VV/*+게/EC/*
켜더라도,0,0,-500,VV+EC,*,F,켜더라도,Inflect,VV,EC,켜/VV/*+더라도/EC/*
켤지라도,0,0,-500,VV+EC,*,F,켤지라도,Inflect,VV,EC,켜/VV/*+ㄹ지라도/EC/*
켜을지라도,0,0,-500,VV+EC,*,F,켜을지라도,Inflect,VV,EC,켜/VV/*+을지라도/EC/*
켤수록,0,0,-500,VV+EC,*,T,켤수록,Inflect,VV,EC,켜/VV/*+ㄹ수록/EC/*
켜을수록,0,0,-500,VV+EC,*,T,켜을수록,Inflect,VV,EC,켜/VV/*+을수록/EC/*
켜다고,0,0,-500,VV+EC,*,F,켜다고,Inflect,VV,EC,켜/VV/*+다고/EC/*
켜라고,0,0,-500,VV+EC,*,F,켜라고,Inflect,VV,EC,켜/VV/*+라고/EC/*
켜냐고,0,0,-500,VV+EC,*,F,켜냐고,Inflect,VV,EC,켜/VV/*+냐고/EC/*
켜지,0,0,-500,VV+EC,*,F,켜지,Inflect,VV,EC,켜/VV/*+지/EC/*
켜거나,0,0,-500,VV+EC,*,F,켜거나,Inflect,VV,EC,켜/VV/*+거나/EC/*
켜든지,0,0,-500,VV+EC,*,F,켜든지,Inflect,VV,EC,켜/VV/*+든지/EC/*
켜듯이,0,0,-500,VV+EC,*,F,켜듯이,Inflect,VV,EC,켜/VV/*+듯이/EC/*
켜듯,0,0,-500,VV+EC,*,T,켜듯,Inflect,VV,EC,켜/VV/*+듯/EC/*
켜다,0,0,-500,VV+EF,*,F,켜다,Inflect,VV,EF,켜/VV/*+다/EF/*
켜어요,0,0,-500,VV+EF,*,F,켜어요,Inflect,VV,EF,켜/VV/*+요/EF/*
켭니다,0,0,-500,VV+EF,*,F,켭니다,Inflect,VV,EF,켜/VV/*+ㅂ니다/EF/*
켜습니다,0,0,-500,VV+EF,*,F,켜습니다,Inflect,VV,EF,켜/VV/*+습니다/EF/*
켤까,0,0,-500,VV+EF,*,F,켤까,Inflect,VV,EF,켜/VV/*+ㄹ까/EF/*
켤까요,0,0,-500,VV+EF,*,F,켤까요,Inflect,VV,EF,켜/VV/*+ㄹ까요/EF/*
켤게요,0,0,-500,VV+EF,*,F,켤게요,Inflect,VV,EF,켜/VV/*+ㄹ게요/EF/*
켤게,0,0,-500,VV+EF,*,F,켤게,Inflect,VV,EF,켜/VV/*+ㄹ게/EF/*
켜자,0,0,-500,VV+EF,*,F,켜자,Inflect,VV,EF,켜/VV/*+자/EF/*
켜세요,0,0,-500,VV+EF,*,F,켜세요,Inflect,VV,EF,켜/VV/*+세요/EF/*
켜었다,0,0,-500,VV+EP+EF,*,F,켜었다,Inflect,VV,EF,켜/VV/*+았/EP/*+다/EF/*
켜었어요,0,0,-500,VV+EP+EF,*,F,켜었어요,Inflect,VV,EF,켜/VV/*+았/EP/*+요/EF/*
켜었ㅂ니다,0,0,-500,VV+EP+EF,*,F,켜었ㅂ니다,Inflect,VV,EF,켜/VV/*+았/EP/*+ㅂ니다/EF/*
켜었으습니다,0,0,-500,VV+EP+EF,*,F,켜었으습니다,Inflect,VV,EF,켜/VV/*+았/EP/*+습니다/EF/*
켜었ㄹ까,0,0,-500,VV+EP+EF,*,F,켜었ㄹ까,Inflect,VV,EF,켜/VV/*+았/EP/*+ㄹ까/EF/*
켜었ㄹ까요,0,0,-500,VV+EP+EF,*,F,켜었ㄹ까요,Inflect,VV,EF,켜/VV/*+았/EP/*+ㄹ까요/EF/*
켜었ㄹ게요,0,0,-500,VV+EP+EF,*,F,켜었ㄹ게요,Inflect,VV,EF,켜/VV/*+았/EP/*+ㄹ게요/EF/*
켜었ㄹ게,0,0,-500,VV+EP+EF,*,F,켜었ㄹ게,Inflect,VV,EF,켜/VV/*+았/EP/*+ㄹ게/EF/*
켜었자,0,0,-500,VV+EP+EF,*,F,켜었자,Inflect,VV,EF,켜/VV/*+았/EP/*+자/EF/*
켜었으세요,0,0,-500,VV+EP+EF,*,F,켜었으세요,Inflect,VV,EF,켜/VV/*+았/EP/*+세요/EF/*
켜었다,0,0,-500,VV+EP+EF,*,F,켜었다,Inflect,VV,EF,켜/VV/*+었/EP/*+다/EF/*
켜었어요,0,0,-500,VV+EP+EF,*,F,켜었어요,Inflect,VV,EF,켜/VV/*+었/EP/*+요/EF/*
켜었ㅂ니다,0,0,-500,VV+EP+EF,*,F,켜었ㅂ니다,Inflect,VV,EF,켜/VV/*+었/EP/*+ㅂ니다/EF/*
켜었으습니다,0,0,-500,VV+EP+EF,*,F,켜었으습니다,Inflect,VV,EF,켜/VV/*+었/EP/*+습니다/EF/*
켜었ㄹ까,0,0,-500,VV+EP+EF,*,F,켜었ㄹ까,Inflect,VV,EF,켜/VV/*+었/EP/*+ㄹ까/EF/*
켜었ㄹ까요,0,0,-500,VV+EP+EF,*,F,켜었ㄹ까요,Inflect,VV,EF,켜/VV/*+었/EP/*+ㄹ까요/EF/*
켜었ㄹ게요,0,0,-500,VV+EP+EF,*,F,켜었ㄹ게요,Inflect,VV,EF,켜/VV/*+었/EP/*+ㄹ게요/EF/*
켜었ㄹ게,0,0,-500,VV+EP+EF,*,F,켜었ㄹ게,Inflect,VV,EF,켜/VV/*+었/EP/*+ㄹ게/EF/*
켜었자,0,0,-500,VV+EP+EF,*,F,켜었자,Inflect,VV,EF,켜/VV/*+었/EP/*+자/EF/*
켜었으세요,0,0,-500,VV+EP+EF,*,F,켜었으세요,Inflect,VV,EF,켜/VV/*+었/EP/*+세요/EF/*
켜시다,0,0,-500,VV+EP+EF,*,F,켜시다,Inflect,VV,EF,켜/VV/*+시/EP/*+다/EF/*
켜셔요,0,0,-500,VV+EP+EF,*,F,켜셔요,Inflect,VV,EF,켜/VV/*+시/EP/*+요/EF/*
켜십니다,0,0,-500,VV+EP+EF,*,F,켜십니다,Inflect,VV,EF,켜/VV/*+시/EP/*+ㅂ니다/EF/*
켜시습니다,0,0,-500,VV+EP+EF,*,F,켜시습니다,Inflect,VV,EF,켜/VV/*+시/EP/*+습니다/EF/*
켜실까,0,0,-500,VV+EP+EF,*,F,켜실까,Inflect,VV,EF,켜/VV/*+시/EP/*+ㄹ까/EF/*
켜실까요,0,0,-500,VV+EP+EF,*,F,켜실까요,Inflect,VV,EF,켜/VV/*+시/EP/*+ㄹ까요/EF/*
켜실게요,0,0,-500,VV+EP+EF,*,F,켜실게요,Inflect,VV,EF,켜/VV/*+시/EP/*+ㄹ게요/EF/*
켜실게,0,0,-500,VV+EP+EF,*,F,켜실게,Inflect,VV,EF,켜/VV/*+시/EP/*+ㄹ게/EF/*
켜시자,0,0,-500,VV+EP+EF,*,F,켜시자,Inflect,VV,EF,켜/VV/*+시/EP/*+자/EF/*
켜시세요,0,0,-500,VV+EP+EF,*,F,켜시세요,Inflect,VV,EF,켜/VV/*+시/EP/*+세요/EF/*
켜겠다,0,0,-500,VV+EP+EF,*,F,켜겠다,Inflect,VV,EF,켜/VV/*+겠/EP/*+다/EF/*
켜겠어요,0,0,-500,VV+EP+EF,*,F,켜겠어요,Inflect,VV,EF,켜/VV/*+겠/EP/*+요/EF/*
켜겠ㅂ니다,0,0,-500,VV+EP+EF,*,F,켜겠ㅂ니다,Inflect,VV,EF,켜/VV/*+겠/EP/*+ㅂ니다/EF/*
켜겠으습니다,0,0,-500,VV+EP+EF,*,F,켜겠으습니다,Inflect,VV,EF,켜/VV/*+겠/EP/*+습니다/EF/*
켜겠ㄹ까,0,0,-500,VV+EP+EF,*,F,켜겠ㄹ까,Inflect,VV,EF,켜/VV/*+겠/EP/*+ㄹ까/EF/*
켜겠ㄹ까요,0,0,-500,VV+EP+EF,*,F,켜겠ㄹ까요,Inflect,VV,EF,켜/VV/*+겠/EP/*+ㄹ까요/EF/*
켜겠ㄹ게요,0,0,-500,VV+EP+EF,*,F,켜겠ㄹ게요,Inflect,VV,EF,켜/VV/*+겠/EP/*+ㄹ게요/EF/*
켜겠ㄹ게,0,0,-500,VV+EP+EF,*,F,켜겠ㄹ게,Inflect,VV,EF,켜/VV/*+겠/EP/*+ㄹ게/EF/*
켜겠자,0,0,-500,VV+EP+EF,*,F,켜겠자,Inflect,VV,EF,켜/VV/*+겠/EP/*+자/EF/*
켜겠으세요,0,0,-500,VV+EP+EF,*,F,켜겠으세요,Inflect,VV,EF,켜/VV/*+겠/EP/*+세요/EF/*
끄는,0,0,-500,VV+ETM,*,T,끄는,Inflect,VV,ETM,끄/VV/*+는/ETM/*
끈,0,0,-500,VV+ETM,*,T,끈,Inflect,VV,ETM,끄/VV/*+ㄴ/ETM/*
끄은,0,0,-500,VV+ETM,*,T,끄은,Inflect,VV,ETM,끄/VV/*+은/ETM/*
끌,0,0,-500,VV+ETM,*,T,끌,Inflect,VV,ETM,끄/VV/*+ㄹ/ETM/*
끄을,0,0,-500,VV+ETM,*,T,끄을,Inflect,VV,ETM,끄/VV/*+을/ETM/*
끄고,0,0,-500,VV+EC,*,F,끄고,Inflect,VV,EC,끄/VV/*+고/EC/*
꺼서,0,0,-500,VV+EC,*,F,꺼서,Inflect,VV,EC,끄/VV/*+서/EC/*
끄니까,0,0,-500,VV+EC,*,F,끄니까,Inflect,VV,EC,끄/VV/*+니까/EC/*
끄니,0,0,-500,VV+EC,*,F,끄니,Inflect,VV,EC,끄/VV/*+니/EC/*
끄면,0,0,-500,VV+EC,*,T,끄면,Inflect,VV,EC,끄/VV/*+면/EC/*
끄지만,0,0,-500,VV+EC,*,T,끄지만,Inflect,VV,EC,끄/VV/*+지만/EC/*
끄는데,0,0,-500,VV+EC,*,F,끄는데,Inflect,VV,EC,끄/VV/*+는데/EC/*
끈데,0,0,-500,VV+EC,*,F,끈데,Inflect,VV,EC,끄/VV/*+ㄴ데/EC/*
끄은데,0,0,-500,VV+EC,*,F,끄은데,Inflect,VV,EC,끄/VV/*+은데/EC/*
끄면서,0,0,-500,VV+EC,*,F,끄면서,Inflect,VV,EC,끄/VV/*+면서/EC/*
끄며,0,0,-500,VV+EC,*,F,끄며,Inflect,VV,EC,끄/VV/*+며/EC/*
끄러,0,0,-500,VV+EC,*,F,끄러,Inflect,VV,EC,끄/VV/*+러/EC/*
끄려고,0,0,-500,VV+EC,*,F,끄려고,Inflect,VV,EC,끄/VV/*+려고/EC/*
끄려,0,0,-500,VV+EC,*,F,끄려,Inflect,VV,EC,끄/VV/*+려/EC/*
꺼도,0,0,-500,VV+EC,*,F,꺼도,Inflect,VV,EC,끄/VV/*+도/EC/*
끄다가,0,0,-500,VV+EC,*,F,끄다가,Inflect,VV,EC,끄/VV/*+다가/EC/*
끄자,0,0,-500,VV+EC,*,F,끄자,Inflect,VV,EC,끄/VV/*+자/EC/*
끄자마자,0,0,-500,VV+EC,*,F,끄자마자,Inflect,VV,EC,끄/VV/*+자마자/EC/*
끄고서,0,0,-500,VV+EC,*,F,끄고서,Inflect,VV,EC,끄/VV/*+고서/EC/*
끄고나서,0,0,-500,VV+EC,*,F,끄고나서,Inflect,VV,EC,끄/VV/*+고나서/EC/*
끄도록,0,0,-500,VV+EC,*,T,끄도록,Inflect,VV,EC,끄/VV/*+도록/EC/*
끄게,0,0,-500,VV+EC,*,F,끄게,Inflect,VV,EC,끄/VV/*+게/EC/*
끄더라도,0,0,-500,VV+EC,*,F,끄더라도,Inflect,VV,EC,끄/VV/*+더라도/EC/*
끌지라도,0,0,-500,VV+EC,*,F,끌지라도,Inflect,VV,EC,끄/VV/*+ㄹ지라도/EC/*
끄을지라도,0,0,-500,VV+EC,*,F,끄을지라도,Inflect,VV,EC,끄/VV/*+을지라도/EC/*
끌수록,0,0,-500,VV+EC,*,T,끌수록,Inflect,VV,EC,끄/VV/*+ㄹ수록/EC/*
끄을수록,0,0,-500,VV+EC,*,T,끄을수록,Inflect,VV,EC,끄/VV/*+을수록/EC/*
끄다고,0,0,-500,VV+EC,*,F,끄다고,Inflect,VV,EC,끄/VV/*+다고/EC/*
끄라고,0,0,-500,VV+EC,*,F,끄라고,Inflect,VV,EC,끄/VV/*+라고/EC/*
끄냐고,0,0,-500,VV+EC,*,F,끄냐고,Inflect,VV,EC,끄/VV/*+냐고/EC/*
끄지,0,0,-500,VV+EC,*,F,끄지,Inflect,VV,EC,끄/VV/*+지/EC/*
끄거나,0,0,-500,VV+EC,*,F,끄거나,Inflect,VV,EC,끄/VV/*+거나/EC/*
끄든지,0,0,-500,VV+EC,*,F,끄든지,Inflect,VV,EC,끄/VV/*+든지/EC/*
끄듯이,0,0,-500,VV+EC,*,F,끄듯이,Inflect,VV,EC,끄/VV/*+듯이/EC/*
끄듯,0,0,-500,VV+EC,*,T,끄듯,Inflect,VV,EC,끄/VV/*+듯/EC/*
끄다,0,0,-500,VV+EF,*,F,끄다,Inflect,VV,EF,끄/VV/*+다/EF/*
꺼요,0,0,-500,VV+EF,*,F,꺼요,Inflect,VV,EF,끄/VV/*+요/EF/*
끕니다,0,0,-500,VV+EF,*,F,끕니다,Inflect,VV,EF,끄/VV/*+ㅂ니다/EF/*
끄습니다,0,0,-500,VV+EF,*,F,끄습니다,Inflect,VV,EF,끄/VV/*+습니다/EF/*
끌까,0,0,-500,VV+EF,*,F,끌까,Inflect,VV,EF,끄/VV/*+ㄹ까/EF/*
끌까요,0,0,-500,VV+EF,*,F,끌까요,Inflect,VV,EF,끄/VV/*+ㄹ까요/EF/*
끌게요,0,0,-500,VV+EF,*,F,끌게요,Inflect,VV,EF,끄/VV/*+ㄹ게요/EF/*
끌게,0,0,-500,VV+EF,*,F,끌게,Inflect,VV,EF,끄/VV/*+ㄹ게/EF/*
끄자,0,0,-500,VV+EF,*,F,끄자,Inflect,VV,EF,끄/VV/*+자/EF/*
끄세요,0,0,-500,VV+EF,*,F,끄세요,Inflect,VV,EF,끄/VV/*+세요/EF/*
껐다,0,0,-500,VV+EP+EF,*,F,껐다,Inflect,VV,EF,끄/VV/*+았/EP/*+다/EF/*
껐어요,0,0,-500,VV+EP+EF,*,F,껐어요,Inflect,VV,EF,끄/VV/*+았/EP/*+요/EF/*
껐ㅂ니다,0,0,-500,VV+EP+EF,*,F,껐ㅂ니다,Inflect,VV,EF,끄/VV/*+았/EP/*+ㅂ니다/EF/*
껐으습니다,0,0,-500,VV+EP+EF,*,F,껐으습니다,Inflect,VV,EF,끄/VV/*+았/EP/*+습니다/EF/*
껐ㄹ까,0,0,-500,VV+EP+EF,*,F,껐ㄹ까,Inflect,VV,EF,끄/VV/*+았/EP/*+ㄹ까/EF/*
껐ㄹ까요,0,0,-500,VV+EP+EF,*,F,껐ㄹ까요,Inflect,VV,EF,끄/VV/*+았/EP/*+ㄹ까요/EF/*
껐ㄹ게요,0,0,-500,VV+EP+EF,*,F,껐ㄹ게요,Inflect,VV,EF,끄/VV/*+았/EP/*+ㄹ게요/EF/*
껐ㄹ게,0,0,-500,VV+EP+EF,*,F,껐ㄹ게,Inflect,VV,EF,끄/VV/*+았/EP/*+ㄹ게/EF/*
껐자,0,0,-500,VV+EP+EF,*,F,껐자,Inflect,VV,EF,끄/VV/*+았/EP/*+자/EF/*
껐으세요,0,0,-500,VV+EP+EF,*,F,껐으세요,Inflect,VV,EF,끄/VV/*+았/EP/*+세요/EF/*
껐다,0,0,-500,VV+EP+EF,*,F,껐다,Inflect,VV,EF,끄/VV/*+었/EP/*+다/EF/*
껐어요,0,0,-500,VV+EP+EF,*,F,껐어요,Inflect,VV,EF,끄/VV/*+었/EP/*+요/EF/*
껐ㅂ니다,0,0,-500,VV+EP+EF,*,F,껐ㅂ니다,Inflect,VV,EF,끄/VV/*+었/EP/*+ㅂ니다/EF/*
껐으습니다,0,0,-500,VV+EP+EF,*,F,껐으습니다,Inflect,VV,EF,끄/VV/*+었/EP/*+습니다/EF/*
껐ㄹ까,0,0,-500,VV+EP+EF,*,F,껐ㄹ까,Inflect,VV,EF,끄/VV/*+었/EP/*+ㄹ까/EF/*
껐ㄹ까요,0,0,-500,VV+EP+EF,*,F,껐ㄹ까요,Inflect,VV,EF,끄/VV/*+었/EP/*+ㄹ까요/EF/*
껐ㄹ게요,0,0,-500,VV+EP+EF,*,F,껐ㄹ게요,Inflect,VV,EF,끄/VV/*+었/EP/*+ㄹ게요/EF/*
껐ㄹ게,0,0,-500,VV+EP+EF,*,F,껐ㄹ게,Inflect,VV,EF,끄/VV/*+었/EP/*+ㄹ게/EF/*
껐자,0,0,-500,VV+EP+EF,*,F,껐자,Inflect,VV,EF,끄/VV/*+었/EP/*+자/EF/*
껐으세요,0,0,-500,VV+EP+EF,*,F,껐으세요,Inflect,VV,EF,끄/VV/*+었/EP/*+세요/EF/*
끄시다,0,0,-500,VV+EP+EF,*,F,끄시다,Inflect,VV,EF,끄/VV/*+시/EP/*+다/EF/*
끄셔요,0,0,-500,VV+EP+EF,*,F,끄셔요,Inflect,VV,EF,끄/VV/*+시/EP/*+요/EF/*
끄십니다,0,0,-500,VV+EP+EF,*,F,끄십니다,Inflect,VV,EF,끄/VV/*+시/EP/*+ㅂ니다/EF/*
끄시습니다,0,0,-500,VV+EP+EF,*,F,끄시습니다,Inflect,VV,EF,끄/VV/*+시/EP/*+습니다/EF/*
끄실까,0,0,-500,VV+EP+EF,*,F,끄실까,Inflect,VV,EF,끄/VV/*+시/EP/*+ㄹ까/EF/*
끄실까요,0,0,-500,VV+EP+EF,*,F,끄실까요,Inflect,VV,EF,끄/VV/*+시/EP/*+ㄹ까요/EF/*
끄실게요,0,0,-500,VV+EP+EF,*,F,끄실게요,Inflect,VV,EF,끄/VV/*+시/EP/*+ㄹ게요/EF/*
끄실게,0,0,-500,VV+EP+EF,*,F,끄실게,Inflect,VV,EF,끄/VV/*+시/EP/*+ㄹ게/EF/*
끄시자,0,0,-500,VV+EP+EF,*,F,끄시자,Inflect,VV,EF,끄/VV/*+시/EP/*+자/EF/*
끄시세요,0,0,-500,VV+EP+EF,*,F,끄시세요,Inflect,VV,EF,끄/VV/*+시/EP/*+세요/EF/*
끄겠다,0,0,-500,VV+EP+EF,*,F,끄겠다,Inflect,VV,EF,끄/VV/*+겠/EP/*+다/EF/*
끄겠어요,0,0,-500,VV+EP+EF,*,F,끄겠어요,Inflect,VV,EF,끄/VV/*+겠/EP/*+요/EF/*
끄겠ㅂ니다,0,0,-500,VV+EP+EF,*,F,끄겠ㅂ니다,Inflect,VV,EF,끄/VV/*+겠/EP/*+ㅂ니다/EF/*
끄겠으습니다,0,0,-500,VV+EP+EF,*,F,끄겠으습니다,Inflect,VV,EF,끄/VV/*+겠/EP/*+습니다/EF/*
끄겠ㄹ까,0,0,-500,VV+EP+EF,*,F,끄겠ㄹ까,Inflect,VV,EF,끄/VV/*+겠/EP/*+ㄹ까/EF/*
끄겠ㄹ까요,0,0,-500,VV+EP+EF,*,F,끄겠ㄹ까요,Inflect,VV,EF,끄/VV/*+겠/EP/*+ㄹ까요/EF/*
끄겠ㄹ게요,0,0,-500,VV+EP+EF,*,F,끄겠ㄹ게요,Inflect,VV,EF,끄/VV/*+겠/EP/*+ㄹ게요/EF/*
끄겠ㄹ게,0,0,-500,VV+EP+EF,*,F,끄겠ㄹ게,Inflect,VV,EF,끄/VV/*+겠/EP/*+ㄹ게/EF/*
끄겠자,0,0,-500,VV+EP+EF,*,F,끄겠자,Inflect,VV,EF,끄/VV/*+겠/EP/*+자/EF/*
끄겠으세요,0,0,-500,VV+EP+EF,*,F,끄겠으세요,Inflect,VV,EF,끄/VV/*+겠/EP/*+세요/EF/*
서는,0,0,-500,VV+ETM,*,T,서는,Inflect,VV,ETM,서/VV/*+는/ETM/*
선,0,0,-500,VV+ETM,*,T,선,Inflect,VV,ETM,서/VV/*+ㄴ/ETM/*
서은,0,0,-500,VV+ETM,*,T,서은,Inflect,VV,ETM,서/VV/*+은/ETM/*
설,0,0,-500,VV+ETM,*,T,설,Inflect,VV,ETM,서/VV/*+ㄹ/ETM/*
서을,0,0,-500,VV+ETM,*,T,서을,Inflect,VV,ETM,서/VV/*+을/ETM/*
서고,0,0,-500,VV+EC,*,F,서고,Inflect,VV,EC,서/VV/*+고/EC/*
서어서,0,0,-500,VV+EC,*,F,서어서,Inflect,VV,EC,서/VV/*+서/EC/*
서니까,0,0,-500,VV+EC,*,F,서니까,Inflect,VV,EC,서/VV/*+니까/EC/*
서니,0,0,-500,VV+EC,*,F,서니,Inflect,VV,EC,서/VV/*+니/EC/*
서면,0,0,-500,VV+EC,*,T,서면,Inflect,VV,EC,서/VV/*+면/EC/*
서지만,0,0,-500,VV+EC,*,T,서지만,Inflect,VV,EC,서/VV/*+지만/EC/*
서는데,0,0,-500,VV+EC,*,F,서는데,Inflect,VV,EC,서/VV/*+는데/EC/*
선데,0,0,-500,VV+EC,*,F,선데,Inflect,VV,EC,서/VV/*+ㄴ데/EC/*
서은데,0,0,-500,VV+EC,*,F,서은데,Inflect,VV,EC,서/VV/*+은데/EC/*
서면서,0,0,-500,VV+EC,*,F,서면서,Inflect,VV,EC,서/VV/*+면서/EC/*
서며,0,0,-500,VV+EC,*,F,서며,Inflect,VV,EC,서/VV/*+며/EC/*
서러,0,0,-500,VV+EC,*,F,서러,Inflect,VV,EC,서/VV/*+러/EC/*
서려고,0,0,-500,VV+EC,*,F,서려고,Inflect,VV,EC,서/VV/*+려고/EC/*
서려,0,0,-500,VV+EC,*,F,서려,Inflect,VV,EC,서/VV/*+려/EC/*
서어도,0,0,-500,VV+EC,*,F,서어도,Inflect,VV,EC,서/VV/*+도/EC/*
서다가,0,0,-500,VV+EC,*,F,서다가,Inflect,VV,EC,서/VV/*+다가/EC/*
서자,0,0,-500,VV+EC,*,F,서자,Inflect,VV,EC,서/VV/*+자/EC/*
서자마자,0,0,-500,VV+EC,*,F,서자마자,Inflect,VV,EC,서/VV/*+자마자/EC/*
서고서,0,0,-500,VV+EC,*,F,서고서,Inflect,VV,EC,서/VV/*+고서/EC/*
서고나서,0,0,-500,VV+EC,*,F,서고나서,Inflect,VV,EC,서/VV/*+고나서/EC/*
서도록,0,0,-500,VV+EC,*,T,서도록,Inflect,VV,EC,서/VV/*+도록/EC/*
서게,0,0,-500,VV+EC,*,F,서게,Inflect,VV,EC,서/VV/*+게/EC/*
서더라도,0,0,-500,VV+EC,*,F,서더라도,Inflect,VV,EC,서/VV/*+더라도/EC/*
설지라도,0,0,-500,VV+EC,*,F,설지라도,Inflect,VV,EC,서/VV/*+ㄹ지라도/EC/*
서을지라도,0,0,-500,VV+EC,*,F,서을지라도,Inflect,VV,EC,서/VV/*+을지라도/EC/*
설수록,0,0,-500,VV+EC,*,T,설수록,Inflect,VV,EC,서/VV/*+ㄹ수록/EC/*
서을수록,0,0,-500,VV+EC,*,T,서을수록,Inflect,VV,EC,서/VV/*+을수록/EC/*
서다고,0,0,-500,VV+EC,*,F,서다고,Inflect,VV,EC,서/VV/*+다고/EC/*
서라고,0,0,-500,VV+EC,*,F,서라고,Inflect,VV,EC,서/VV/*+라고/EC/*
서냐고,0,0,-500,VV+EC,*,F,서냐고,Inflect,VV,EC,서/VV/*+냐고/EC/*
서지,0,0,-500,VV+EC,*,F,서지,Inflect,VV,EC,서/VV/*+지/EC/*
서거나,0,0,-500,VV+EC,*,F,서거나,Inflect,VV,EC,서/VV/*+거나/EC/*
서든지,0,0,-500,VV+EC,*,F,서든지,Inflect,VV,EC,서/VV/*+든지/EC/*
서듯이,0,0,-500,VV+EC,*,F,서듯이,Inflect,VV,EC,서/VV/*+듯이/EC/*
서듯,0,0,-500,VV+EC,*,T,서듯,Inflect,VV,EC,서/VV/*+듯/EC/*
서다,0,0,-500,VV+EF,*,F,서다,Inflect,VV,EF,서/VV/*+다/EF/*
서어요,0,0,-500,VV+EF,*,F,서어요,Inflect,VV,EF,서/VV/*+요/EF/*
섭니다,0,0,-500,VV+EF,*,F,섭니다,Inflect,VV,EF,서/VV/*+ㅂ니다/EF/*
서습니다,0,0,-500,VV+EF,*,F,서습니다,Inflect,VV,EF,서/VV/*+습니다/EF/*
설까,0,0,-500,VV+EF,*,F,설까,Inflect,VV,EF,서/VV/*+ㄹ까/EF/*
설까요,0,0,-500,VV+EF,*,F,설까요,Inflect,VV,EF,서/VV/*+ㄹ까요/EF/*
설게요,0,0,-500,VV+EF,*,F,설게요,Inflect,VV,EF,서/VV/*+ㄹ게요/EF/*
설게,0,0,-500,VV+EF,*,F,설게,Inflect,VV,EF,서/VV/*+ㄹ게/EF/*
서자,0,0,-500,VV+EF,*,F,서자,Inflect,VV,EF,서/VV/*+자/EF/*
서세요,0,0,-500,VV+EF,*,F,서세요,Inflect,VV,EF,서/VV/*+세요/EF/*
섰다,0,0,-500,VV+EP+EF,*,F,섰다,Inflect,VV,EF,서/VV/*+았/EP/*+다/EF/*
섰아요,0,0,-500,VV+EP+EF,*,F,섰아요,Inflect,VV,EF,서/VV/*+았/EP/*+요/EF/*
섰ㅂ니다,0,0,-500,VV+EP+EF,*,F,섰ㅂ니다,Inflect,VV,EF,서/VV/*+았/EP/*+ㅂ니다/EF/*
섰으습니다,0,0,-500,VV+EP+EF,*,F,섰으습니다,Inflect,VV,EF,서/VV/*+았/EP/*+습니다/EF/*
섰ㄹ까,0,0,-500,VV+EP+EF,*,F,섰ㄹ까,Inflect,VV,EF,서/VV/*+았/EP/*+ㄹ까/EF/*
섰ㄹ까요,0,0,-500,VV+EP+EF,*,F,섰ㄹ까요,Inflect,VV,EF,서/VV/*+았/EP/*+ㄹ까요/EF/*
섰ㄹ게요,0,0,-500,VV+EP+EF,*,F,섰ㄹ게요,Inflect,VV,EF,서/VV/*+았/EP/*+ㄹ게요/EF/*
섰ㄹ게,0,0,-500,VV+EP+EF,*,F,섰ㄹ게,Inflect,VV,EF,서/VV/*+았/EP/*+ㄹ게/EF/*
섰자,0,0,-500,VV+EP+EF,*,F,섰자,Inflect,VV,EF,서/VV/*+았/EP/*+자/EF/*
섰으세요,0,0,-500,VV+EP+EF,*,F,섰으세요,Inflect,VV,EF,서/VV/*+았/EP/*+세요/EF/*
섰다,0,0,-500,VV+EP+EF,*,F,섰다,Inflect,VV,EF,서/VV/*+었/EP/*+다/EF/*
섰어요,0,0,-500,VV+EP+EF,*,F,섰어요,Inflect,VV,EF,서/VV/*+었/EP/*+요/EF/*
섰ㅂ니다,0,0,-500,VV+EP+EF,*,F,섰ㅂ니다,Inflect,VV,EF,서/VV/*+었/EP/*+ㅂ니다/EF/*
섰으습니다,0,0,-500,VV+EP+EF,*,F,섰으습니다,Inflect,VV,EF,서/VV/*+었/EP/*+습니다/EF/*
섰ㄹ까,0,0,-500,VV+EP+EF,*,F,섰ㄹ까,Inflect,VV,EF,서/VV/*+었/EP/*+ㄹ까/EF/*
섰ㄹ까요,0,0,-500,VV+EP+EF,*,F,섰ㄹ까요,Inflect,VV,EF,서/VV/*+었/EP/*+ㄹ까요/EF/*
섰ㄹ게요,0,0,-500,VV+EP+EF,*,F,섰ㄹ게요,Inflect,VV,EF,서/VV/*+었/EP/*+ㄹ게요/EF/*
섰ㄹ게,0,0,-500,VV+EP+EF,*,F,섰ㄹ게,Inflect,VV,EF,서/VV/*+었/EP/*+ㄹ게/EF/*
섰자,0,0,-500,VV+EP+EF,*,F,섰자,Inflect,VV,EF,서/VV/*+었/EP/*+자/EF/*
섰으세요,0,0,-500,VV+EP+EF,*,F,섰으세요,Inflect,VV,EF,서/VV/*+었/EP/*+세요/EF/*
서시다,0,0,-500,VV+EP+EF,*,F,서시다,Inflect,VV,EF,서/VV/*+시/EP/*+다/EF/*
서셔요,0,0,-500,VV+EP+EF,*,F,서셔요,Inflect,VV,EF,서/VV/*+시/EP/*+요/EF/*
서십니다,0,0,-500,VV+EP+EF,*,F,서십니다,Inflect,VV,EF,서/VV/*+시/EP/*+ㅂ니다/EF/*
서시습니다,0,0,-500,VV+EP+EF,*,F,서시습니다,Inflect,VV,EF,서/VV/*+시/EP/*+습니다/EF/*
서실까,0,0,-500,VV+EP+EF,*,F,서실까,Inflect,VV,EF,서/VV/*+시/EP/*+ㄹ까/EF/*
서실까요,0,0,-500,VV+EP+EF,*,F,서실까요,Inflect,VV,EF,서/VV/*+시/EP/*+ㄹ까요/EF/*
서실게요,0,0,-500,VV+EP+EF,*,F,서실게요,Inflect,VV,EF,서/VV/*+시/EP/*+ㄹ게요/EF/*
서실게,0,0,-500,VV+EP+EF,*,F,서실게,Inflect,VV,EF,서/VV/*+시/EP/*+ㄹ게/EF/*
서시자,0,0,-500,VV+EP+EF,*,F,서시자,Inflect,VV,EF,서/VV/*+시/EP/*+자/EF/*
서시세요,0,0,-500,VV+EP+EF,*,F,서시세요,Inflect,VV,EF,서/VV/*+시/EP/*+세요/EF/*
서겠다,0,0,-500,VV+EP+EF,*,F,서겠다,Inflect,VV,EF,서/VV/*+겠/EP/*+다/EF/*
서겠어요,0,0,-500,VV+EP+EF,*,F,서겠어요,Inflect,VV,EF,서/VV/*+겠/EP/*+요/EF/*
서겠ㅂ니다,0,0,-500,VV+EP+EF,*,F,서겠ㅂ니다,Inflect,VV,EF,서/VV/*+겠/EP/*+ㅂ니다/EF/*
서겠으습니다,0,0,-500,VV+EP+EF,*,F,서겠으습니다,Inflect,VV,EF,서/VV/*+겠/EP/*+습니다/EF/*
서겠ㄹ까,0,0,-500,VV+EP+EF,*,F,서겠ㄹ까,Inflect,VV,EF,서/VV/*+겠/EP/*+ㄹ까/EF/*
서겠ㄹ까요,0,0,-500,VV+EP+EF,*,F,서겠ㄹ까요,Inflect,VV,EF,서/VV/*+겠/EP/*+ㄹ까요/EF/*
서겠ㄹ게요,0,0,-500,VV+EP+EF,*,F,서겠ㄹ게요,Inflect,VV,EF,서/VV/*+겠/EP/*+ㄹ게요/EF/*
서겠ㄹ게,0,0,-500,VV+EP+EF,*,F,서겠ㄹ게,Inflect,VV,EF,서/VV/*+겠/EP/*+ㄹ게/EF/*
서겠자,0,0,-500,VV+EP+EF,*,F,서겠자,Inflect,VV,EF,서/VV/*+겠/EP/*+자/EF/*
서겠으세요,0,0,-500,VV+EP+EF,*,F,서겠으세요,Inflect,VV,EF,서/VV/*+겠/EP/*+세요/EF/*
앉는,0,0,-500,VV+ETM,*,T,앉는,Inflect,VV,ETM,앉/VV/*+는/ETM/*
앉ㄴ,0,0,-500,VV+ETM,*,F,앉ㄴ,Inflect,VV,ETM,앉/VV/*+ㄴ/ETM/*
앉으은,0,0,-500,VV+ETM,*,T,앉으은,Inflect,VV,ETM,앉/VV/*+은/ETM/*
앉ㄹ,0,0,-500,VV+ETM,*,F,앉ㄹ,Inflect,VV,ETM,앉/VV/*+ㄹ/ETM/*
앉으을,0,0,-500,VV+ETM,*,T,앉으을,Inflect,VV,ETM,앉/VV/*+을/ETM/*
앉고,0,0,-500,VV+EC,*,F,앉고,Inflect,VV,EC,앉/VV/*+고/EC/*
앉아서,0,0,-500,VV+EC,*,F,앉아서,Inflect,VV,EC,앉/VV/*+서/EC/*
앉으니까,0,0,-500,VV+EC,*,F,앉으니까,Inflect,VV,EC,앉/VV/*+니까/EC/*
앉으니,0,0,-500,VV+EC,*,F,앉으니,Inflect,VV,EC,앉/VV/*+니/EC/*
앉으면,0,0,-500,VV+EC,*,T,앉으면,Inflect,VV,EC,앉/VV/*+면/EC/*
앉지만,0,0,-500,VV+EC,*,T,앉지만,Inflect,VV,EC,앉/VV/*+지만/EC/*
앉는데,0,0,-500,VV+EC,*,F,앉는데,Inflect,VV,EC,앉/VV/*+는데/EC/*
앉ㄴ데,0,0,-500,VV+EC,*,F,앉ㄴ데,Inflect,VV,EC,앉/VV/*+ㄴ데/EC/*
앉으은데,0,0,-500,VV+EC,*,F,앉으은데,Inflect,VV,EC,앉/VV/*+은데/EC/*
앉으면서,0,0,-500,VV+EC,*,F,앉으면서,Inflect,VV,EC,앉/VV/*+면서/EC/*
앉으며,0,0,-500,VV+EC,*,F,앉으며,Inflect,VV,EC,앉/VV/*+며/EC/*
앉으러,0,0,-500,VV+EC,*,F,앉으러,Inflect,VV,EC,앉/VV/*+러/EC/*
앉으려고,0,0,-500,VV+EC,*,F,앉으려고,Inflect,VV,EC,앉/VV/*+려고/EC/*
앉으려,0,0,-500,VV+EC,*,F,앉으려,Inflect,VV,EC,앉/VV/*+려/EC/*
앉아도,0,0,-500,VV+EC,*,F,앉아도,Inflect,VV,EC,앉/VV/*+도/EC/*
앉다가,0,0,-500,VV+EC,*,F,앉다가,Inflect,VV,EC,앉/VV/*+다가/EC/*
앉자,0,0,-500,VV+EC,*,F,앉자,Inflect,VV,EC,앉/VV/*+자/EC/*
앉자마자,0,0,-500,VV+EC,*,F,앉자마자,Inflect,VV,EC,앉/VV/*+자마자/EC/*
앉고서,0,0,-500,VV+EC,*,F,앉고서,Inflect,VV,EC,앉/VV/*+고서/EC/*
앉고나서,0,0,-500,VV+EC,*,F,앉고나서,Inflect,VV,EC,앉/VV/*+고나서/EC/*
앉도록,0,0,-500,VV+EC,*,T,앉도록,Inflect,VV,EC,앉/VV/*+도록/EC/*
앉게,0,0,-500,VV+EC,*,F,앉게,Inflect,VV,EC,앉/VV/*+게/EC/*
앉더라도,0,0,-500,VV+EC,*,F,앉더라도,Inflect,VV,EC,앉/VV/*+더라도/EC/*
앉ㄹ지라도,0,0,-500,VV+EC,*,F,앉ㄹ지라도,Inflect,VV,EC,앉/VV/*+ㄹ지라도/EC/*
앉으을지라도,0,0,-500,VV+EC,*,F,앉으을지라도,Inflect,VV,EC,앉/VV/*+을지라도/EC/*
앉ㄹ수록,0,0,-500,VV+EC,*,T,앉ㄹ수록,Inflect,VV,EC,앉/VV/*+ㄹ수록/EC/*
앉으을수록,0,0,-500,VV+EC,*,T,앉으을수록,Inflect,VV,EC,앉/VV/*+을수록/EC/*
앉다고,0,0,-500,VV+EC,*,F,앉다고,Inflect,VV,EC,앉/VV/*+다고/EC/*
앉라고,0,0,-500,VV+EC,*,F,앉라고,Inflect,VV,EC,앉/VV/*+라고/EC/*
앉냐고,0,0,-500,VV+EC,*,F,앉냐고,Inflect,VV,EC,앉/VV/*+냐고/EC/*
앉지,0,0,-500,VV+EC,*,F,앉지,Inflect,VV,EC,앉/VV/*+지/EC/*
앉거나,0,0,-500,VV+EC,*,F,앉거나,Inflect,VV,EC,앉/VV/*+거나/EC/*
앉든지,0,0,-500,VV+EC,*,F,앉든지,Inflect,VV,EC,앉/VV/*+든지/EC/*
앉듯이,0,0,-500,VV+EC,*,F,앉듯이,Inflect,VV,EC,앉/VV/*+듯이/EC/*
앉듯,0,0,-500,VV+EC,*,T,앉듯,Inflect,VV,EC,앉/VV/*+듯/EC/*
앉다,0,0,-500,VV+EF,*,F,앉다,Inflect,VV,EF,앉/VV/*+다/EF/*
앉아요,0,0,-500,VV+EF,*,F,앉아요,Inflect,VV,EF,앉/VV/*+요/EF/*
앉ㅂ니다,0,0,-500,VV+EF,*,F,앉ㅂ니다,Inflect,VV,EF,앉/VV/*+ㅂ니다/EF/*
앉으습니다,0,0,-500,VV+EF,*,F,앉으습니다,Inflect,VV,EF,앉/VV/*+습니다/EF/*
앉ㄹ까,0,0,-500,VV+EF,*,F,앉ㄹ까,Inflect,VV,EF,앉/VV/*+ㄹ까/EF/*
앉ㄹ까요,0,0,-500,VV+EF,*,F,앉ㄹ까요,Inflect,VV,EF,앉/VV/*+ㄹ까요/EF/*
앉ㄹ게요,0,0,-500,VV+EF,*,F,앉ㄹ게요,Inflect,VV,EF,앉/VV/*+ㄹ게요/EF/*
앉ㄹ게,0,0,-500,VV+EF,*,F,앉ㄹ게,Inflect,VV,EF,앉/VV/*+ㄹ게/EF/*
앉자,0,0,-500,VV+EF,*,F,앉자,Inflect,VV,EF,앉/VV/*+자/EF/*
앉으세요,0,0,-500,VV+EF,*,F,앉으세요,Inflect,VV,EF,앉/VV/*+세요/EF/*
앉았다,0,0,-500,VV+EP+EF,*,F,앉았다,Inflect,VV,EF,앉/VV/*+았/EP/*+다/EF/*
앉았아요,0,0,-500,VV+EP+EF,*,F,앉았아요,Inflect,VV,EF,앉/VV/*+았/EP/*+요/EF/*
앉았ㅂ니다,0,0,-500,VV+EP+EF,*,F,앉았ㅂ니다,Inflect,VV,EF,앉/VV/*+았/EP/*+ㅂ니다/EF/*
앉았으습니다,0,0,-500,VV+EP+EF,*,F,앉았으습니다,Inflect,VV,EF,앉/VV/*+았/EP/*+습니다/EF/*
앉았ㄹ까,0,0,-500,VV+EP+EF,*,F,앉았ㄹ까,Inflect,VV,EF,앉/VV/*+았/EP/*+ㄹ까/EF/*
앉았ㄹ까요,0,0,-500,VV+EP+EF,*,F,앉았ㄹ까요,Inflect,VV,EF,앉/VV/*+았/EP/*+ㄹ까요/EF/*
앉았ㄹ게요,0,0,-500,VV+EP+EF,*,F,앉았ㄹ게요,Inflect,VV,EF,앉/VV/*+았/EP/*+ㄹ게요/EF/*
앉았ㄹ게,0,0,-500,VV+EP+EF,*,F,앉았ㄹ게,Inflect,VV,EF,앉/VV/*+았/EP/*+ㄹ게/EF/*
앉았자,0,0,-500,VV+EP+EF,*,F,앉았자,Inflect,VV,EF,앉/VV/*+았/EP/*+자/EF/*
앉았으세요,0,0,-500,VV+EP+EF,*,F,앉았으세요,Inflect,VV,EF,앉/VV/*+았/EP/*+세요/EF/*
앉았다,0,0,-500,VV+EP+EF,*,F,앉았다,Inflect,VV,EF,앉/VV/*+었/EP/*+다/EF/*
앉았아요,0,0,-500,VV+EP+EF,*,F,앉았아요,Inflect,VV,EF,앉/VV/*+었/EP/*+요/EF/*
앉았ㅂ니다,0,0,-500,VV+EP+EF,*,F,앉았ㅂ니다,Inflect,VV,EF,앉/VV/*+었/EP/*+ㅂ니다/EF/*
앉았으습니다,0,0,-500,VV+EP+EF,*,F,앉았으습니다,Inflect,VV,EF,앉/VV/*+었/EP/*+습니다/EF/*
앉았ㄹ까,0,0,-500,VV+EP+EF,*,F,앉았ㄹ까,Inflect,VV,EF,앉/VV/*+었/EP/*+ㄹ까/EF/*
앉았ㄹ까요,0,0,-500,VV+EP+EF,*,F,앉았ㄹ까요,Inflect,VV,EF,앉/VV/*+었/EP/*+ㄹ까요/EF/*
앉았ㄹ게요,0,0,-500,VV+EP+EF,*,F,앉았ㄹ게요,Inflect,VV,EF,앉/VV/*+었/EP/*+ㄹ게요/EF/*
앉았ㄹ게,0,0,-500,VV+EP+EF,*,F,앉았ㄹ게,Inflect,VV,EF,앉/VV/*+었/EP/*+ㄹ게/EF/*
앉았자,0,0,-500,VV+EP+EF,*,F,앉았자,Inflect,VV,EF,앉/VV/*+었/EP/*+자/EF/*
앉았으세요,0,0,-500,VV+EP+EF,*,F,앉았으세요,Inflect,VV,EF,앉/VV/*+었/EP/*+세요/EF/*
앉으시다,0,0,-500,VV+EP+EF,*,F,앉으시다,Inflect,VV,EF,앉/VV/*+시/EP/*+다/EF/*
앉으셔요,0,0,-500,VV+EP+EF,*,F,앉으셔요,Inflect,VV,EF,앉/VV/*+시/EP/*+요/EF/*
앉으십니다,0,0,-500,VV+EP+EF,*,F,앉으십니다,Inflect,VV,EF,앉/VV/*+시/EP/*+ㅂ니다/EF/*
앉으시습니다,0,0,-500,VV+EP+EF,*,F,앉으시습니다,Inflect,VV,EF,앉/VV/*+시/EP/*+습니다/EF/*
앉으실까,0,0,-500,VV+EP+EF,*,F,앉으실까,Inflect,VV,EF,앉/VV/*+시/EP/*+ㄹ까/EF/*
앉으실까요,0,0,-500,VV+EP+EF,*,F,앉으실까요,Inflect,VV,EF,앉/VV/*+시/EP/*+ㄹ까요/EF/*
앉으실게요,0,0,-500,VV+EP+EF,*,F,앉으실게요,Inflect,VV,EF,앉/VV/*+시/EP/*+ㄹ게요/EF/*
앉으실게,0,0,-500,VV+EP+EF,*,F,앉으실게,Inflect,VV,EF,앉/VV/*+시/EP/*+ㄹ게/EF/*
앉으시자,0,0,-500,VV+EP+EF,*,F,앉으시자,Inflect,VV,EF,앉/VV/*+시/EP/*+자/EF/*
앉으시세요,0,0,-500,VV+EP+EF,*,F,앉으시세요,Inflect,VV,EF,앉/VV/*+시/EP/*+세요/EF/*
앉겠다,0,0,-500,VV+EP+EF,*,F,앉겠다,Inflect,VV,EF,앉/VV/*+겠/EP/*+다/EF/*
앉겠어요,0,0,-500,VV+EP+EF,*,F,앉겠어요,Inflect,VV,EF,앉/VV/*+겠/EP/*+요/EF/*
앉겠ㅂ니다,0,0,-500,VV+EP+EF,*,F,앉겠ㅂ니다,Inflect,VV,EF,앉/VV/*+겠/EP/*+ㅂ니다/EF/*
앉겠으습니다,0,0,-500,VV+EP+EF,*,F,앉겠으습니다,Inflect,VV,EF,앉/VV/*+겠/EP/*+습니다/EF/*
앉겠ㄹ까,0,0,-500,VV+EP+EF,*,F,앉겠ㄹ까,Inflect,VV,EF,앉/VV/*+겠/EP/*+ㄹ까/EF/*
앉겠ㄹ까요,0,0,-500,VV+EP+EF,*,F,앉겠ㄹ까요,Inflect,VV,EF,앉/VV/*+겠/EP/*+ㄹ까요/EF/*
앉겠ㄹ게요,0,0,-500,VV+EP+EF,*,F,앉겠ㄹ게요,Inflect,VV,EF,앉/VV/*+겠/EP/*+ㄹ게요/EF/*
앉겠ㄹ게,0,0,-500,VV+EP+EF,*,F,앉겠ㄹ게,Inflect,VV,EF,앉/VV/*+겠/EP/*+ㄹ게/EF/*
앉겠자,0,0,-500,VV+EP+EF,*,F,앉겠자,Inflect,VV,EF,앉/VV/*+겠/EP/*+자/EF/*
앉겠으세요,0,0,-500,VV+EP+EF,*,F,앉겠으세요,Inflect,VV,EF,앉/VV/*+겠/EP/*+세요/EF/*
입는,0,0,-500,VV+ETM,*,T,입는,Inflect,VV,ETM,입/VV/*+는/ETM/*
입ㄴ,0,0,-500,VV+ETM,*,F,입ㄴ,Inflect,VV,ETM,입/VV/*+ㄴ/ETM/*
입으은,0,0,-500,VV+ETM,*,T,입으은,Inflect,VV,ETM,입/VV/*+은/ETM/*
입ㄹ,0,0,-500,VV+ETM,*,F,입ㄹ,Inflect,VV,ETM,입/VV/*+ㄹ/ETM/*
입으을,0,0,-500,VV+ETM,*,T,입으을,Inflect,VV,ETM,입/VV/*+을/ETM/*
입고,0,0,-500,VV+EC,*,F,입고,Inflect,VV,EC,입/VV/*+고/EC/*
입어서,0,0,-500,VV+EC,*,F,입어서,Inflect,VV,EC,입/VV/*+서/EC/*
입으니까,0,0,-500,VV+EC,*,F,입으니까,Inflect,VV,EC,입/VV/*+니까/EC/*
입으니,0,0,-500,VV+EC,*,F,입으니,Inflect,VV,EC,입/VV/*+니/EC/*
입으면,0,0,-500,VV+EC,*,T,입으면,Inflect,VV,EC,입/VV/*+면/EC/*
입지만,0,0,-500,VV+EC,*,T,입지만,Inflect,VV,EC,입/VV/*+지만/EC/*
입는데,0,0,-500,VV+EC,*,F,입는데,Inflect,VV,EC,입/VV/*+는데/EC/*
입ㄴ데,0,0,-500,VV+EC,*,F,입ㄴ데,Inflect,VV,EC,입/VV/*+ㄴ데/EC/*
입으은데,0,0,-500,VV+EC,*,F,입으은데,Inflect,VV,EC,입/VV/*+은데/EC/*
입으면서,0,0,-500,VV+EC,*,F,입으면서,Inflect,VV,EC,입/VV/*+면서/EC/*
입으며,0,0,-500,VV+EC,*,F,입으며,Inflect,VV,EC,입/VV/*+며/EC/*
입으러,0,0,-500,VV+EC,*,F,입으러,Inflect,VV,EC,입/VV/*+러/EC/*
입으려고,0,0,-500,VV+EC,*,F,입으려고,Inflect,VV,EC,입/VV/*+려고/EC/*
입으려,0,0,-500,VV+EC,*,F,입으려,Inflect,VV,EC,입/VV/*+려/EC/*
입어도,0,0,-500,VV+EC,*,F,입어도,Inflect,VV,EC,입/VV/*+도/EC/*
입다가,0,0,-500,VV+EC,*,F,입다가,Inflect,VV,EC,입/VV/*+다가/EC/*
입자,0,0,-500,VV+EC,*,F,입자,Inflect,VV,EC,입/VV/*+자/EC/*
입자마자,0,0,-500,VV+EC,*,F,입자마자,Inflect,VV,EC,입/VV/*+자마자/EC/*
입고서,0,0,-500,VV+EC,*,F,입고서,Inflect,VV,EC,입/VV/*+고서/EC/*
입고나서,0,0,-500,VV+EC,*,F,입고나서,Inflect,VV,EC,입/VV/*+고나서/EC/*
입도록,0,0,-500,VV+EC,*,T,입도록,Inflect,VV,EC,입/VV/*+도록/EC/*
입게,0,0,-500,VV+EC,*,F,입게,Inflect,VV,EC,입/VV/*+게/EC/*
입더라도,0,0,-500,VV+EC,*,F,입더라도,Inflect,VV,EC,입/VV/*+더라도/EC/*
입ㄹ지라도,0,0,-500,VV+EC,*,F,입ㄹ지라도,Inflect,VV,EC,입/VV/*+ㄹ지라도/EC/*
입으을지라도,0,0,-500,VV+EC,*,F,입으을지라도,Inflect,VV,EC,입/VV/*+을지라도/EC/*
입ㄹ수록,0,0,-500,VV+EC,*,T,입ㄹ수록,Inflect,VV,EC,입/VV/*+ㄹ수록/EC/*
입으을수록,0,0,-500,VV+EC,*,T,입으을수록,Inflect,VV,EC,입/VV/*+을수록/EC/*
입다고,0,0,-500,VV+EC,*,F,입다고,Inflect,VV,EC,입/VV/*+다고/EC/*
입라고,0,0,-500,VV+EC,*,F,입라고,Inflect,VV,EC,입/VV/*+라고/EC/*
입냐고,0,0,-500,VV+EC,*,F,입냐고,Inflect,VV,EC,입/VV/*+냐고/EC/*
입지,0,0,-500,VV+EC,*,F,입지,Inflect,VV,EC,입/VV/*+지/EC/*
입거나,0,0,-500,VV+EC,*,F,입거나,Inflect,VV,EC,입/VV/*+거나/EC/*
입든지,0,0,-500,VV+EC,*,F,입든지,Inflect,VV,EC,입/VV/*+든지/EC/*
입듯이,0,0,-500,VV+EC,*,F,입듯이,Inflect,VV,EC,입/VV/*+듯이/EC/*
입듯,0,0,-500,VV+EC,*,T,입듯,Inflect,VV,EC,입/VV/*+듯/EC/*
입다,0,0,-500,VV+EF,*,F,입다,Inflect,VV,EF,입/VV/*+다/EF/*
입어요,0,0,-500,VV+EF,*,F,입어요,Inflect,VV,EF,입/VV/*+요/EF/*
입ㅂ니다,0,0,-500,VV+EF,*,F,입ㅂ니다,Inflect,VV,EF,입/VV/*+ㅂ니다/EF/*
입으습니다,0,0,-500,VV+EF,*,F,입으습니다,Inflect,VV,EF,입/VV/*+습니다/EF/*
입ㄹ까,0,0,-500,VV+EF,*,F,입ㄹ까,Inflect,VV,EF,입/VV/*+ㄹ까/EF/*
입ㄹ까요,0,0,-500,VV+EF,*,F,입ㄹ까요,Inflect,VV,EF,입/VV/*+ㄹ까요/EF/*
입ㄹ게요,0,0,-500,VV+EF,*,F,입ㄹ게요,Inflect,VV,EF,입/VV/*+ㄹ게요/EF/*
입ㄹ게,0,0,-500,VV+EF,*,F,입ㄹ게,Inflect,VV,EF,입/VV/*+ㄹ게/EF/*
입자,0,0,-500,VV+EF,*,F,입자,Inflect,VV,EF,입/VV/*+자/EF/*
입으세요,0,0,-500,VV+EF,*,F,입으세요,Inflect,VV,EF,입/VV/*+세요/EF/*
입었다,0,0,-500,VV+EP+EF,*,F,입었다,Inflect,VV,EF,입/VV/*+았/EP/*+다/EF/*
입었어요,0,0,-500,VV+EP+EF,*,F,입었어요,Inflect,VV,EF,입/VV/*+았/EP/*+요/EF/*
입었ㅂ니다,0,0,-500,VV+EP+EF,*,F,입었ㅂ니다,Inflect,VV,EF,입/VV/*+았/EP/*+ㅂ니다/EF/*
입었으습니다,0,0,-500,VV+EP+EF,*,F,입었으습니다,Inflect,VV,EF,입/VV/*+았/EP/*+습니다/EF/*
입었ㄹ까,0,0,-500,VV+EP+EF,*,F,입었ㄹ까,Inflect,VV,EF,입/VV/*+았/EP/*+ㄹ까/EF/*
입었ㄹ까요,0,0,-500,VV+EP+EF,*,F,입었ㄹ까요,Inflect,VV,EF,입/VV/*+았/EP/*+ㄹ까요/EF/*
입었ㄹ게요,0,0,-500,VV+EP+EF,*,F,입었ㄹ게요,Inflect,VV,EF,입/VV/*+았/EP/*+ㄹ게요/EF/*
입었ㄹ게,0,0,-500,VV+EP+EF,*,F,입었ㄹ게,Inflect,VV,EF,입/VV/*+았/EP/*+ㄹ게/EF/*
입었자,0,0,-500,VV+EP+EF,*,F,입었자,Inflect,VV,EF,입/VV/*+았/EP/*+자/EF/*
입었으세요,0,0,-500,VV+EP+EF,*,F,입었으세요,Inflect,VV,EF,입/VV/*+았/EP/*+세요/EF/*
입었다,0,0,-500,VV+EP+EF,*,F,입었다,Inflect,VV,EF,입/VV/*+었/EP/*+다/EF/*
입었어요,0,0,-500,VV+EP+EF,*,F,입었어요,Inflect,VV,EF,입/VV/*+었/EP/*+요/EF/*
입었ㅂ니다,0,0,-500,VV+EP+EF,*,F,입었ㅂ니다,Inflect,VV,EF,입/VV/*+었/EP/*+ㅂ니다/EF/*
입었으습니다,0,0,-500,VV+EP+EF,*,F,입었으습니다,Inflect,VV,EF,입/VV/*+었/EP/*+습니다/EF/*
입었ㄹ까,0,0,-500,VV+EP+EF,*,F,입었ㄹ까,Inflect,VV,EF,입/VV/*+었/EP/*+ㄹ까/EF/*
입었ㄹ까요,0,0,-500,VV+EP+EF,*,F,입었ㄹ까요,Inflect,VV,EF,입/VV/*+었/EP/*+ㄹ까요/EF/*
입었ㄹ게요,0,0,-500,VV+EP+EF,*,F,입었ㄹ게요,Inflect,VV,EF,입/VV/*+었/EP/*+ㄹ게요/EF/*
입었ㄹ게,0,0,-500,VV+EP+EF,*,F,입었ㄹ게,Inflect,VV,EF,입/VV/*+었/EP/*+ㄹ게/EF/*
입었자,0,0,-500,VV+EP+EF,*,F,입었자,Inflect,VV,EF,입/VV/*+었/EP/*+자/EF/*
입었으세요,0,0,-500,VV+EP+EF,*,F,입었으세요,Inflect,VV,EF,입/VV/*+었/EP/*+세요/EF/*
입으시다,0,0,-500,VV+EP+EF,*,F,입으시다,Inflect,VV,EF,입/VV/*+시/EP/*+다/EF/*
입으셔요,0,0,-500,VV+EP+EF,*,F,입으셔요,Inflect,VV,EF,입/VV/*+시/EP/*+요/EF/*
입으십니다,0,0,-500,VV+EP+EF,*,F,입으십니다,Inflect,VV,EF,입/VV/*+시/EP/*+ㅂ니다/EF/*
입으시습니다,0,0,-500,VV+EP+EF,*,F,입으시습니다,Inflect,VV,EF,입/VV/*+시/EP/*+습니다/EF/*
입으실까,0,0,-500,VV+EP+EF,*,F,입으실까,Inflect,VV,EF,입/VV/*+시/EP/*+ㄹ까/EF/*
입으실까요,0,0,-500,VV+EP+EF,*,F,입으실까요,Inflect,VV,EF,입/VV/*+시/EP/*+ㄹ까요/EF/*
입으실게요,0,0,-500,VV+EP+EF,*,F,입으실게요,Inflect,VV,EF,입/VV/*+시/EP/*+ㄹ게요/EF/*
입으실게,0,0,-500,VV+EP+EF,*,F,입으실게,Inflect,VV,EF,입/VV/*+시/EP/*+ㄹ게/EF/*
입으시자,0,0,-500,VV+EP+EF,*,F,입으시자,Inflect,VV,EF,입/VV/*+시/EP/*+자/EF/*
입으시세요,0,0,-500,VV+EP+EF,*,F,입으시세요,Inflect,VV,EF,입/VV/*+시/EP/*+세요/EF/*
입겠다,0,0,-500,VV+EP+EF,*,F,입겠다,Inflect,VV,EF,입/VV/*+겠/EP/*+다/EF/*
입겠어요,0,0,-500,VV+EP+EF,*,F,입겠어요,Inflect,VV,EF,입/VV/*+겠/EP/*+요/EF/*
입겠ㅂ니다,0,0,-500,VV+EP+EF,*,F,입겠ㅂ니다,Inflect,VV,EF,입/VV/*+겠/EP/*+ㅂ니다/EF/*
입겠으습니다,0,0,-500,VV+EP+EF,*,F,입겠으습니다,Inflect,VV,EF,입/VV/*+겠/EP/*+습니다/EF/*
입겠ㄹ까,0,0,-500,VV+EP+EF,*,F,입겠ㄹ까,Inflect,VV,EF,입/VV/*+겠/EP/*+ㄹ까/EF/*
입겠ㄹ까요,0,0,-500,VV+EP+EF,*,F,입겠ㄹ까요,Inflect,VV,EF,입/VV/*+겠/EP/*+ㄹ까요/EF/*
입겠ㄹ게요,0,0,-500,VV+EP+EF,*,F,입겠ㄹ게요,Inflect,VV,EF,입/VV/*+겠/EP/*+ㄹ게요/EF/*
입겠ㄹ게,0,0,-500,VV+EP+EF,*,F,입겠ㄹ게,Inflect,VV,EF,입/VV/*+겠/EP/*+ㄹ게/EF/*
입겠자,0,0,-500,VV+EP+EF,*,F,입겠자,Inflect,VV,EF,입/VV/*+겠/EP/*+자/EF/*
입겠으세요,0,0,-500,VV+EP+EF,*,F,입겠으세요,Inflect,VV,EF,입/VV/*+겠/EP/*+세요/EF/*
벗는,0,0,-500,VV+ETM,*,T,벗는,Inflect,VV,ETM,벗/VV/*+는/ETM/*
벗ㄴ,0,0,-500,VV+ETM,*,F,벗ㄴ,Inflect,VV,ETM,벗/VV/*+ㄴ/ETM/*
벗으은,0,0,-500,VV+ETM,*,T,벗으은,Inflect,VV,ETM,벗/VV/*+은/ETM/*
벗ㄹ,0,0,-500,VV+ETM,*,F,벗ㄹ,Inflect,VV,ETM,벗/VV/*+ㄹ/ETM/*
벗으을,0,0,-500,VV+ETM,*,T,벗으을,Inflect,VV,ETM,벗/VV/*+을/ETM/*
벗고,0,0,-500,VV+EC,*,F,벗고,Inflect,VV,EC,벗/VV/*+고/EC/*
벗어서,0,0,-500,VV+EC,*,F,벗어서,Inflect,VV,EC,벗/VV/*+서/EC/*
벗으니까,0,0,-500,VV+EC,*,F,벗으니까,Inflect,VV,EC,벗/VV/*+니까/EC/*
벗으니,0,0,-500,VV+EC,*,F,벗으니,Inflect,VV,EC,벗/VV/*+니/EC/*
벗으면,0,0,-500,VV+EC,*,T,벗으면,Inflect,VV,EC,벗/VV/*+면/EC/*
벗지만,0,0,-500,VV+EC,*,T,벗지만,Inflect,VV,EC,벗/VV/*+지만/EC/*
벗는데,0,0,-500,VV+EC,*,F,벗는데,Inflect,VV,EC,벗/VV/*+는데/EC/*
벗ㄴ데,0,0,-500,VV+EC,*,F,벗ㄴ데,Inflect,VV,EC,벗/VV/*+ㄴ데/EC/*
벗으은데,0,0,-500,VV+EC,*,F,벗으은데,Inflect,VV,EC,벗/VV/*+은데/EC/*
벗으면서,0,0,-500,VV+EC,*,F,벗으면서,Inflect,VV,EC,벗/VV/*+면서/EC/*
벗으며,0,0,-500,VV+EC,*,F,벗으며,Inflect,VV,EC,벗/VV/*+며/EC/*
벗으러,0,0,-500,VV+EC,*,F,벗으러,Inflect,VV,EC,벗/VV/*+러/EC/*
벗으려고,0,0,-500,VV+EC,*,F,벗으려고,Inflect,VV,EC,벗/VV/*+려고/EC/*
벗으려,0,0,-500,VV+EC,*,F,벗으려,Inflect,VV,EC,벗/VV/*+려/EC/*
벗어도,0,0,-500,VV+EC,*,F,벗어도,Inflect,VV,EC,벗/VV/*+도/EC/*
벗다가,0,0,-500,VV+EC,*,F,벗다가,Inflect,VV,EC,벗/VV/*+다가/EC/*
벗자,0,0,-500,VV+EC,*,F,벗자,Inflect,VV,EC,벗/VV/*+자/EC/*
벗자마자,0,0,-500,VV+EC,*,F,벗자마자,Inflect,VV,EC,벗/VV/*+자마자/EC/*
벗고서,0,0,-500,VV+EC,*,F,벗고서,Inflect,VV,EC,벗/VV/*+고서/EC/*
벗고나서,0,0,-500,VV+EC,*,F,벗고나서,Inflect,VV,EC,벗/VV/*+고나서/EC/*
벗도록,0,0,-500,VV+EC,*,T,벗도록,Inflect,VV,EC,벗/VV/*+도록/EC/*
벗게,0,0,-500,VV+EC,*,F,벗게,Inflect,VV,EC,벗/VV/*+게/EC/*
벗더라도,0,0,-500,VV+EC,*,F,벗더라도,Inflect,VV,EC,벗/VV/*+더라도/EC/*
벗ㄹ지라도,0,0,-500,VV+EC,*,F,벗ㄹ지라도,Inflect,VV,EC,벗/VV/*+ㄹ지라도/EC/*
벗으을지라도,0,0,-500,VV+EC,*,F,벗으을지라도,Inflect,VV,EC,벗/VV/*+을지라도/EC/*
벗ㄹ수록,0,0,-500,VV+EC,*,T,벗ㄹ수록,Inflect,VV,EC,벗/VV/*+ㄹ수록/EC/*
벗으을수록,0,0,-500,VV+EC,*,T,벗으을수록,Inflect,VV,EC,벗/VV/*+을수록/EC/*
벗다고,0,0,-500,VV+EC,*,F,벗다고,Inflect,VV,EC,벗/VV/*+다고/EC/*
벗라고,0,0,-500,VV+EC,*,F,벗라고,Inflect,VV,EC,벗/VV/*+라고/EC/*
벗냐고,0,0,-500,VV+EC,*,F,벗냐고,Inflect,VV,EC,벗/VV/*+냐고/EC/*
벗지,0,0,-500,VV+EC,*,F,벗지,Inflect,VV,EC,벗/VV/*+지/EC/*
벗거나,0,0,-500,VV+EC,*,F,벗거나,Inflect,VV,EC,벗/VV/*+거나/EC/*
벗든지,0,0,-500,VV+EC,*,F,벗든지,Inflect,VV,EC,벗/VV/*+든지/EC/*
벗듯이,0,0,-500,VV+EC,*,F,벗듯이,Inflect,VV,EC,벗/VV/*+듯이/EC/*
벗듯,0,0,-500,VV+EC,*,T,벗듯,Inflect,VV,EC,벗/VV/*+듯/EC/*
벗다,0,0,-500,VV+EF,*,F,벗다,Inflect,VV,EF,벗/VV/*+다/EF/*
벗어요,0,0,-500,VV+EF,*,F,벗어요,Inflect,VV,EF,벗/VV/*+요/EF/*
벗ㅂ니다,0,0,-500,VV+EF,*,F,벗ㅂ니다,Inflect,VV,EF,벗/VV/*+ㅂ니다/EF/*
벗으습니다,0,0,-500,VV+EF,*,F,벗으습니다,Inflect,VV,EF,벗/VV/*+습니다/EF/*
벗ㄹ까,0,0,-500,VV+EF,*,F,벗ㄹ까,Inflect,VV,EF,벗/VV/*+ㄹ까/EF/*
벗ㄹ까요,0,0,-500,VV+EF,*,F,벗ㄹ까요,Inflect,VV,EF,벗/VV/*+ㄹ까요/EF/*
벗ㄹ게요,0,0,-500,VV+EF,*,F,벗ㄹ게요,Inflect,VV,EF,벗/VV/*+ㄹ게요/EF/*
벗ㄹ게,0,0,-500,VV+EF,*,F,벗ㄹ게,Inflect,VV,EF,벗/VV/*+ㄹ게/EF/*
벗자,0,0,-500,VV+EF,*,F,벗자,Inflect,VV,EF,벗/VV/*+자/EF/*
벗으세요,0,0,-500,VV+EF,*,F,벗으세요,Inflect,VV,EF,벗/VV/*+세요/EF/*
벗었다,0,0,-500,VV+EP+EF,*,F,벗었다,Inflect,VV,EF,벗/VV/*+았/EP/*+다/EF/*
벗었어요,0,0,-500,VV+EP+EF,*,F,벗었어요,Inflect,VV,EF,벗/VV/*+았/EP/*+요/EF/*
벗었ㅂ니다,0,0,-500,VV+EP+EF,*,F,벗었ㅂ니다,Inflect,VV,EF,벗/VV/*+았/EP/*+ㅂ니다/EF/*
벗었으습니다,0,0,-500,VV+EP+EF,*,F,벗었으습니다,Inflect,VV,EF,벗/VV/*+았/EP/*+습니다/EF/*
벗었ㄹ까,0,0,-500,VV+EP+EF,*,F,벗었ㄹ까,Inflect,VV,EF,벗/VV/*+았/EP/*+ㄹ까/EF/*
벗었ㄹ까요,0,0,-500,VV+EP+EF,*,F,벗었ㄹ까요,Inflect,VV,EF,벗/VV/*+았/EP/*+ㄹ까요/EF/*
벗었ㄹ게요,0,0,-500,VV+EP+EF,*,F,벗었ㄹ게요,Inflect,VV,EF,벗/VV/*+았/EP/*+ㄹ게요/EF/*
벗었ㄹ게,0,0,-500,VV+EP+EF,*,F,벗었ㄹ게,Inflect,VV,EF,벗/VV/*+았/EP/*+ㄹ게/EF/*
벗었자,0,0,-500,VV+EP+EF,*,F,벗었자,Inflect,VV,EF,벗/VV/*+았/EP/*+자/EF/*
벗었으세요,0,0,-500,VV+EP+EF,*,F,벗었으세요,Inflect,VV,EF,벗/VV/*+았/EP/*+세요/EF/*
벗었다,0,0,-500,VV+EP+EF,*,F,벗었다,Inflect,VV,EF,벗/VV/*+었/EP/*+다/EF/*
벗었어요,0,0,-500,VV+EP+EF,*,F,벗었어요,Inflect,VV,EF,벗/VV/*+었/EP/*+요/EF/*
벗었ㅂ니다,0,0,-500,VV+EP+EF,*,F,벗었ㅂ니다,Inflect,VV,EF,벗/VV/*+었/EP/*+ㅂ니다/EF/*
벗었으습니다,0,0,-500,VV+EP+EF,*,F,벗었으습니다,Inflect,VV,EF,벗/VV/*+었/EP/*+습니다/EF/*
벗었ㄹ까,0,0,-500,VV+EP+EF,*,F,벗었ㄹ까,Inflect,VV,EF,벗/VV/*+었/EP/*+ㄹ까/EF/*
벗었ㄹ까요,0,0,-500,VV+EP+EF,*,F,벗었ㄹ까요,Inflect,VV,EF,벗/VV/*+었/EP/*+ㄹ까요/EF/*
벗었ㄹ게요,0,0,-500,VV+EP+EF,*,F,벗었ㄹ게요,Inflect,VV,EF,벗/VV/*+었/EP/*+ㄹ게요/EF/*
벗었ㄹ게,0,0,-500,VV+EP+EF,*,F,벗었ㄹ게,Inflect,VV,EF,벗/VV/*+었/EP/*+ㄹ게/EF/*
벗었자,0,0,-500,VV+EP+EF,*,F,벗었자,Inflect,VV,EF,벗/VV/*+었/EP/*+자/EF/*
벗었으세요,0,0,-500,VV+EP+EF,*,F,벗었으세요,Inflect,VV,EF,벗/VV/*+었/EP/*+세요/EF/*
벗으시다,0,0,-500,VV+EP+EF,*,F,벗으시다,Inflect,VV,EF,벗/VV/*+시/EP/*+다/EF/*
벗으셔요,0,0,-500,VV+EP+EF,*,F,벗으셔요,Inflect,VV,EF,벗/VV/*+시/EP/*+요/EF/*
벗으십니다,0,0,-500,VV+EP+EF,*,F,벗으십니다,Inflect,VV,EF,벗/VV/*+시/EP/*+ㅂ니다/EF/*
벗으시습니다,0,0,-500,VV+EP+EF,*,F,벗으시습니다,Inflect,VV,EF,벗/VV/*+시/EP/*+습니다/EF/*
벗으실까,0,0,-500,VV+EP+EF,*,F,벗으실까,Inflect,VV,EF,벗/VV/*+시/EP/*+ㄹ까/EF/*
벗으실까요,0,0,-500,VV+EP+EF,*,F,벗으실까요,Inflect,VV,EF,벗/VV/*+시/EP/*+ㄹ까요/EF/*
벗으실게요,0,0,-500,VV+EP+EF,*,F,벗으실게요,Inflect,VV,EF,벗/VV/*+시/EP/*+ㄹ게요/EF/*
벗으실게,0,0,-500,VV+EP+EF,*,F,벗으실게,Inflect,VV,EF,벗/VV/*+시/EP/*+ㄹ게/EF/*
벗으시자,0,0,-500,VV+EP+EF,*,F,벗으시자,Inflect,VV,EF,벗/VV/*+시/EP/*+자/EF/*
벗으시세요,0,0,-500,VV+EP+EF,*,F,벗으시세요,Inflect,VV,EF,벗/VV/*+시/EP/*+세요/EF/*
벗겠다,0,0,-500,VV+EP+EF,*,F,벗겠다,Inflect,VV,EF,벗/VV/*+겠/EP/*+다/EF/*
벗겠어요,0,0,-500,VV+EP+EF,*,F,벗겠어요,Inflect,VV,EF,벗/VV/*+겠/EP/*+요/EF/*
벗겠ㅂ니다,0,0,-500,VV+EP+EF,*,F,벗겠ㅂ니다,Inflect,VV,EF,벗/VV/*+겠/EP/*+ㅂ니다/EF/*
벗겠으습니다,0,0,-500,VV+EP+EF,*,F,벗겠으습니다,Inflect,VV,EF,벗/VV/*+겠/EP/*+습니다/EF/*
벗겠ㄹ까,0,0,-500,VV+EP+EF,*,F,벗겠ㄹ까,Inflect,VV,EF,벗/VV/*+겠/EP/*+ㄹ까/EF/*
벗겠ㄹ까요,0,0,-500,VV+EP+EF,*,F,벗겠ㄹ까요,Inflect,VV,EF,벗/VV/*+겠/EP/*+ㄹ까요/EF/*
벗겠ㄹ게요,0,0,-500,VV+EP+EF,*,F,벗겠ㄹ게요,Inflect,VV,EF,벗/VV/*+겠/EP/*+ㄹ게요/EF/*
벗겠ㄹ게,0,0,-500,VV+EP+EF,*,F,벗겠ㄹ게,Inflect,VV,EF,벗/VV/*+겠/EP/*+ㄹ게/EF/*
벗겠자,0,0,-500,VV+EP+EF,*,F,벗겠자,Inflect,VV,EF,벗/VV/*+겠/EP/*+자/EF/*
벗겠으세요,0,0,-500,VV+EP+EF,*,F,벗겠으세요,Inflect,VV,EF,벗/VV/*+겠/EP/*+세요/EF/*
씻는,0,0,-500,VV+ETM,*,T,씻는,Inflect,VV,ETM,씻/VV/*+는/ETM/*
씻ㄴ,0,0,-500,VV+ETM,*,F,씻ㄴ,Inflect,VV,ETM,씻/VV/*+ㄴ/ETM/*
씻으은,0,0,-500,VV+ETM,*,T,씻으은,Inflect,VV,ETM,씻/VV/*+은/ETM/*
씻ㄹ,0,0,-500,VV+ETM,*,F,씻ㄹ,Inflect,VV,ETM,씻/VV/*+ㄹ/ETM/*
씻으을,0,0,-500,VV+ETM,*,T,씻으을,Inflect,VV,ETM,씻/VV/*+을/ETM/*
씻고,0,0,-500,VV+EC,*,F,씻고,Inflect,VV,EC,씻/VV/*+고/EC/*
씻어서,0,0,-500,VV+EC,*,F,씻어서,Inflect,VV,EC,씻/VV/*+서/EC/*
씻으니까,0,0,-500,VV+EC,*,F,씻으니까,Inflect,VV,EC,씻/VV/*+니까/EC/*
씻으니,0,0,-500,VV+EC,*,F,씻으니,Inflect,VV,EC,씻/VV/*+니/EC/*
씻으면,0,0,-500,VV+EC,*,T,씻으면,Inflect,VV,EC,씻/VV/*+면/EC/*
씻지만,0,0,-500,VV+EC,*,T,씻지만,Inflect,VV,EC,씻/VV/*+지만/EC/*
씻는데,0,0,-500,VV+EC,*,F,씻는데,Inflect,VV,EC,씻/VV/*+는데/EC/*
씻ㄴ데,0,0,-500,VV+EC,*,F,씻ㄴ데,Inflect,VV,EC,씻/VV/*+ㄴ데/EC/*
씻으은데,0,0,-500,VV+EC,*,F,씻으은데,Inflect,VV,EC,씻/VV/*+은데/EC/*
씻으면서,0,0,-500,VV+EC,*,F,씻으면서,Inflect,VV,EC,씻/VV/*+면서/EC/*
씻으며,0,0,-500,VV+EC,*,F,씻으며,Inflect,VV,EC,씻/VV/*+며/EC/*
씻으러,0,0,-500,VV+EC,*,F,씻으러,Inflect,VV,EC,씻/VV/*+러/EC/*
씻으려고,0,0,-500,VV+EC,*,F,씻으려고,Inflect,VV,EC,씻/VV/*+려고/EC/*
씻으려,0,0,-500,VV+EC,*,F,씻으려,Inflect,VV,EC,씻/VV/*+려/EC/*
씻어도,0,0,-500,VV+EC,*,F,씻어도,Inflect,VV,EC,씻/VV/*+도/EC/*
씻다가,0,0,-500,VV+EC,*,F,씻다가,Inflect,VV,EC,씻/VV/*+다가/EC/*
씻자,0,0,-500,VV+EC,*,F,씻자,Inflect,VV,EC,씻/VV/*+자/EC/*
씻자마자,0,0,-500,VV+EC,*,F,씻자마자,Inflect,VV,EC,씻/VV/*+자마자/EC/*
씻고서,0,0,-500,VV+EC,*,F,씻고서,Inflect,VV,EC,씻/VV/*+고서/EC/*
씻고나서,0,0,-500,VV+EC,*,F,씻고나서,Inflect,VV,EC,씻/VV/*+고나서/EC/*
씻도록,0,0,-500,VV+EC,*,T,씻도록,Inflect,VV,EC,씻/VV/*+도록/EC/*
씻게,0,0,-500,VV+EC,*,F,씻게,Inflect,VV,EC,씻/VV/*+게/EC/*
씻더라도,0,0,-500,VV+EC,*,F,씻더라도,Inflect,VV,EC,씻/VV/*+더라도/EC/*
씻ㄹ지라도,0,0,-500,VV+EC,*,F,씻ㄹ지라도,Inflect,VV,EC,씻/VV/*+ㄹ지라도/EC/*
씻으을지라도,0,0,-500,VV+EC,*,F,씻으을지라도,Inflect,VV,EC,씻/VV/*+을지라도/EC/*
씻ㄹ수록,0,0,-500,VV+EC,*,T,씻ㄹ수록,Inflect,VV,EC,씻/VV/*+ㄹ수록/EC/*
씻으을수록,0,0,-500,VV+EC,*,T,씻으을수록,Inflect,VV,EC,씻/VV/*+을수록/EC/*
씻다고,0,0,-500,VV+EC,*,F,씻다고,Inflect,VV,EC,씻/VV/*+다고/EC/*
씻라고,0,0,-500,VV+EC,*,F,씻라고,Inflect,VV,EC,씻/VV/*+라고/EC/*
씻냐고,0,0,-500,VV+EC,*,F,씻냐고,Inflect,VV,EC,씻/VV/*+냐고/EC/*
씻지,0,0,-500,VV+EC,*,F,씻지,Inflect,VV,EC,씻/VV/*+지/EC/*
씻거나,0,0,-500,VV+EC,*,F,씻거나,Inflect,VV,EC,씻/VV/*+거나/EC/*
씻든지,0,0,-500,VV+EC,*,F,씻든지,Inflect,VV,EC,씻/VV/*+든지/EC/*
씻듯이,0,0,-500,VV+EC,*,F,씻듯이,Inflect,VV,EC,씻/VV/*+듯이/EC/*
씻듯,0,0,-500,VV+EC,*,T,씻듯,Inflect,VV,EC,씻/VV/*+듯/EC/*
씻다,0,0,-500,VV+EF,*,F,씻다,Inflect,VV,EF,씻/VV/*+다/EF/*
씻어요,0,0,-500,VV+EF,*,F,씻어요,Inflect,VV,EF,씻/VV/*+요/EF/*
씻ㅂ니다,0,0,-500,VV+EF,*,F,씻ㅂ니다,Inflect,VV,EF,씻/VV/*+ㅂ니다/EF/*
씻으습니다,0,0,-500,VV+EF,*,F,씻으습니다,Inflect,VV,EF,씻/VV/*+습니다/EF/*
씻ㄹ까,0,0,-500,VV+EF,*,F,씻ㄹ까,Inflect,VV,EF,씻/VV/*+ㄹ까/EF/*
씻ㄹ까요,0,0,-500,VV+EF,*,F,씻ㄹ까요,Inflect,VV,EF,씻/VV/*+ㄹ까요/EF/*
씻ㄹ게요,0,0,-500,VV+EF,*,F,씻ㄹ게요,Inflect,VV,EF,씻/VV/*+ㄹ게요/EF/*
씻ㄹ게,0,0,-500,VV+EF,*,F,씻ㄹ게,Inflect,VV,EF,씻/VV/*+ㄹ게/EF/*
씻자,0,0,-500,VV+EF,*,F,씻자,Inflect,VV,EF,씻/VV/*+자/EF/*
씻으세요,0,0,-500,VV+EF,*,F,씻으세요,Inflect,VV,EF,씻/VV/*+세요/EF/*
씻었다,0,0,-500,VV+EP+EF,*,F,씻었다,Inflect,VV,EF,씻/VV/*+았/EP/*+다/EF/*
씻었어요,0,0,-500,VV+EP+EF,*,F,씻었어요,Inflect,VV,EF,씻/VV/*+았/EP/*+요/EF/*
씻었ㅂ니다,0,0,-500,VV+EP+EF,*,F,씻었ㅂ니다,Inflect,VV,EF,씻/VV/*+았/EP/*+ㅂ니다/EF/*
씻었으습니다,0,0,-500,VV+EP+EF,*,F,씻었으습니다,Inflect,VV,EF,씻/VV/*+았/EP/*+습니다/EF/*
씻었ㄹ까,0,0,-500,VV+EP+EF,*,F,씻었ㄹ까,Inflect,VV,EF,씻/VV/*+았/EP/*+ㄹ까/EF/*
씻었ㄹ까요,0,0,-500,VV+EP+EF,*,F,씻었ㄹ까요,Inflect,VV,EF,씻/VV/*+았/EP/*+ㄹ까요/EF/*
씻었ㄹ게요,0,0,-500,VV+EP+EF,*,F,씻었ㄹ게요,Inflect,VV,EF,씻/VV/*+았/EP/*+ㄹ게요/EF/*
씻었ㄹ게,0,0,-500,VV+EP+EF,*,F,씻었ㄹ게,Inflect,VV,EF,씻/VV/*+았/EP/*+ㄹ게/EF/*
씻었자,0,0,-500,VV+EP+EF,*,F,씻었자,Inflect,VV,EF,씻/VV/*+았/EP/*+자/EF/*
씻었으세요,0,0,-500,VV+EP+EF,*,F,씻었으세요,Inflect,VV,EF,씻/VV/*+았/EP/*+세요/EF/*
씻었다,0,0,-500,VV+EP+EF,*,F,씻었다,Inflect,VV,EF,씻/VV/*+었/EP/*+다/EF/*
씻었어요,0,0,-500,VV+EP+EF,*,F,씻었어요,Inflect,VV,EF,씻/VV/*+었/EP/*+요/EF/*
씻었ㅂ니다,0,0,-500,VV+EP+EF,*,F,씻었ㅂ니다,Inflect,VV,EF,씻/VV/*+었/EP/*+ㅂ니다/EF/*
씻었으습니다,0,0,-500,VV+EP+EF,*,F,씻었으습니다,Inflect,VV,EF,씻/VV/*+었/EP/*+습니다/EF/*
씻었ㄹ까,0,0,-500,VV+EP+EF,*,F,씻었ㄹ까,Inflect,VV,EF,씻/VV/*+었/EP/*+ㄹ까/EF/*
씻었ㄹ까요,0,0,-500,VV+EP+EF,*,F,씻었ㄹ까요,Inflect,VV,EF,씻/VV/*+었/EP/*+ㄹ까요/EF/*
씻었ㄹ게요,0,0,-500,VV+EP+EF,*,F,씻었ㄹ게요,Inflect,VV,EF,씻/VV/*+었/EP/*+ㄹ게요/EF/*
씻었ㄹ게,0,0,-500,VV+EP+EF,*,F,씻었ㄹ게,Inflect,VV,EF,씻/VV/*+었/EP/*+ㄹ게/EF/*
씻었자,0,0,-500,VV+EP+EF,*,F,씻었자,Inflect,VV,EF,씻/VV/*+었/EP/*+자/EF/*
씻었으세요,0,0,-500,VV+EP+EF,*,F,씻었으세요,Inflect,VV,EF,씻/VV/*+었/EP/*+세요/EF/*
씻으시다,0,0,-500,VV+EP+EF,*,F,씻으시다,Inflect,VV,EF,씻/VV/*+시/EP/*+다/EF/*
씻으셔요,0,0,-500,VV+EP+EF,*,F,씻으셔요,Inflect,VV,EF,씻/VV/*+시/EP/*+요/EF/*
씻으십니다,0,0,-500,VV+EP+EF,*,F,씻으십니다,Inflect,VV,EF,씻/VV/*+시/EP/*+ㅂ니다/EF/*
씻으시습니다,0,0,-500,VV+EP+EF,*,F,씻으시습니다,Inflect,VV,EF,씻/VV/*+시/EP/*+습니다/EF/*
씻으실까,0,0,-500,VV+EP+EF,*,F,씻으실까,Inflect,VV,EF,씻/VV/*+시/EP/*+ㄹ까/EF/*
씻으실까요,0,0,-500,VV+EP+EF,*,F,씻으실까요,Inflect,VV,EF,씻/VV/*+시/EP/*+ㄹ까요/EF/*
씻으실게요,0,0,-500,VV+EP+EF,*,F,씻으실게요,Inflect,VV,EF,씻/VV/*+시/EP/*+ㄹ게요/EF/*
씻으실게,0,0,-500,VV+EP+EF,*,F,씻으실게,Inflect,VV,EF,씻/VV/*+시/EP/*+ㄹ게/EF/*
씻으시자,0,0,-500,VV+EP+EF,*,F,씻으시자,Inflect,VV,EF,씻/VV/*+시/EP/*+자/EF/*
씻으시세요,0,0,-500,VV+EP+EF,*,F,씻으시세요,Inflect,VV,EF,씻/VV/*+시/EP/*+세요/EF/*
씻겠다,0,0,-500,VV+EP+EF,*,F,씻겠다,Inflect,VV,EF,씻/VV/*+겠/EP/*+다/EF/*
씻겠어요,0,0,-500,VV+EP+EF,*,F,씻겠어요,Inflect,VV,EF,씻/VV/*+겠/EP/*+요/EF/*
씻겠ㅂ니다,0,0,-500,VV+EP+EF,*,F,씻겠ㅂ니다,Inflect,VV,EF,씻/VV/*+겠/EP/*+ㅂ니다/EF/*
씻겠으습니다,0,0,-500,VV+EP+EF,*,F,씻겠으습니다,Inflect,VV,EF,씻/VV/*+겠/EP/*+습니다/EF/*
씻겠ㄹ까,0,0,-500,VV+EP+EF,*,F,씻겠ㄹ까,Inflect,VV,EF,씻/VV/*+겠/EP/*+ㄹ까/EF/*
씻겠ㄹ까요,0,0,-500,VV+EP+EF,*,F,씻겠ㄹ까요,Inflect,VV,EF,씻/VV/*+겠/EP/*+ㄹ까요/EF/*
씻겠ㄹ게요,0,0,-500,VV+EP+EF,*,F,씻겠ㄹ게요,Inflect,VV,EF,씻/VV/*+겠/EP/*+ㄹ게요/EF/*
씻겠ㄹ게,0,0,-500,VV+EP+EF,*,F,씻겠ㄹ게,Inflect,VV,EF,씻/VV/*+겠/EP/*+ㄹ게/EF/*
씻겠자,0,0,-500,VV+EP+EF,*,F,씻겠자,Inflect,VV,EF,씻/VV/*+겠/EP/*+자/EF/*
씻겠으세요,0,0,-500,VV+EP+EF,*,F,씻겠으세요,Inflect,VV,EF,씻/VV/*+겠/EP/*+세요/EF/*
닦는,0,0,-500,VV+ETM,*,T,닦는,Inflect,VV,ETM,닦/VV/*+는/ETM/*
닦ㄴ,0,0,-500,VV+ETM,*,F,닦ㄴ,Inflect,VV,ETM,닦/VV/*+ㄴ/ETM/*
닦으은,0,0,-500,VV+ETM,*,T,닦으은,Inflect,VV,ETM,닦/VV/*+은/ETM/*
닦ㄹ,0,0,-500,VV+ETM,*,F,닦ㄹ,Inflect,VV,ETM,닦/VV/*+ㄹ/ETM/*
닦으을,0,0,-500,VV+ETM,*,T,닦으을,Inflect,VV,ETM,닦/VV/*+을/ETM/*
닦고,0,0,-500,VV+EC,*,F,닦고,Inflect,VV,EC,닦/VV/*+고/EC/*
닦아서,0,0,-500,VV+EC,*,F,닦아서,Inflect,VV,EC,닦/VV/*+서/EC/*
닦으니까,0,0,-500,VV+EC,*,F,닦으니까,Inflect,VV,EC,닦/VV/*+니까/EC/*
닦으니,0,0,-500,VV+EC,*,F,닦으니,Inflect,VV,EC,닦/VV/*+니/EC/*
닦으면,0,0,-500,VV+EC,*,T,닦으면,Inflect,VV,EC,닦/VV/*+면/EC/*
닦지만,0,0,-500,VV+EC,*,T,닦지만,Inflect,VV,EC,닦/VV/*+지만/EC/*
닦는데,0,0,-500,VV+EC,*,F,닦는데,Inflect,VV,EC,닦/VV/*+는데/EC/*
닦ㄴ데,0,0,-500,VV+EC,*,F,닦ㄴ데,Inflect,VV,EC,닦/VV/*+ㄴ데/EC/*
닦으은데,0,0,-500,VV+EC,*,F,닦으은데,Inflect,VV,EC,닦/VV/*+은데/EC/*
닦으면서,0,0,-500,VV+EC,*,F,닦으면서,Inflect,VV,EC,닦/VV/*+면서/EC/*
닦으며,0,0,-500,VV+EC,*,F,닦으며,Inflect,VV,EC,닦/VV/*+며/EC/*
닦으러,0,0,-500,VV+EC,*,F,닦으러,Inflect,VV,EC,닦/VV/*+러/EC/*
닦으려고,0,0,-500,VV+EC,*,F,닦으려고,Inflect,VV,EC,닦/VV/*+려고/EC/*
닦으려,0,0,-500,VV+EC,*,F,닦으려,Inflect,VV,EC,닦/VV/*+려/EC/*
닦아도,0,0,-500,VV+EC,*,F,닦아도,Inflect,VV,EC,닦/VV/*+도/EC/*
닦다가,0,0,-500,VV+EC,*,F,닦다가,Inflect,VV,EC,닦/VV/*+다가/EC/*
닦자,0,0,-500,VV+EC,*,F,닦자,Inflect,VV,EC,닦/VV/*+자/EC/*
닦자마자,0,0,-500,VV+EC,*,F,닦자마자,Inflect,VV,EC,닦/VV/*+자마자/EC/*
닦고서,0,0,-500,VV+EC,*,F,닦고서,Inflect,VV,EC,닦/VV/*+고서/EC/*
닦고나서,0,0,-500,VV+EC,*,F,닦고나서,Inflect,VV,EC,닦/VV/*+고나서/EC/*
닦도록,0,0,-500,VV+EC,*,T,닦도록,Inflect,VV,EC,닦/VV/*+도록/EC/*
닦게,0,0,-500,VV+EC,*,F,닦게,Inflect,VV,EC,닦/VV/*+게/EC/*
닦더라도,0,0,-500,VV+EC,*,F,닦더라도,Inflect,VV,EC,닦/VV/*+더라도/EC/*
닦ㄹ지라도,0,0,-500,VV+EC,*,F,닦ㄹ지라도,Inflect,VV,EC,닦/VV/*+ㄹ지라도/EC/*
닦으을지라도,0,0,-500,VV+EC,*,F,닦으을지라도,Inflect,VV,EC,닦/VV/*+을지라도/EC/*
닦ㄹ수록,0,0,-500,VV+EC,*,T,닦ㄹ수록,Inflect,VV,EC,닦/VV/*+ㄹ수록/EC/*
닦으을수록,0,0,-500,VV+EC,*,T,닦으을수록,Inflect,VV,EC,닦/VV/*+을수록/EC/*
닦다고,0,0,-500,VV+EC,*,F,닦다고,Inflect,VV,EC,닦/VV/*+다고/EC/*
닦라고,0,0,-500,VV+EC,*,F,닦라고,Inflect,VV,EC,닦/VV/*+라고/EC/*
닦냐고,0,0,-500,VV+EC,*,F,닦냐고,Inflect,VV,EC,닦/VV/*+냐고/EC/*
닦지,0,0,-500,VV+EC,*,F,닦지,Inflect,VV,EC,닦/VV/*+지/EC/*
닦거나,0,0,-500,VV+EC,*,F,닦거나,Inflect,VV,EC,닦/VV/*+거나/EC/*
닦든지,0,0,-500,VV+EC,*,F,닦든지,Inflect,VV,EC,닦/VV/*+든지/EC/*
닦듯이,0,0,-500,VV+EC,*,F,닦듯이,Inflect,VV,EC,닦/VV/*+듯이/EC/*
닦듯,0,0,-500,VV+EC,*,T,닦듯,Inflect,VV,EC,닦/VV/*+듯/EC/*
닦다,0,0,-500,VV+EF,*,F,닦다,Inflect,VV,EF,닦/VV/*+다/EF/*
닦아요,0,0,-500,VV+EF,*,F,닦아요,Inflect,VV,EF,닦/VV/*+요/EF/*
닦ㅂ니다,0,0,-500,VV+EF,*,F,닦ㅂ니다,Inflect,VV,EF,닦/VV/*+ㅂ니다/EF/*
닦으습니다,0,0,-500,VV+EF,*,F,닦으습니다,Inflect,VV,EF,닦/VV/*+습니다/EF/*
닦ㄹ까,0,0,-500,VV+EF,*,F,닦ㄹ까,Inflect,VV,EF,닦/VV/*+ㄹ까/EF/*
닦ㄹ까요,0,0,-500,VV+EF,*,F,닦ㄹ까요,Inflect,VV,EF,닦/VV/*+ㄹ까요/EF/*
닦ㄹ게요,0,0,-500,VV+EF,*,F,닦ㄹ게요,Inflect,VV,EF,닦/VV/*+ㄹ게요/EF/*
닦ㄹ게,0,0,-500,VV+EF,*,F,닦ㄹ게,Inflect,VV,EF,닦/VV/*+ㄹ게/EF/*
닦자,0,0,-500,VV+EF,*,F,닦자,Inflect,VV,EF,닦/VV/*+자/EF/*
닦으세요,0,0,-500,VV+EF,*,F,닦으세요,Inflect,VV,EF,닦/VV/*+세요/EF/*
닦았다,0,0,-500,VV+EP+EF,*,F,닦았다,Inflect,VV,EF,닦/VV/*+았/EP/*+다/EF/*
닦았아요,0,0,-500,VV+EP+EF,*,F,닦았아요,Inflect,VV,EF,닦/VV/*+았/EP/*+요/EF/*
닦았ㅂ니다,0,0,-500,VV+EP+EF,*,F,닦았ㅂ니다,Inflect,VV,EF,닦/VV/*+았/EP/*+ㅂ니다/EF/*
닦았으습니다,0,0,-500,VV+EP+EF,*,F,닦았으습니다,Inflect,VV,EF,닦/VV/*+았/EP/*+습니다/EF/*
닦았ㄹ까,0,0,-500,VV+EP+EF,*,F,닦았ㄹ까,Inflect,VV,EF,닦/VV/*+았/EP/*+ㄹ까/EF/*
닦았ㄹ까요,0,0,-500,VV+EP+EF,*,F,닦았ㄹ까요,Inflect,VV,EF,닦/VV/*+았/EP/*+ㄹ까요/EF/*
닦았ㄹ게요,0,0,-500,VV+EP+EF,*,F,닦았ㄹ게요,Inflect,VV,EF,닦/VV/*+았/EP/*+ㄹ게요/EF/*
닦았ㄹ게,0,0,-500,VV+EP+EF,*,F,닦았ㄹ게,Inflect,VV,EF,닦/VV/*+았/EP/*+ㄹ게/EF/*
닦았자,0,0,-500,VV+EP+EF,*,F,닦았자,Inflect,VV,EF,닦/VV/*+았/EP/*+자/EF/*
닦았으세요,0,0,-500,VV+EP+EF,*,F,닦았으세요,Inflect,VV,EF,닦/VV/*+았/EP/*+세요/EF/*
닦았다,0,0,-500,VV+EP+EF,*,F,닦았다,Inflect,VV,EF,닦/VV/*+었/EP/*+다/EF/*
닦았아요,0,0,-500,VV+EP+EF,*,F,닦았아요,Inflect,VV,EF,닦/VV/*+었/EP/*+요/EF/*
닦았ㅂ니다,0,0,-500,VV+EP+EF,*,F,닦았ㅂ니다,Inflect,VV,EF,닦/VV/*+었/EP/*+ㅂ니다/EF/*
닦았으습니다,0,0,-500,VV+EP+EF,*,F,닦았으습니다,Inflect,VV,EF,닦/VV/*+었/EP/*+습니다/EF/*
닦았ㄹ까,0,0,-500,VV+EP+EF,*,F,닦았ㄹ까,Inflect,VV,EF,닦/VV/*+었/EP/*+ㄹ까/EF/*
닦았ㄹ까요,0,0,-500,VV+EP+EF,*,F,닦았ㄹ까요,Inflect,VV,EF,닦/VV/*+었/EP/*+ㄹ까요/EF/*
닦았ㄹ게요,0,0,-500,VV+EP+EF,*,F,닦았ㄹ게요,Inflect,VV,EF,닦/VV/*+었/EP/*+ㄹ게요/EF/*
닦았ㄹ게,0,0,-500,VV+EP+EF,*,F,닦았ㄹ게,Inflect,VV,EF,닦/VV/*+었/EP/*+ㄹ게/EF/*
닦았자,0,0,-500,VV+EP+EF,*,F,닦았자,Inflect,VV,EF,닦/VV/*+었/EP/*+자/EF/*
닦았으세요,0,0,-500,VV+EP+EF,*,F,닦았으세요,Inflect,VV,EF,닦/VV/*+었/EP/*+세요/EF/*
닦으시다,0,0,-500,VV+EP+EF,*,F,닦으시다,Inflect,VV,EF,닦/VV/*+시/EP/*+다/EF/*
닦으셔요,0,0,-500,VV+EP+EF,*,F,닦으셔요,Inflect,VV,EF,닦/VV/*+시/EP/*+요/EF/*
닦으십니다,0,0,-500,VV+EP+EF,*,F,닦으십니다,Inflect,VV,EF,닦/VV/*+시/EP/*+ㅂ니다/EF/*
닦으시습니다,0,0,-500,VV+EP+EF,*,F,닦으시습니다,Inflect,VV,EF,닦/VV/*+시/EP/*+습니다/EF/*
닦으실까,0,0,-500,VV+EP+EF,*,F,닦으실까,Inflect,VV,EF,닦/VV/*+시/EP/*+ㄹ까/EF/*
닦으실까요,0,0,-500,VV+EP+EF,*,F,닦으실까요,Inflect,VV,EF,닦/VV/*+시/EP/*+ㄹ까요/EF/*
닦으실게요,0,0,-500,VV+EP+EF,*,F,닦으실게요,Inflect,VV,EF,닦/VV/*+시/EP/*+ㄹ게요/EF/*
닦으실게,0,0,-500,VV+EP+EF,*,F,닦으실게,Inflect,VV,EF,닦/VV/*+시/EP/*+ㄹ게/EF/*
닦으시자,0,0,-500,VV+EP+EF,*,F,닦으시자,Inflect,VV,EF,닦/VV/*+시/EP/*+자/EF/*
닦으시세요,0,0,-500,VV+EP+EF,*,F,닦으시세요,Inflect,VV,EF,닦/VV/*+시/EP/*+세요/EF/*
닦겠다,0,0,-500,VV+EP+EF,*,F,닦겠다,Inflect,VV,EF,닦/VV/*+겠/EP/*+다/EF/*
닦겠어요,0,0,-500,VV+EP+EF,*,F,닦겠어요,Inflect,VV,EF,닦/VV/*+겠/EP/*+요/EF/*
닦겠ㅂ니다,0,0,-500,VV+EP+EF,*,F,닦겠ㅂ니다,Inflect,VV,EF,닦/VV/*+겠/EP/*+ㅂ니다/EF/*
닦겠으습니다,0,0,-500,VV+EP+EF,*,F,닦겠으습니다,Inflect,VV,EF,닦/VV/*+겠/EP/*+습니다/EF/*
닦겠ㄹ까,0,0,-500,VV+EP+EF,*,F,닦겠ㄹ까,Inflect,VV,EF,닦/VV/*+겠/EP/*+ㄹ까/EF/*
닦겠ㄹ까요,0,0,-500,VV+EP+EF,*,F,닦겠ㄹ까요,Inflect,VV,EF,닦/VV/*+겠/EP/*+ㄹ까요/EF/*
닦겠ㄹ게요,0,0,-500,VV+EP+EF,*,F,닦겠ㄹ게요,Inflect,VV,EF,닦/VV/*+겠/EP/*+ㄹ게요/EF/*
닦겠ㄹ게,0,0,-500,VV+EP+EF,*,F,닦겠ㄹ게,Inflect,VV,EF,닦/VV/*+겠/EP/*+ㄹ게/EF/*
닦겠자,0,0,-500,VV+EP+EF,*,F,닦겠자,Inflect,VV,EF,닦/VV/*+겠/EP/*+자/EF/*
닦겠으세요,0,0,-500,VV+EP+EF,*,F,닦겠으세요,Inflect,VV,EF,닦/VV/*+겠/EP/*+세요/EF/*
던지는,0,0,-500,VV+ETM,*,T,던지는,Inflect,VV,ETM,던지/VV/*+는/ETM/*
던진,0,0,-500,VV+ETM,*,T,던진,Inflect,VV,ETM,던지/VV/*+ㄴ/ETM/*
던지은,0,0,-500,VV+ETM,*,T,던지은,Inflect,VV,ETM,던지/VV/*+은/ETM/*
던질,0,0,-500,VV+ETM,*,T,던질,Inflect,VV,ETM,던지/VV/*+ㄹ/ETM/*
던지을,0,0,-500,VV+ETM,*,T,던지을,Inflect,VV,ETM,던지/VV/*+을/ETM/*
던지고,0,0,-500,VV+EC,*,F,던지고,Inflect,VV,EC,던지/VV/*+고/EC/*
던져서,0,0,-500,VV+EC,*,F,던져서,Inflect,VV,EC,던지/VV/*+서/EC/*
던지니까,0,0,-500,VV+EC,*,F,던지니까,Inflect,VV,EC,던지/VV/*+니까/EC/*
던지니,0,0,-500,VV+EC,*,F,던지니,Inflect,VV,EC,던지/VV/*+니/EC/*
던지면,0,0,-500,VV+EC,*,T,던지면,Inflect,VV,EC,던지/VV/*+면/EC/*
던지지만,0,0,-500,VV+EC,*,T,던지지만,Inflect,VV,EC,던지/VV/*+지만/EC/*
던지는데,0,0,-500,VV+EC,*,F,던지는데,Inflect,VV,EC,던지/VV/*+는데/EC/*
던진데,0,0,-500,VV+EC,*,F,던진데,Inflect,VV,EC,던지/VV/*+ㄴ데/EC/*
던지은데,0,0,-500,VV+EC,*,F,던지은데,Inflect,VV,EC,던지/VV/*+은데/EC/*
던지면서,0,0,-500,VV+EC,*,F,던지면서,Inflect,VV,EC,던지/VV/*+면서/EC/*
던지며,0,0,-500,VV+EC,*,F,던지며,Inflect,VV,EC,던지/VV/*+며/EC/*
던지러,0,0,-500,VV+EC,*,F,던지러,Inflect,VV,EC,던지/VV/*+러/EC/*
던지려고,0,0,-500,VV+EC,*,F,던지려고,Inflect,VV,EC,던지/VV/*+려고/EC/*
던지려,0,0,-500,VV+EC,*,F,던지려,Inflect,VV,EC,던지/VV/*+려/EC/*
던져도,0,0,-500,VV+EC,*,F,던져도,Inflect,VV,EC,던지/VV/*+도/EC/*
던지다가,0,0,-500,VV+EC,*,F,던지다가,Inflect,VV,EC,던지/VV/*+다가/EC/*
던지자,0,0,-500,VV+EC,*,F,던지자,Inflect,VV,EC,던지/VV/*+자/EC/*
던지자마자,0,0,-500,VV+EC,*,F,던지자마자,Inflect,VV,EC,던지/VV/*+자마자/EC/*
던지고서,0,0,-500,VV+EC,*,F,던지고서,Inflect,VV,EC,던지/VV/*+고서/EC/*
던지고나서,0,0,-500,VV+EC,*,F,던지고나서,Inflect,VV,EC,던지/VV/*+고나서/EC/*
던지도록,0,0,-500,VV+EC,*,T,던지도록,Inflect,VV,EC,던지/VV/*+도록/EC/*
던지게,0,0,-500,VV+EC,*,F,던지게,Inflect,VV,EC,던지/VV/*+게/EC/*
던지더라도,0,0,-500,VV+EC,*,F,던지더라도,Inflect,VV,EC,던지/VV/*+더라도/EC/*
던질지라도,0,0,-500,VV+EC,*,F,던질지라도,Inflect,VV,EC,던지/VV/*+ㄹ지라도/EC/*
던지을지라도,0,0,-500,VV+EC,*,F,던지을지라도,Inflect,VV,EC,던지/VV/*+을지라도/EC/*
던질수록,0,0,-500,VV+EC,*,T,던질수록,Inflect,VV,EC,던지/VV/*+ㄹ수록/EC/*
던지을수록,0,0,-500,VV+EC,*,T,던지을수록,Inflect,VV,EC,던지/VV/*+을수록/EC/*
던지다고,0,0,-500,VV+EC,*,F,던지다고,Inflect,VV,EC,던지/VV/*+다고/EC/*
던지라고,0,0,-500,VV+EC,*,F,던지라고,Inflect,VV,EC,던지/VV/*+라고/EC/*
던지냐고,0,0,-500,VV+EC,*,F,던지냐고,Inflect,VV,EC,던지/VV/*+냐고/EC/*
던지지,0,0,-500,VV+EC,*,F,던지지,Inflect,VV,EC,던지/VV/*+지/EC/*
던지거나,0,0,-500,VV+EC,*,F,던지거나,Inflect,VV,EC,던지/VV/*+거나/EC/*
던지든지,0,0,-500,VV+EC,*,F,던지든지,Inflect,VV,EC,던지/VV/*+든지/EC/*
던지듯이,0,0,-500,VV+EC,*,F,던지듯이,Inflect,VV,EC,던지/VV/*+듯이/EC/*
던지듯,0,0,-500,VV+EC,*,T,던지듯,Inflect,VV,EC,던지/VV/*+듯/EC/*
던지다,0,0,-500,VV+EF,*,F,던지다,Inflect,VV,EF,던지/VV/*+다/EF/*
던져요,0,0,-500,VV+EF,*,F,던져요,Inflect,VV,EF,던지/VV/*+요/EF/*
던집니다,0,0,-500,VV+EF,*,F,던집니다,Inflect,VV,EF,던지/VV/*+ㅂ니다/EF/*
던지습니다,0,0,-500,VV+EF,*,F,던지습니다,Inflect,VV,EF,던지/VV/*+습니다/EF/*
던질까,0,0,-500,VV+EF,*,F,던질까,Inflect,VV,EF,던지/VV/*+ㄹ까/EF/*
던질까요,0,0,-500,VV+EF,*,F,던질까요,Inflect,VV,EF,던지/VV/*+ㄹ까요/EF/*
던질게요,0,0,-500,VV+EF,*,F,던질게요,Inflect,VV,EF,던지/VV/*+ㄹ게요/EF/*
던질게,0,0,-500,VV+EF,*,F,던질게,Inflect,VV,EF,던지/VV/*+ㄹ게/EF/*
던지자,0,0,-500,VV+EF,*,F,던지자,Inflect,VV,EF,던지/VV/*+자/EF/*
던지세요,0,0,-500,VV+EF,*,F,던지세요,Inflect,VV,EF,던지/VV/*+세요/EF/*
던져았다,0,0,-500,VV+EP+EF,*,F,던져았다,Inflect,VV,EF,던지/VV/*+았/EP/*+다/EF/*
던져았아요,0,0,-500,VV+EP+EF,*,F,던져았아요,Inflect,VV,EF,던지/VV/*+았/EP/*+요/EF/*
던져았ㅂ니다,0,0,-500,VV+EP+EF,*,F,던져았ㅂ니다,Inflect,VV,EF,던지/VV/*+았/EP/*+ㅂ니다/EF/*
던져았으습니다,0,0,-500,VV+EP+EF,*,F,던져았으습니다,Inflect,VV,EF,던지/VV/*+았/EP/*+습니다/EF/*
던져았ㄹ까,0,0,-500,VV+EP+EF,*,F,던져았ㄹ까,Inflect,VV,EF,던지/VV/*+았/EP/*+ㄹ까/EF/*
던져았ㄹ까요,0,0,-500,VV+EP+EF,*,F,던져았ㄹ까요,Inflect,VV,EF,던지/VV/*+았/EP/*+ㄹ까요/EF/*
던져았ㄹ게요,0,0,-500,VV+EP+EF,*,F,던져았ㄹ게요,Inflect,VV,EF,던지/VV/*+았/EP/*+ㄹ게요/EF/*
던져았ㄹ게,0,0,-500,VV+EP+EF,*,F,던져았ㄹ게,Inflect,VV,EF,던지/VV/*+았/EP/*+ㄹ게/EF/*
던져았자,0,0,-500,VV+EP+EF,*,F,던져았자,Inflect,VV,EF,던지/VV/*+았/EP/*+자/EF/*
던져았으세요,0,0,-500,VV+EP+EF,*,F,던져았으세요,Inflect,VV,EF,던지/VV/*+았/EP/*+세요/EF/*
던져었다,0,0,-500,VV+EP+EF,*,F,던져었다,Inflect,VV,EF,던지/VV/*+었/EP/*+다/EF/*
던져었어요,0,0,-500,VV+EP+EF,*,F,던져었어요,Inflect,VV,EF,던지/VV/*+었/EP/*+요/EF/*
던져었ㅂ니다,0,0,-500,VV+EP+EF,*,F,던져었ㅂ니다,Inflect,VV,EF,던지/VV/*+었/EP/*+ㅂ니다/EF/*
던져었으습니다,0,0,-500,VV+EP+EF,*,F,던져었으습니다,Inflect,VV,EF,던지/VV/*+었/EP/*+습니다/EF/*
던져었ㄹ까,0,0,-500,VV+EP+EF,*,F,던져었ㄹ까,Inflect,VV,EF,던지/VV/*+었/EP/*+ㄹ까/EF/*
던져었ㄹ까요,0,0,-500,VV+EP+EF,*,F,던져었ㄹ까요,Inflect,VV,EF,던지/VV/*+었/EP/*+ㄹ까요/EF/*
던져었ㄹ게요,0,0,-500,VV+EP+EF,*,F,던져었ㄹ게요,Inflect,VV,EF,던지/VV/*+었/EP/*+ㄹ게요/EF/*
던져었ㄹ게,0,0,-500,VV+EP+EF,*,F,던져었ㄹ게,Inflect,VV,EF,던지/VV/*+었/EP/*+ㄹ게/EF/*
던져었자,0,0,-500,VV+EP+EF,*,F,던져었자,Inflect,VV,EF,던지/VV/*+었/EP/*+자/EF/*
던져었으세요,0,0,-500,VV+EP+EF,*,F,던져었으세요,Inflect,VV,EF,던지/VV/*+었/EP/*+세요/EF/*
던지시다,0,0,-500,VV+EP+EF,*,F,던지시다,Inflect,VV,EF,던지/VV/*+시/EP/*+다/EF/*
던지셔요,0,0,-500,VV+EP+EF,*,F,던지셔요,Inflect,VV,EF,던지/VV/*+시/EP/*+요/EF/*
던지십니다,0,0,-500,VV+EP+EF,*,F,던지십니다,Inflect,VV,EF,던지/VV/*+시/EP/*+ㅂ니다/EF/*
던지시습니다,0,0,-500,VV+EP+EF,*,F,던지시습니다,Inflect,VV,EF,던지/VV/*+시/EP/*+습니다/EF/*
던지실까,0,0,-500,VV+EP+EF,*,F,던지실까,Inflect,VV,EF,던지/VV/*+시/EP/*+ㄹ까/EF/*
던지실까요,0,0,-500,VV+EP+EF,*,F,던지실까요,Inflect,VV,EF,던지/VV/*+시/EP/*+ㄹ까요/EF/*
던지실게요,0,0,-500,VV+EP+EF,*,F,던지실게요,Inflect,VV,EF,던지/VV/*+시/EP/*+ㄹ게요/EF/*
던지실게,0,0,-500,VV+EP+EF,*,F,던지실게,Inflect,VV,EF,던지/VV/*+시/EP/*+ㄹ게/EF/*
던지시자,0,0,-500,VV+EP+EF,*,F,던지시자,Inflect,VV,EF,던지/VV/*+시/EP/*+자/EF/*
던지시세요,0,0,-500,VV+EP+EF,*,F,던지시세요,Inflect,VV,EF,던지/VV/*+시/EP/*+세요/EF/*
던지겠다,0,0,-500,VV+EP+EF,*,F,던지겠다,Inflect,VV,EF,던지/VV/*+겠/EP/*+다/EF/*
던지겠어요,0,0,-500,VV+EP+EF,*,F,던지겠어요,Inflect,VV,EF,던지/VV/*+겠/EP/*+요/EF/*
던지겠ㅂ니다,0,0,-500,VV+EP+EF,*,F,던지겠ㅂ니다,Inflect,VV,EF,던지/VV/*+겠/EP/*+ㅂ니다/EF/*
던지겠으습니다,0,0,-500,VV+EP+EF,*,F,던지겠으습니다,Inflect,VV,EF,던지/VV/*+겠/EP/*+습니다/EF/*
던지겠ㄹ까,0,0,-500,VV+EP+EF,*,F,던지겠ㄹ까,Inflect,VV,EF,던지/VV/*+겠/EP/*+ㄹ까/EF/*
던지겠ㄹ까요,0,0,-500,VV+EP+EF,*,F,던지겠ㄹ까요,Inflect,VV,EF,던지/VV/*+겠/EP/*+ㄹ까요/EF/*
던지겠ㄹ게요,0,0,-500,VV+EP+EF,*,F,던지겠ㄹ게요,Inflect,VV,EF,던지/VV/*+겠/EP/*+ㄹ게요/EF/*
던지겠ㄹ게,0,0,-500,VV+EP+EF,*,F,던지겠ㄹ게,Inflect,VV,EF,던지/VV/*+겠/EP/*+ㄹ게/EF/*
던지겠자,0,0,-500,VV+EP+EF,*,F,던지겠자,Inflect,VV,EF,던지/VV/*+겠/EP/*+자/EF/*
던지겠으세요,0,0,-500,VV+EP+EF,*,F,던지겠으세요,Inflect,VV,EF,던지/VV/*+겠/EP/*+세요/EF/*
잡는,0,0,-500,VV+ETM,*,T,잡는,Inflect,VV,ETM,잡/VV/*+는/ETM/*
잡ㄴ,0,0,-500,VV+ETM,*,F,잡ㄴ,Inflect,VV,ETM,잡/VV/*+ㄴ/ETM/*
잡으은,0,0,-500,VV+ETM,*,T,잡으은,Inflect,VV,ETM,잡/VV/*+은/ETM/*
잡ㄹ,0,0,-500,VV+ETM,*,F,잡ㄹ,Inflect,VV,ETM,잡/VV/*+ㄹ/ETM/*
잡으을,0,0,-500,VV+ETM,*,T,잡으을,Inflect,VV,ETM,잡/VV/*+을/ETM/*
잡고,0,0,-500,VV+EC,*,F,잡고,Inflect,VV,EC,잡/VV/*+고/EC/*
잡아서,0,0,-500,VV+EC,*,F,잡아서,Inflect,VV,EC,잡/VV/*+서/EC/*
잡으니까,0,0,-500,VV+EC,*,F,잡으니까,Inflect,VV,EC,잡/VV/*+니까/EC/*
잡으니,0,0,-500,VV+EC,*,F,잡으니,Inflect,VV,EC,잡/VV/*+니/EC/*
잡으면,0,0,-500,VV+EC,*,T,잡으면,Inflect,VV,EC,잡/VV/*+면/EC/*
잡지만,0,0,-500,VV+EC,*,T,잡지만,Inflect,VV,EC,잡/VV/*+지만/EC/*
잡는데,0,0,-500,VV+EC,*,F,잡는데,Inflect,VV,EC,잡/VV/*+는데/EC/*
잡ㄴ데,0,0,-500,VV+EC,*,F,잡ㄴ데,Inflect,VV,EC,잡/VV/*+ㄴ데/EC/*
잡으은데,0,0,-500,VV+EC,*,F,잡으은데,Inflect,VV,EC,잡/VV/*+은데/EC/*
잡으면서,0,0,-500,VV+EC,*,F,잡으면서,Inflect,VV,EC,잡/VV/*+면서/EC/*
잡으며,0,0,-500,VV+EC,*,F,잡으며,Inflect,VV,EC,잡/VV/*+며/EC/*
잡으러,0,0,-500,VV+EC,*,F,잡으러,Inflect,VV,EC,잡/VV/*+러/EC/*
잡으려고,0,0,-500,VV+EC,*,F,잡으려고,Inflect,VV,EC,잡/VV/*+려고/EC/*
잡으려,0,0,-500,VV+EC,*,F,잡으려,Inflect,VV,EC,잡/VV/*+려/EC/*
잡아도,0,0,-500,VV+EC,*,F,잡아도,Inflect,VV,EC,잡/VV/*+도/EC/*
잡다가,0,0,-500,VV+EC,*,F,잡다가,Inflect,VV,EC,잡/VV/*+다가/EC/*
잡자,0,0,-500,VV+EC,*,F,잡자,Inflect,VV,EC,잡/VV/*+자/EC/*
잡자마자,0,0,-500,VV+EC,*,F,잡자마자,Inflect,VV,EC,잡/VV/*+자마자/EC/*
잡고서,0,0,-500,VV+EC,*,F,잡고서,Inflect,VV,EC,잡/VV/*+고서/EC/*
잡고나서,0,0,-500,VV+EC,*,F,잡고나서,Inflect,VV,EC,잡/VV/*+고나서/EC/*
잡도록,0,0,-500,VV+EC,*,T,잡도록,Inflect,VV,EC,잡/VV/*+도록/EC/*
잡게,0,0,-500,VV+EC,*,F,잡게,Inflect,VV,EC,잡/VV/*+게/EC/*
잡더라도,0,0,-500,VV+EC,*,F,잡더라도,Inflect,VV,EC,잡/VV/*+더라도/EC/*
잡ㄹ지라도,0,0,-500,VV+EC,*,F,잡ㄹ지라도,Inflect,VV,EC,잡/VV/*+ㄹ지라도/EC/*
잡으을지라도,0,0,-500,VV+EC,*,F,잡으을지라도,Inflect,VV,EC,잡/VV/*+을지라도/EC/*
잡ㄹ수록,0,0,-500,VV+EC,*,T,잡ㄹ수록,Inflect,VV,EC,잡/VV/*+ㄹ수록/EC/*
잡으을수록,0,0,-500,VV+EC,*,T,잡으을수록,Inflect,VV,EC,잡/VV/*+을수록/EC/*
잡다고,0,0,-500,VV+EC,*,F,잡다고,Inflect,VV,EC,잡/VV/*+다고/EC/*
잡라고,0,0,-500,VV+EC,*,F,잡라고,Inflect,VV,EC,잡/VV/*+라고/EC/*
잡냐고,0,0,-500,VV+EC,*,F,잡냐고,Inflect,VV,EC,잡/VV/*+냐고/EC/*
잡지,0,0,-500,VV+EC,*,F,잡지,Inflect,VV,EC,잡/VV/*+지/EC/*
잡거나,0,0,-500,VV+EC,*,F,잡거나,Inflect,VV,EC,잡/VV/*+거나/EC/*
잡든지,0,0,-500,VV+EC,*,F,잡든지,Inflect,VV,EC,잡/VV/*+든지/EC/*
잡듯이,0,0,-500,VV+EC,*,F,잡듯이,Inflect,VV,EC,잡/VV/*+듯이/EC/*
잡듯,0,0,-500,VV+EC,*,T,잡듯,Inflect,VV,EC,잡/VV/*+듯/EC/*
잡다,0,0,-500,VV+EF,*,F,잡다,Inflect,VV,EF,잡/VV/*+다/EF/*
잡아요,0,0,-500,VV+EF,*,F,잡아요,Inflect,VV,EF,잡/VV/*+요/EF/*
잡ㅂ니다,0,0,-500,VV+EF,*,F,잡ㅂ니다,Inflect,VV,EF,잡/VV/*+ㅂ니다/EF/*
잡으습니다,0,0,-500,VV+EF,*,F,잡으습니다,Inflect,VV,EF,잡/VV/*+습니다/EF/*
잡ㄹ까,0,0,-500,VV+EF,*,F,잡ㄹ까,Inflect,VV,EF,잡/VV/*+ㄹ까/EF/*
잡ㄹ까요,0,0,-500,VV+EF,*,F,잡ㄹ까요,Inflect,VV,EF,잡/VV/*+ㄹ까요/EF/*
잡ㄹ게요,0,0,-500,VV+EF,*,F,잡ㄹ게요,Inflect,VV,EF,잡/VV/*+ㄹ게요/EF/*
잡ㄹ게,0,0,-500,VV+EF,*,F,잡ㄹ게,Inflect,VV,EF,잡/VV/*+ㄹ게/EF/*
잡자,0,0,-500,VV+EF,*,F,잡자,Inflect,VV,EF,잡/VV/*+자/EF/*
잡으세요,0,0,-500,VV+EF,*,F,잡으세요,Inflect,VV,EF,잡/VV/*+세요/EF/*
잡았다,0,0,-500,VV+EP+EF,*,F,잡았다,Inflect,VV,EF,잡/VV/*+았/EP/*+다/EF/*
잡았아요,0,0,-500,VV+EP+EF,*,F,잡았아요,Inflect,VV,EF,잡/VV/*+았/EP/*+요/EF/*
잡았ㅂ니다,0,0,-500,VV+EP+EF,*,F,잡았ㅂ니다,Inflect,VV,EF,잡/VV/*+았/EP/*+ㅂ니다/EF/*
잡았으습니다,0,0,-500,VV+EP+EF,*,F,잡았으습니다,Inflect,VV,EF,잡/VV/*+았/EP/*+습니다/EF/*
잡았ㄹ까,0,0,-500,VV+EP+EF,*,F,잡았ㄹ까,Inflect,VV,EF,잡/VV/*+았/EP/*+ㄹ까/EF/*
잡았ㄹ까요,0,0,-500,VV+EP+EF,*,F,잡았ㄹ까요,Inflect,VV,EF,잡/VV/*+았/EP/*+ㄹ까요/EF/*
잡았ㄹ게요,0,0,-500,VV+EP+EF,*,F,잡았ㄹ게요,Inflect,VV,EF,잡/VV/*+았/EP/*+ㄹ게요/EF/*
잡았ㄹ게,0,0,-500,VV+EP+EF,*,F,잡았ㄹ게,Inflect,VV,EF,잡/VV/*+았/EP/*+ㄹ게/EF/*
잡았자,0,0,-500,VV+EP+EF,*,F,잡았자,Inflect,VV,EF,잡/VV/*+았/EP/*+자/EF/*
잡았으세요,0,0,-500,VV+EP+EF,*,F,잡았으세요,Inflect,VV,EF,잡/VV/*+았/EP/*+세요/EF/*
잡았다,0,0,-500,VV+EP+EF,*,F,잡았다,Inflect,VV,EF,잡/VV/*+었/EP/*+다/EF/*
잡았아요,0,0,-500,VV+EP+EF,*,F,잡았아요,Inflect,VV,EF,잡/VV/*+었/EP/*+요/EF/*
잡았ㅂ니다,0,0,-500,VV+EP+EF,*,F,잡았ㅂ니다,Inflect,VV,EF,잡/VV/*+었/EP/*+ㅂ니다/EF/*
잡았으습니다,0,0,-500,VV+EP+EF,*,F,잡았으습니다,Inflect,VV,EF,잡/VV/*+었/EP/*+습니다/EF/*
잡았ㄹ까,0,0,-500,VV+EP+EF,*,F,잡았ㄹ까,Inflect,VV,EF,잡/VV/*+었/EP/*+ㄹ까/EF/*
잡았ㄹ까요,0,0,-500,VV+EP+EF,*,F,잡았ㄹ까요,Inflect,VV,EF,잡/VV/*+었/EP/*+ㄹ까요/EF/*
잡았ㄹ게요,0,0,-500,VV+EP+EF,*,F,잡았ㄹ게요,Inflect,VV,EF,잡/VV/*+었/EP/*+ㄹ게요/EF/*
잡았ㄹ게,0,0,-500,VV+EP+EF,*,F,잡았ㄹ게,Inflect,VV,EF,잡/VV/*+었/EP/*+ㄹ게/EF/*
잡았자,0,0,-500,VV+EP+EF,*,F,잡았자,Inflect,VV,EF,잡/VV/*+었/EP/*+자/EF/*
잡았으세요,0,0,-500,VV+EP+EF,*,F,잡았으세요,Inflect,VV,EF,잡/VV/*+었/EP/*+세요/EF/*
잡으시다,0,0,-500,VV+EP+EF,*,F,잡으시다,Inflect,VV,EF,잡/VV/*+시/EP/*+다/EF/*
잡으셔요,0,0,-500,VV+EP+EF,*,F,잡으셔요,Inflect,VV,EF,잡/VV/*+시/EP/*+요/EF/*
잡으십니다,0,0,-500,VV+EP+EF,*,F,잡으십니다,Inflect,VV,EF,잡/VV/*+시/EP/*+ㅂ니다/EF/*
잡으시습니다,0,0,-500,VV+EP+EF,*,F,잡으시습니다,Inflect,VV,EF,잡/VV/*+시/EP/*+습니다/EF/*
잡으실까,0,0,-500,VV+EP+EF,*,F,잡으실까,Inflect,VV,EF,잡/VV/*+시/EP/*+ㄹ까/EF/*
잡으실까요,0,0,-500,VV+EP+EF,*,F,잡으실까요,Inflect,VV,EF,잡/VV/*+시/EP/*+ㄹ까요/EF/*
잡으실게요,0,0,-500,VV+EP+EF,*,F,잡으실게요,Inflect,VV,EF,잡/VV/*+시/EP/*+ㄹ게요/EF/*
잡으실게,0,0,-500,VV+EP+EF,*,F,잡으실게,Inflect,VV,EF,잡/VV/*+시/EP/*+ㄹ게/EF/*
잡으시자,0,0,-500,VV+EP+EF,*,F,잡으시자,Inflect,VV,EF,잡/VV/*+시/EP/*+자/EF/*
잡으시세요,0,0,-500,VV+EP+EF,*,F,잡으시세요,Inflect,VV,EF,잡/VV/*+시/EP/*+세요/EF/*
잡겠다,0,0,-500,VV+EP+EF,*,F,잡겠다,Inflect,VV,EF,잡/VV/*+겠/EP/*+다/EF/*
잡겠어요,0,0,-500,VV+EP+EF,*,F,잡겠어요,Inflect,VV,EF,잡/VV/*+겠/EP/*+요/EF/*
잡겠ㅂ니다,0,0,-500,VV+EP+EF,*,F,잡겠ㅂ니다,Inflect,VV,EF,잡/VV/*+겠/EP/*+ㅂ니다/EF/*
잡겠으습니다,0,0,-500,VV+EP+EF,*,F,잡겠으습니다,Inflect,VV,EF,잡/VV/*+겠/EP/*+습니다/EF/*
잡겠ㄹ까,0,0,-500,VV+EP+EF,*,F,잡겠ㄹ까,Inflect,VV,EF,잡/VV/*+겠/EP/*+ㄹ까/EF/*
잡겠ㄹ까요,0,0,-500,VV+EP+EF,*,F,잡겠ㄹ까요,Inflect,VV,EF,잡/VV/*+겠/EP/*+ㄹ까요/EF/*
잡겠ㄹ게요,0,0,-500,VV+EP+EF,*,F,잡겠ㄹ게요,Inflect,VV,EF,잡/VV/*+겠/EP/*+ㄹ게요/EF/*
잡겠ㄹ게,0,0,-500,VV+EP+EF,*,F,잡겠ㄹ게,Inflect,VV,EF,잡/VV/*+겠/EP/*+ㄹ게/EF/*
잡겠자,0,0,-500,VV+EP+EF,*,F,잡겠자,Inflect,VV,EF,잡/VV/*+겠/EP/*+자/EF/*
잡겠으세요,0,0,-500,VV+EP+EF,*,F,잡겠으세요,Inflect,VV,EF,잡/VV/*+겠/EP/*+세요/EF/*
놓는,0,0,-500,VV+ETM,*,T,놓는,Inflect,VV,ETM,놓/VV/*+는/ETM/*
놓ㄴ,0,0,-500,VV+ETM,*,F,놓ㄴ,Inflect,VV,ETM,놓/VV/*+ㄴ/ETM/*
놓으은,0,0,-500,VV+ETM,*,T,놓으은,Inflect,VV,ETM,놓/VV/*+은/ETM/*
놓ㄹ,0,0,-500,VV+ETM,*,F,놓ㄹ,Inflect,VV,ETM,놓/VV/*+ㄹ/ETM/*
놓으을,0,0,-500,VV+ETM,*,T,놓으을,Inflect,VV,ETM,놓/VV/*+을/ETM/*
놓고,0,0,-500,VV+EC,*,F,놓고,Inflect,VV,EC,놓/VV/*+고/EC/*
놓아서,0,0,-500,VV+EC,*,F,놓아서,Inflect,VV,EC,놓/VV/*+서/EC/*
놓으니까,0,0,-500,VV+EC,*,F,놓으니까,Inflect,VV,EC,놓/VV/*+니까/EC/*
놓으니,0,0,-500,VV+EC,*,F,놓으니,Inflect,VV,EC,놓/VV/*+니/EC/*
놓으면,0,0,-500,VV+EC,*,T,놓으면,Inflect,VV,EC,놓/VV/*+면/EC/*
놓지만,0,0,-500,VV+EC,*,T,놓지만,Inflect,VV,EC,놓/VV/*+지만/EC/*
놓는데,0,0,-500,VV+EC,*,F,놓는데,Inflect,VV,EC,놓/VV/*+는데/EC/*
놓ㄴ데,0,0,-500,VV+EC,*,F,놓ㄴ데,Inflect,VV,EC,놓/VV/*+ㄴ데/EC/*
놓으은데,0,0,-500,VV+EC,*,F,놓으은데,Inflect,VV,EC,놓/VV/*+은데/EC/*
놓으면서,0,0,-500,VV+EC,*,F,놓으면서,Inflect,VV,EC,놓/VV/*+면서/EC/*
놓으며,0,0,-500,VV+EC,*,F,놓으며,Inflect,VV,EC,놓/VV/*+며/EC/*
놓으러,0,0,-500,VV+EC,*,F,놓으러,Inflect,VV,EC,놓/VV/*+러/EC/*
놓으려고,0,0,-500,VV+EC,*,F,놓으려고,Inflect,VV,EC,놓/VV/*+려고/EC/*
놓으려,0,0,-500,VV+EC,*,F,놓으려,Inflect,VV,EC,놓/VV/*+려/EC/*
놓아도,0,0,-500,VV+EC,*,F,놓아도,Inflect,VV,EC,놓/VV/*+도/EC/*
놓다가,0,0,-500,VV+EC,*,F,놓다가,Inflect,VV,EC,놓/VV/*+다가/EC/*
놓자,0,0,-500,VV+EC,*,F,놓자,Inflect,VV,EC,놓/VV/*+자/EC/*
놓자마자,0,0,-500,VV+EC,*,F,놓자마자,Inflect,VV,EC,놓/VV/*+자마자/EC/*
놓고서,0,0,-500,VV+EC,*,F,놓고서,Inflect,VV,EC,놓/VV/*+고서/EC/*
놓고나서,0,0,-500,VV+EC,*,F,놓고나서,Inflect,VV,EC,놓/VV/*+고나서/EC/*
놓도록,0,0,-500,VV+EC,*,T,놓도록,Inflect,VV,EC,놓/VV/*+도록/EC/*
놓게,0,0,-500,VV+EC,*,F,놓게,Inflect,VV,EC,놓/VV/*+게/EC/*
놓더라도,0,0,-500,VV+EC,*,F,놓더라도,Inflect,VV,EC,놓/VV/*+더라도/EC/*
놓ㄹ지라도,0,0,-500,VV+EC,*,F,놓ㄹ지라도,Inflect,VV,EC,놓/VV/*+ㄹ지라도/EC/*
놓으을지라도,0,0,-500,VV+EC,*,F,놓으을지라도,Inflect,VV,EC,놓/VV/*+을지라도/EC/*
놓ㄹ수록,0,0,-500,VV+EC,*,T,놓ㄹ수록,Inflect,VV,EC,놓/VV/*+ㄹ수록/EC/*
놓으을수록,0,0,-500,VV+EC,*,T,놓으을수록,Inflect,VV,EC,놓/VV/*+을수록/EC/*
놓다고,0,0,-500,VV+EC,*,F,놓다고,Inflect,VV,EC,놓/VV/*+다고/EC/*
놓라고,0,0,-500,VV+EC,*,F,놓라고,Inflect,VV,EC,놓/VV/*+라고/EC/*
놓냐고,0,0,-500,VV+EC,*,F,놓냐고,Inflect,VV,EC,놓/VV/*+냐고/EC/*
놓지,0,0,-500,VV+EC,*,F,놓지,Inflect,VV,EC,놓/VV/*+지/EC/*
놓거나,0,0,-500,VV+EC,*,F,놓거나,Inflect,VV,EC,놓/VV/*+거나/EC/*
놓든지,0,0,-500,VV+EC,*,F,놓든지,Inflect,VV,EC,놓/VV/*+든지/EC/*
놓듯이,0,0,-500,VV+EC,*,F,놓듯이,Inflect,VV,EC,놓/VV/*+듯이/EC/*
놓듯,0,0,-500,VV+EC,*,T,놓듯,Inflect,VV,EC,놓/VV/*+듯/EC/*
놓다,0,0,-500,VV+EF,*,F,놓다,Inflect,VV,EF,놓/VV/*+다/EF/*
놓아요,0,0,-500,VV+EF,*,F,놓아요,Inflect,VV,EF,놓/VV/*+요/EF/*
놓ㅂ니다,0,0,-500,VV+EF,*,F,놓ㅂ니다,Inflect,VV,EF,놓/VV/*+ㅂ니다/EF/*
놓으습니다,0,0,-500,VV+EF,*,F,놓으습니다,Inflect,VV,EF,놓/VV/*+습니다/EF/*
놓ㄹ까,0,0,-500,VV+EF,*,F,놓ㄹ까,Inflect,VV,EF,놓/VV/*+ㄹ까/EF/*
놓ㄹ까요,0,0,-500,VV+EF,*,F,놓ㄹ까요,Inflect,VV,EF,놓/VV/*+ㄹ까요/EF/*
놓ㄹ게요,0,0,-500,VV+EF,*,F,놓ㄹ게요,Inflect,VV,EF,놓/VV/*+ㄹ게요/EF/*
놓ㄹ게,0,0,-500,VV+EF,*,F,놓ㄹ게,Inflect,VV,EF,놓/VV/*+ㄹ게/EF/*
놓자,0,0,-500,VV+EF,*,F,놓자,Inflect,VV,EF,놓/VV/*+자/EF/*
놓으세요,0,0,-500,VV+EF,*,F,놓으세요,Inflect,VV,EF,놓/VV/*+세요/EF/*
놓았다,0,0,-500,VV+EP+EF,*,F,놓았다,Inflect,VV,EF,놓/VV/*+았/EP/*+다/EF/*
놓았아요,0,0,-500,VV+EP+EF,*,F,놓았아요,Inflect,VV,EF,놓/VV/*+았/EP/*+요/EF/*
놓았ㅂ니다,0,0,-500,VV+EP+EF,*,F,놓았ㅂ니다,Inflect,VV,EF,놓/VV/*+았/EP/*+ㅂ니다/EF/*
놓았으습니다,0,0,-500,VV+EP+EF,*,F,놓았으습니다,Inflect,VV,EF,놓/VV/*+았/EP/*+습니다/EF/*
놓았ㄹ까,0,0,-500,VV+EP+EF,*,F,놓았ㄹ까,Inflect,VV,EF,놓/VV/*+았/EP/*+ㄹ까/EF/*
놓았ㄹ까요,0,0,-500,VV+EP+EF,*,F,놓았ㄹ까요,Inflect,VV,EF,놓/VV/*+았/EP/*+ㄹ까요/EF/*
놓았ㄹ게요,0,0,-500,VV+EP+EF,*,F,놓았ㄹ게요,Inflect,VV,EF,놓/VV/*+았/EP/*+ㄹ게요/EF/*
놓았ㄹ게,0,0,-500,VV+EP+EF,*,F,놓았ㄹ게,Inflect,VV,EF,놓/VV/*+았/EP/*+ㄹ게/EF/*
놓았자,0,0,-500,VV+EP+EF,*,F,놓았자,Inflect,VV,EF,놓/VV/*+았/EP/*+자/EF/*
놓았으세요,0,0,-500,VV+EP+EF,*,F,놓았으세요,Inflect,VV,EF,놓/VV/*+았/EP/*+세요/EF/*
놓았다,0,0,-500,VV+EP+EF,*,F,놓았다,Inflect,VV,EF,놓/VV/*+었/EP/*+다/EF/*
놓았아요,0,0,-500,VV+EP+EF,*,F,놓았아요,Inflect,VV,EF,놓/VV/*+었/EP/*+요/EF/*
놓았ㅂ니다,0,0,-500,VV+EP+EF,*,F,놓았ㅂ니다,Inflect,VV,EF,놓/VV/*+었/EP/*+ㅂ니다/EF/*
놓았으습니다,0,0,-500,VV+EP+EF,*,F,놓았으습니다,Inflect,VV,EF,놓/VV/*+었/EP/*+습니다/EF/*
놓았ㄹ까,0,0,-500,VV+EP+EF,*,F,놓았ㄹ까,Inflect,VV,EF,놓/VV/*+었/EP/*+ㄹ까/EF/*
놓았ㄹ까요,0,0,-500,VV+EP+EF,*,F,놓았ㄹ까요,Inflect,VV,EF,놓/VV/*+었/EP/*+ㄹ까요/EF/*
놓았ㄹ게요,0,0,-500,VV+EP+EF,*,F,놓았ㄹ게요,Inflect,VV,EF,놓/VV/*+었/EP/*+ㄹ게요/EF/*
놓았ㄹ게,0,0,-500,VV+EP+EF,*,F,놓았ㄹ게,Inflect,VV,EF,놓/VV/*+었/EP/*+ㄹ게/EF/*
놓았자,0,0,-500,VV+EP+EF,*,F,놓았자,Inflect,VV,EF,놓/VV/*+었/EP/*+자/EF/*
놓았으세요,0,0,-500,VV+EP+EF,*,F,놓았으세요,Inflect,VV,EF,놓/VV/*+었/EP/*+세요/EF/*
놓으시다,0,0,-500,VV+EP+EF,*,F,놓으시다,Inflect,VV,EF,놓/VV/*+시/EP/*+다/EF/*
놓으셔요,0,0,-500,VV+EP+EF,*,F,놓으셔요,Inflect,VV,EF,놓/VV/*+시/EP/*+요/EF/*
놓으십니다,0,0,-500,VV+EP+EF,*,F,놓으십니다,Inflect,VV,EF,놓/VV/*+시/EP/*+ㅂ니다/EF/*
놓으시습니다,0,0,-500,VV+EP+EF,*,F,놓으시습니다,Inflect,VV,EF,놓/VV/*+시/EP/*+습니다/EF/*
놓으실까,0,0,-500,VV+EP+EF,*,F,놓으실까,Inflect,VV,EF,놓/VV/*+시/EP/*+ㄹ까/EF/*
놓으실까요,0,0,-500,VV+EP+EF,*,F,놓으실까요,Inflect,VV,EF,놓/VV/*+시/EP/*+ㄹ까요/EF/*
놓으실게요,0,0,-500,VV+EP+EF,*,F,놓으실게요,Inflect,VV,EF,놓/VV/*+시/EP/*+ㄹ게요/EF/*
놓으실게,0,0,-500,VV+EP+EF,*,F,놓으실게,Inflect,VV,EF,놓/VV/*+시/EP/*+ㄹ게/EF/*
놓으시자,0,0,-500,VV+EP+EF,*,F,놓으시자,Inflect,VV,EF,놓/VV/*+시/EP/*+자/EF/*
놓으시세요,0,0,-500,VV+EP+EF,*,F,놓으시세요,Inflect,VV,EF,놓/VV/*+시/EP/*+세요/EF/*
놓겠다,0,0,-500,VV+EP+EF,*,F,놓겠다,Inflect,VV,EF,놓/VV/*+겠/EP/*+다/EF/*
놓겠어요,0,0,-500,VV+EP+EF,*,F,놓겠어요,Inflect,VV,EF,놓/VV/*+겠/EP/*+요/EF/*
놓겠ㅂ니다,0,0,-500,VV+EP+EF,*,F,놓겠ㅂ니다,Inflect,VV,EF,놓/VV/*+겠/EP/*+ㅂ니다/EF/*
놓겠으습니다,0,0,-500,VV+EP+EF,*,F,놓겠으습니다,Inflect,VV,EF,놓/VV/*+겠/EP/*+습니다/EF/*
놓겠ㄹ까,0,0,-500,VV+EP+EF,*,F,놓겠ㄹ까,Inflect,VV,EF,놓/VV/*+겠/EP/*+ㄹ까/EF/*
놓겠ㄹ까요,0,0,-500,VV+EP+EF,*,F,놓겠ㄹ까요,Inflect,VV,EF,놓/VV/*+겠/EP/*+ㄹ까요/EF/*
놓겠ㄹ게요,0,0,-500,VV+EP+EF,*,F,놓겠ㄹ게요,Inflect,VV,EF,놓/VV/*+겠/EP/*+ㄹ게요/EF/*
놓겠ㄹ게,0,0,-500,VV+EP+EF,*,F,놓겠ㄹ게,Inflect,VV,EF,놓/VV/*+겠/EP/*+ㄹ게/EF/*
놓겠자,0,0,-500,VV+EP+EF,*,F,놓겠자,Inflect,VV,EF,놓/VV/*+겠/EP/*+자/EF/*
놓겠으세요,0,0,-500,VV+EP+EF,*,F,놓겠으세요,Inflect,VV,EF,놓/VV/*+겠/EP/*+세요/EF/*
두는,0,0,-500,VV+ETM,*,T,두는,Inflect,VV,ETM,두/VV/*+는/ETM/*
둔,0,0,-500,VV+ETM,*,T,둔,Inflect,VV,ETM,두/VV/*+ㄴ/ETM/*
두은,0,0,-500,VV+ETM,*,T,두은,Inflect,VV,ETM,두/VV/*+은/ETM/*
둘,0,0,-500,VV+ETM,*,T,둘,Inflect,VV,ETM,두/VV/*+ㄹ/ETM/*
두을,0,0,-500,VV+ETM,*,T,두을,Inflect,VV,ETM,두/VV/*+을/ETM/*
두고,0,0,-500,VV+EC,*,F,두고,Inflect,VV,EC,두/VV/*+고/EC/*
둬서,0,0,-500,VV+EC,*,F,둬서,Inflect,VV,EC,두/VV/*+서/EC/*
두니까,0,0,-500,VV+EC,*,F,두니까,Inflect,VV,EC,두/VV/*+니까/EC/*
두니,0,0,-500,VV+EC,*,F,두니,Inflect,VV,EC,두/VV/*+니/EC/*
두면,0,0,-500,VV+EC,*,T,두면,Inflect,VV,EC,두/VV/*+면/EC/*
두지만,0,0,-500,VV+EC,*,T,두지만,Inflect,VV,EC,두/VV/*+지만/EC/*
두는데,0,0,-500,VV+EC,*,F,두는데,Inflect,VV,EC,두/VV/*+는데/EC/*
둔데,0,0,-500,VV+EC,*,F,둔데,Inflect,VV,EC,두/VV/*+ㄴ데/EC/*
두은데,0,0,-500,VV+EC,*,F,두은데,Inflect,VV,EC,두/VV/*+은데/EC/*
두면서,0,0,-500,VV+EC,*,F,두면서,Inflect,VV,EC,두/VV/*+면서/EC/*
두며,0,0,-500,VV+EC,*,F,두며,Inflect,VV,EC,두/VV/*+며/EC/*
두러,0,0,-500,VV+EC,*,F,두러,Inflect,VV,EC,두/VV/*+러/EC/*
두려고,0,0,-500,VV+EC,*,F,두려고,Inflect,VV,EC,두/VV/*+려고/EC/*
두려,0,0,-500,VV+EC,*,F,두려,Inflect,VV,EC,두/VV/*+려/EC/*
둬도,0,0,-500,VV+EC,*,F,둬도,Inflect,VV,EC,두/VV/*+도/EC/*
두다가,0,0,-500,VV+EC,*,F,두다가,Inflect,VV,EC,두/VV/*+다가/EC/*
두자,0,0,-500,VV+EC,*,F,두자,Inflect,VV,EC,두/VV/*+자/EC/*
두자마자,0,0,-500,VV+EC,*,F,두자마자,Inflect,VV,EC,두/VV/*+자마자/EC/*
두고서,0,0,-500,VV+EC,*,F,두고서,Inflect,VV,EC,두/VV/*+고서/EC/*
두고나서,0,0,-500,VV+EC,*,F,두고나서,Inflect,VV,EC,두/VV/*+고나서/EC/*
두도록,0,0,-500,VV+EC,*,T,두도록,Inflect,VV,EC,두/VV/*+도록/EC/*
두게,0,0,-500,VV+EC,*,F,두게,Inflect,VV,EC,두/VV/*+게/EC/*
두더라도,0,0,-500,VV+EC,*,F,두더라도,Inflect,VV,EC,두/VV/*+더라도/EC/*
둘지라도,0,0,-500,VV+EC,*,F,둘지라도,Inflect,VV,EC,두/VV/*+ㄹ지라도/EC/*
두을지라도,0,0,-500,VV+EC,*,F,두을지라도,Inflect,VV,EC,두/VV/*+을지라도/EC/*
둘수록,0,0,-500,VV+EC,*,T,둘수록,Inflect,VV,EC,두/VV/*+ㄹ수록/EC/*
두을수록,0,0,-500,VV+EC,*,T,두을수록,Inflect,VV,EC,두/VV/*+을수록/EC/*
두다고,0,0,-500,VV+EC,*,F,두다고,Inflect,VV,EC,두/VV/*+다고/EC/*
두라고,0,0,-500,VV+EC,*,F,두라고,Inflect,VV,EC,두/VV/*+라고/EC/*
두냐고,0,0,-500,VV+EC,*,F,두냐고,Inflect,VV,EC,두/VV/*+냐고/EC/*
두지,0,0,-500,VV+EC,*,F,두지,Inflect,VV,EC,두/VV/*+지/EC/*
두거나,0,0,-500,VV+EC,*,F,두거나,Inflect,VV,EC,두/VV/*+거나/EC/*
두든지,0,0,-500,VV+EC,*,F,두든지,Inflect,VV,EC,두/VV/*+든지/EC/*
두듯이,0,0,-500,VV+EC,*,F,두듯이,Inflect,VV,EC,두/VV/*+듯이/EC/*
두듯,0,0,-500,VV+EC,*,T,두듯,Inflect,VV,EC,두/VV/*+듯/EC/*
두다,0,0,-500,VV+EF,*,F,두다,Inflect,VV,EF,두/VV/*+다/EF/*
둬요,0,0,-500,VV+EF,*,F,둬요,Inflect,VV,EF,두/VV/*+요/EF/*
둡니다,0,0,-500,VV+EF,*,F,둡니다,Inflect,VV,EF,두/VV/*+ㅂ니다/EF/*
두습니다,0,0,-500,VV+EF,*,F,두습니다,Inflect,VV,EF,두/VV/*+습니다/EF/*
둘까,0,0,-500,VV+EF,*,F,둘까,Inflect,VV,EF,두/VV/*+ㄹ까/EF/*
둘까요,0,0,-500,VV+EF,*,F,둘까요,Inflect,VV,EF,두/VV/*+ㄹ까요/EF/*
둘게요,0,0,-500,VV+EF,*,F,둘게요,Inflect,VV,EF,두/VV/*+ㄹ게요/EF/*
둘게,0,0,-500,VV+EF,*,F,둘게,Inflect,VV,EF,두/VV/*+ㄹ게/EF/*
두자,0,0,-500,VV+EF,*,F,두자,Inflect,VV,EF,두/VV/*+자/EF/*
두세요,0,0,-500,VV+EF,*,F,두세요,Inflect,VV,EF,두/VV/*+세요/EF/*
둬았다,0,0,-500,VV+EP+EF,*,F,둬았다,Inflect,VV,EF,두/VV/*+았/EP/*+다/EF/*
둬았아요,0,0,-500,VV+EP+EF,*,F,둬았아요,Inflect,VV,EF,두/VV/*+았/EP/*+요/EF/*
둬았ㅂ니다,0,0,-500,VV+EP+EF,*,F,둬았ㅂ니다,Inflect,VV,EF,두/VV/*+았/EP/*+ㅂ니다/EF/*
둬았으습니다,0,0,-500,VV+EP+EF,*,F,둬았으습니다,Inflect,VV,EF,두/VV/*+았/EP/*+습니다/EF/*
둬았ㄹ까,0,0,-500,VV+EP+EF,*,F,둬았ㄹ까,Inflect,VV,EF,두/VV/*+았/EP/*+ㄹ까/EF/*
둬았ㄹ까요,0,0,-500,VV+EP+EF,*,F,둬았ㄹ까요,Inflect,VV,EF,두/VV/*+았/EP/*+ㄹ까요/EF/*
둬았ㄹ게요,0,0,-500,VV+EP+EF,*,F,둬았ㄹ게요,Inflect,VV,EF,두/VV/*+았/EP/*+ㄹ게요/EF/*
둬았ㄹ게,0,0,-500,VV+EP+EF,*,F,둬았ㄹ게,Inflect,VV,EF,두/VV/*+았/EP/*+ㄹ게/EF/*
둬았자,0,0,-500,VV+EP+EF,*,F,둬았자,Inflect,VV,EF,두/VV/*+았/EP/*+자/EF/*
둬았으세요,0,0,-500,VV+EP+EF,*,F,둬았으세요,Inflect,VV,EF,두/VV/*+았/EP/*+세요/EF/*
둬었다,0,0,-500,VV+EP+EF,*,F,둬었다,Inflect,VV,EF,두/VV/*+었/EP/*+다/EF/*
둬었어요,0,0,-500,VV+EP+EF,*,F,둬었어요,Inflect,VV,EF,두/VV/*+었/EP/*+요/EF/*
둬었ㅂ니다,0,0,-500,VV+EP+EF,*,F,둬었ㅂ니다,Inflect,VV,EF,두/VV/*+었/EP/*+ㅂ니다/EF/*
둬었으습니다,0,0,-500,VV+EP+EF,*,F,둬었으습니다,Inflect,VV,EF,두/VV/*+었/EP/*+습니다/EF/*
둬었ㄹ까,0,0,-500,VV+EP+EF,*,F,둬었ㄹ까,Inflect,VV,EF,두/VV/*+었/EP/*+ㄹ까/EF/*
둬었ㄹ까요,0,0,-500,VV+EP+EF,*,F,둬었ㄹ까요,Inflect,VV,EF,두/VV/*+었/EP/*+ㄹ까요/EF/*
둬었ㄹ게요,0,0,-500,VV+EP+EF,*,F,둬었ㄹ게요,Inflect,VV,EF,두/VV/*+었/EP/*+ㄹ게요/EF/*
둬었ㄹ게,0,0,-500,VV+EP+EF,*,F,둬었ㄹ게,Inflect,VV,EF,두/VV/*+었/EP/*+ㄹ게/EF/*
둬었자,0,0,-500,VV+EP+EF,*,F,둬었자,Inflect,VV,EF,두/VV/*+었/EP/*+자/EF/*
둬었으세요,0,0,-500,VV+EP+EF,*,F,둬었으세요,Inflect,VV,EF,두/VV/*+었/EP/*+세요/EF/*
두시다,0,0,-500,VV+EP+EF,*,F,두시다,Inflect,VV,EF,두/VV/*+시/EP/*+다/EF/*
두셔요,0,0,-500,VV+EP+EF,*,F,두셔요,Inflect,VV,EF,두/VV/*+시/EP/*+요/EF/*
두십니다,0,0,-500,VV+EP+EF,*,F,두십니다,Inflect,VV,EF,두/VV/*+시/EP/*+ㅂ니다/EF/*
두시습니다,0,0,-500,VV+EP+EF,*,F,두시습니다,Inflect,VV,EF,두/VV/*+시/EP/*+습니다/EF/*
두실까,0,0,-500,VV+EP+EF,*,F,두실까,Inflect,VV,EF,두/VV/*+시/EP/*+ㄹ까/EF/*
두실까요,0,0,-500,VV+EP+EF,*,F,두실까요,Inflect,VV,EF,두/VV/*+시/EP/*+ㄹ까요/EF/*
두실게요,0,0,-500,VV+EP+EF,*,F,두실게요,Inflect,VV,EF,두/VV/*+시/EP/*+ㄹ게요/EF/*
두실게,0,0,-500,VV+EP+EF,*,F,두실게,Inflect,VV,EF,두/VV/*+시/EP/*+ㄹ게/EF/*
두시자,0,0,-500,VV+EP+EF,*,F,두시자,Inflect,VV,EF,두/VV/*+시/EP/*+자/EF/*
두시세요,0,0,-500,VV+EP+EF,*,F,두시세요,Inflect,VV,EF,두/VV/*+시/EP/*+세요/EF/*
두겠다,0,0,-500,VV+EP+EF,*,F,두겠다,Inflect,VV,EF,두/VV/*+겠/EP/*+다/EF/*
두겠어요,0,0,-500,VV+EP+EF,*,F,두겠어요,Inflect,VV,EF,두/VV/*+겠/EP/*+요/EF/*
두겠ㅂ니다,0,0,-500,VV+EP+EF,*,F,두겠ㅂ니다,Inflect,VV,EF,두/VV/*+겠/EP/*+ㅂ니다/EF/*
두겠으습니다,0,0,-500,VV+EP+EF,*,F,두겠으습니다,Inflect,VV,EF,두/VV/*+겠/EP/*+습니다/EF/*
두겠ㄹ까,0,0,-500,VV+EP+EF,*,F,두겠ㄹ까,Inflect,VV,EF,두/VV/*+겠/EP/*+ㄹ까/EF/*
두겠ㄹ까요,0,0,-500,VV+EP+EF,*,F,두겠ㄹ까요,Inflect,VV,EF,두/VV/*+겠/EP/*+ㄹ까요/EF/*
두겠ㄹ게요,0,0,-500,VV+EP+EF,*,F,두겠ㄹ게요,Inflect,VV,EF,두/VV/*+겠/EP/*+ㄹ게요/EF/*
두겠ㄹ게,0,0,-500,VV+EP+EF,*,F,두겠ㄹ게,Inflect,VV,EF,두/VV/*+겠/EP/*+ㄹ게/EF/*
두겠자,0,0,-500,VV+EP+EF,*,F,두겠자,Inflect,VV,EF,두/VV/*+겠/EP/*+자/EF/*
두겠으세요,0,0,-500,VV+EP+EF,*,F,두겠으세요,Inflect,VV,EF,두/VV/*+겠/EP/*+세요/EF/*
세우는,0,0,-500,VV+ETM,*,T,세우는,Inflect,VV,ETM,세우/VV/*+는/ETM/*
세운,0,0,-500,VV+ETM,*,T,세운,Inflect,VV,ETM,세우/VV/*+ㄴ/ETM/*
세우은,0,0,-500,VV+ETM,*,T,세우은,Inflect,VV,ETM,세우/VV/*+은/ETM/*
세울,0,0,-500,VV+ETM,*,T,세울,Inflect,VV,ETM,세우/VV/*+ㄹ/ETM/*
세우을,0,0,-500,VV+ETM,*,T,세우을,Inflect,VV,ETM,세우/VV/*+을/ETM/*
세우고,0,0,-500,VV+EC,*,F,세우고,Inflect,VV,EC,세우/VV/*+고/EC/*
세워서,0,0,-500,VV+EC,*,F,세워서,Inflect,VV,EC,세우/VV/*+서/EC/*
세우니까,0,0,-500,VV+EC,*,F,세우니까,Inflect,VV,EC,세우/VV/*+니까/EC/*
세우니,0,0,-500,VV+EC,*,F,세우니,Inflect,VV,EC,세우/VV/*+니/EC/*
세우면,0,0,-500,VV+EC,*,T,세우면,Inflect,VV,EC,세우/VV/*+면/EC/*
세우지만,0,0,-500,VV+EC,*,T,세우지만,Inflect,VV,EC,세우/VV/*+지만/EC/*
세우는데,0,0,-500,VV+EC,*,F,세우는데,Inflect,VV,EC,세우/VV/*+는데/EC/*
세운데,0,0,-500,VV+EC,*,F,세운데,Inflect,VV,EC,세우/VV/*+ㄴ데/EC/*
세우은데,0,0,-500,VV+EC,*,F,세우은데,Inflect,VV,EC,세우/VV/*+은데/EC/*
세우면서,0,0,-500,VV+EC,*,F,세우면서,Inflect,VV,EC,세우/VV/*+면서/EC/*
세우며,0,0,-500,VV+EC,*,F,세우며,Inflect,VV,EC,세우/VV/*+며/EC/*
세우러,0,0,-500,VV+EC,*,F,세우러,Inflect,VV,EC,세우/VV/*+러/EC/*
세우려고,0,0,-500,VV+EC,*,F,세우려고,Inflect,VV,EC,세우/VV/*+려고/EC/*
세우려,0,0,-500,VV+EC,*,F,세우려,Inflect,VV,EC,세우/VV/*+려/EC/*
세워도,0,0,-500,VV+EC,*,F,세워도,Inflect,VV,EC,세우/VV/*+도/EC/*
세우다가,0,0,-500,VV+EC,*,F,세우다가,Inflect,VV,EC,세우/VV/*+다가/EC/*
세우자,0,0,-500,VV+EC,*,F,세우자,Inflect,VV,EC,세우/VV/*+자/EC/*
세우자마자,0,0,-500,VV+EC,*,F,세우자마자,Inflect,VV,EC,세우/VV/*+자마자/EC/*
세우고서,0,0,-500,VV+EC,*,F,세우고서,Inflect,VV,EC,세우/VV/*+고서/EC/*
세우고나서,0,0,-500,VV+EC,*,F,세우고나서,Inflect,VV,EC,세우/VV/*+고나서/EC/*
세우도록,0,0,-500,VV+EC,*,T,세우도록,Inflect,VV,EC,세우/VV/*+도록/EC/*
세우게,0,0,-500,VV+EC,*,F,세우게,Inflect,VV,EC,세우/VV/*+게/EC/*
세우더라도,0,0,-500,VV+EC,*,F,세우더라도,Inflect,VV,EC,세우/VV/*+더라도/EC/*
세울지라도,0,0,-500,VV+EC,*,F,세울지라도,Inflect,VV,EC,세우/VV/*+ㄹ지라도/EC/*
세우을지라도,0,0,-500,VV+EC,*,F,세우을지라도,Inflect,VV,EC,세우/VV/*+을지라도/EC/*
세울수록,0,0,-500,VV+EC,*,T,세울수록,Inflect,VV,EC,세우/VV/*+ㄹ수록/EC/*
세우을수록,0,0,-500,VV+EC,*,T,세우을수록,Inflect,VV,EC,세우/VV/*+을수록/EC/*
세우다고,0,0,-500,VV+EC,*,F,세우다고,Inflect,VV,EC,세우/VV/*+다고/EC/*
세우라고,0,0,-500,VV+EC,*,F,세우라고,Inflect,VV,EC,세우/VV/*+라고/EC/*
세우냐고,0,0,-500,VV+EC,*,F,세우냐고,Inflect,VV,EC,세우/VV/*+냐고/EC/*
세우지,0,0,-500,VV+EC,*,F,세우지,Inflect,VV,EC,세우/VV/*+지/EC/*
세우거나,0,0,-500,VV+EC,*,F,세우거나,Inflect,VV,EC,세우/VV/*+거나/EC/*
세우든지,0,0,-500,VV+EC,*,F,세우든지,Inflect,VV,EC,세우/VV/*+든지/EC/*
세우듯이,0,0,-500,VV+EC,*,F,세우듯이,Inflect,VV,EC,세우/VV/*+듯이/EC/*
세우듯,0,0,-500,VV+EC,*,T,세우듯,Inflect,VV,EC,세우/VV/*+듯/EC/*
세우다,0,0,-500,VV+EF,*,F,세우다,Inflect,VV,EF,세우/VV/*+다/EF/*
세워요,0,0,-500,VV+EF,*,F,세워요,Inflect,VV,EF,세우/VV/*+요/EF/*
세웁니다,0,0,-500,VV+EF,*,F,세웁니다,Inflect,VV,EF,세우/VV/*+ㅂ니다/EF/*
세우습니다,0,0,-500,VV+EF,*,F,세우습니다,Inflect,VV,EF,세우/VV/*+습니다/EF/*
세울까,0,0,-500,VV+EF,*,F,세울까,Inflect,VV,EF,세우/VV/*+ㄹ까/EF/*
세울까요,0,0,-500,VV+EF,*,F,세울까요,Inflect,VV,EF,세우/VV/*+ㄹ까요/EF/*
세울게요,0,0,-500,VV+EF,*,F,세울게요,Inflect,VV,EF,세우/VV/*+ㄹ게요/EF/*
세울게,0,0,-500,VV+EF,*,F,세울게,Inflect,VV,EF,세우/VV/*+ㄹ게/EF/*
세우자,0,0,-500,VV+EF,*,F,세우자,Inflect,VV,EF,세우/VV/*+자/EF/*
세우세요,0,0,-500,VV+EF,*,F,세우세요,Inflect,VV,EF,세우/VV/*+세요/EF/*
세워았다,0,0,-500,VV+EP+EF,*,F,세워았다,Inflect,VV,EF,세우/VV/*+았/EP/*+다/EF/*
세워았아요,0,0,-500,VV+EP+EF,*,F,세워았아요,Inflect,VV,EF,세우/VV/*+았/EP/*+요/EF/*
세워았ㅂ니다,0,0,-500,VV+EP+EF,*,F,세워았ㅂ니다,Inflect,VV,EF,세우/VV/*+았/EP/*+ㅂ니다/EF/*
세워았으습니다,0,0,-500,VV+EP+EF,*,F,세워았으습니다,Inflect,VV,EF,세우/VV/*+았/EP/*+습니다/EF/*
세워았ㄹ까,0,0,-500,VV+EP+EF,*,F,세워았ㄹ까,Inflect,VV,EF,세우/VV/*+았/EP/*+ㄹ까/EF/*
세워았ㄹ까요,0,0,-500,VV+EP+EF,*,F,세워았ㄹ까요,Inflect,VV,EF,세우/VV/*+았/EP/*+ㄹ까요/EF/*
세워았ㄹ게요,0,0,-500,VV+EP+EF,*,F,세워았ㄹ게요,Inflect,VV,EF,세우/VV/*+았/EP/*+ㄹ게요/EF/*
세워았ㄹ게,0,0,-500,VV+EP+EF,*,F,세워았ㄹ게,Inflect,VV,EF,세우/VV/*+았/EP/*+ㄹ게/EF/*
세워았자,0,0,-500,VV+EP+EF,*,F,세워았자,Inflect,VV,EF,세우/VV/*+았/EP/*+자/EF/*
세워았으세요,0,0,-500,VV+EP+EF,*,F,세워았으세요,Inflect,VV,EF,세우/VV/*+았/EP/*+세요/EF/*
세워었다,0,0,-500,VV+EP+EF,*,F,세워었다,Inflect,VV,EF,세우/VV/*+었/EP/*+다/EF/*
세워었어요,0,0,-500,VV+EP+EF,*,F,세워었어요,Inflect,VV,EF,세우/VV/*+었/EP/*+요/EF/*
세워었ㅂ니다,0,0,-500,VV+EP+EF,*,F,세워었ㅂ니다,Inflect,VV,EF,세우/VV/*+었/EP/*+ㅂ니다/EF/*
세워었으습니다,0,0,-500,VV+EP+EF,*,F,세워었으습니다,Inflect,VV,EF,세우/VV/*+었/EP/*+습니다/EF/*
세워었ㄹ까,0,0,-500,VV+EP+EF,*,F,세워었ㄹ까,Inflect,VV,EF,세우/VV/*+었/EP/*+ㄹ까/EF/*
세워었ㄹ까요,0,0,-500,VV+EP+EF,*,F,세워었ㄹ까요,Inflect,VV,EF,세우/VV/*+었/EP/*+ㄹ까요/EF/*
세워었ㄹ게요,0,0,-500,VV+EP+EF,*,F,세워었ㄹ게요,Inflect,VV,EF,세우/VV/*+었/EP/*+ㄹ게요/EF/*
세워었ㄹ게,0,0,-500,VV+EP+EF,*,F,세워었ㄹ게,Inflect,VV,EF,세우/VV/*+었/EP/*+ㄹ게/EF/*
세워었자,0,0,-500,VV+EP+EF,*,F,세워었자,Inflect,VV,EF,세우/VV/*+었/EP/*+자/EF/*
세워었으세요,0,0,-500,VV+EP+EF,*,F,세워었으세요,Inflect,VV,EF,세우/VV/*+었/EP/*+세요/EF/*
세우시다,0,0,-500,VV+EP+EF,*,F,세우시다,Inflect,VV,EF,세우/VV/*+시/EP/*+다/EF/*
세우셔요,0,0,-500,VV+EP+EF,*,F,세우셔요,Inflect,VV,EF,세우/VV/*+시/EP/*+요/EF/*
세우십니다,0,0,-500,VV+EP+EF,*,F,세우십니다,Inflect,VV,EF,세우/VV/*+시/EP/*+ㅂ니다/EF/*
세우시습니다,0,0,-500,VV+EP+EF,*,F,세우시습니다,Inflect,VV,EF,세우/VV/*+시/EP/*+습니다/EF/*
세우실까,0,0,-500,VV+EP+EF,*,F,세우실까,Inflect,VV,EF,세우/VV/*+시/EP/*+ㄹ까/EF/*
세우실까요,0,0,-500,VV+EP+EF,*,F,세우실까요,Inflect,VV,EF,세우/VV/*+시/EP/*+ㄹ까요/EF/*
세우실게요,0,0,-500,VV+EP+EF,*,F,세우실게요,Inflect,VV,EF,세우/VV/*+시/EP/*+ㄹ게요/EF/*
세우실게,0,0,-500,VV+EP+EF,*,F,세우실게,Inflect,VV,EF,세우/VV/*+시/EP/*+ㄹ게/EF/*
세우시자,0,0,-500,VV+EP+EF,*,F,세우시자,Inflect,VV,EF,세우/VV/*+시/EP/*+자/EF/*
세우시세요,0,0,-500,VV+EP+EF,*,F,세우시세요,Inflect,VV,EF,세우/VV/*+시/EP/*+세요/EF/*
세우겠다,0,0,-500,VV+EP+EF,*,F,세우겠다,Inflect,VV,EF,세우/VV/*+겠/EP/*+다/EF/*
세우겠어요,0,0,-500,VV+EP+EF,*,F,세우겠어요,Inflect,VV,EF,세우/VV/*+겠/EP/*+요/EF/*
세우겠ㅂ니다,0,0,-500,VV+EP+EF,*,F,세우겠ㅂ니다,Inflect,VV,EF,세우/VV/*+겠/EP/*+ㅂ니다/EF/*
세우겠으습니다,0,0,-500,VV+EP+EF,*,F,세우겠으습니다,Inflect,VV,EF,세우/VV/*+겠/EP/*+습니다/EF/*
세우겠ㄹ까,0,0,-500,VV+EP+EF,*,F,세우겠ㄹ까,Inflect,VV,EF,세우/VV/*+겠/EP/*+ㄹ까/EF/*
세우겠ㄹ까요,0,0,-500,VV+EP+EF,*,F,세우겠ㄹ까요,Inflect,VV,EF,세우/VV/*+겠/EP/*+ㄹ까요/EF/*
세우겠ㄹ게요,0,0,-500,VV+EP+EF,*,F,세우겠ㄹ게요,Inflect,VV,EF,세우/VV/*+겠/EP/*+ㄹ게요/EF/*
세우겠ㄹ게,0,0,-500,VV+EP+EF,*,F,세우겠ㄹ게,Inflect,VV,EF,세우/VV/*+겠/EP/*+ㄹ게/EF/*
세우겠자,0,0,-500,VV+EP+EF,*,F,세우겠자,Inflect,VV,EF,세우/VV/*+겠/EP/*+자/EF/*
세우겠으세요,0,0,-500,VV+EP+EF,*,F,세우겠으세요,Inflect,VV,EF,세우/VV/*+겠/EP/*+세요/EF/*
듣는,0,0,-500,VV+ETM,*,T,듣는,Inflect,VV,ETM,듣/VV/*+는/ETM/*
듣ㄴ,0,0,-500,VV+ETM,*,F,듣ㄴ,Inflect,VV,ETM,듣/VV/*+ㄴ/ETM/*
듣으은,0,0,-500,VV+ETM,*,T,듣으은,Inflect,VV,ETM,듣/VV/*+은/ETM/*
듣ㄹ,0,0,-500,VV+ETM,*,F,듣ㄹ,Inflect,VV,ETM,듣/VV/*+ㄹ/ETM/*
듣으을,0,0,-500,VV+ETM,*,T,듣으을,Inflect,VV,ETM,듣/VV/*+을/ETM/*
듣고,0,0,-500,VV+EC,*,F,듣고,Inflect,VV,EC,듣/VV/*+고/EC/*
들어서,0,0,-500,VV+EC,*,F,들어서,Inflect,VV,EC,듣/VV/*+서/EC/*
듣으니까,0,0,-500,VV+EC,*,F,듣으니까,Inflect,VV,EC,듣/VV/*+니까/EC/*
듣으니,0,0,-500,VV+EC,*,F,듣으니,Inflect,VV,EC,듣/VV/*+니/EC/*
듣으면,0,0,-500,VV+EC,*,T,듣으면,Inflect,VV,EC,듣/VV/*+면/EC/*
듣지만,0,0,-500,VV+EC,*,T,듣지만,Inflect,VV,EC,듣/VV/*+지만/EC/*
듣는데,0,0,-500,VV+EC,*,F,듣는데,Inflect,VV,EC,듣/VV/*+는데/EC/*
듣ㄴ데,0,0,-500,VV+EC,*,F,듣ㄴ데,Inflect,VV,EC,듣/VV/*+ㄴ데/EC/*
듣으은데,0,0,-500,VV+EC,*,F,듣으은데,Inflect,VV,EC,듣/VV/*+은데/EC/*
듣으면서,0,0,-500,VV+EC,*,F,듣으면서,Inflect,VV,EC,듣/VV/*+면서/EC/*
듣으며,0,0,-500,VV+EC,*,F,듣으며,Inflect,VV,EC,듣/VV/*+며/EC/*
듣으러,0,0,-500,VV+EC,*,F,듣으러,Inflect,VV,EC,듣/VV/*+러/EC/*
듣으려고,0,0,-500,VV+EC,*,F,듣으려고,Inflect,VV,EC,듣/VV/*+려고/EC/*
듣으려,0,0,-500,VV+EC,*,F,듣으려,Inflect,VV,EC,듣/VV/*+려/EC/*
들어도,0,0,-500,VV+EC,*,F,들어도,Inflect,VV,EC,듣/VV/*+도/EC/*
듣다가,0,0,-500,VV+EC,*,F,듣다가,Inflect,VV,EC,듣/VV/*+다가/EC/*
듣자,0,0,-500,VV+EC,*,F,듣자,Inflect,VV,EC,듣/VV/*+자/EC/*
듣자마자,0,0,-500,VV+EC,*,F,듣자마자,Inflect,VV,EC,듣/VV/*+자마자/EC/*
듣고서,0,0,-500,VV+EC,*,F,듣고서,Inflect,VV,EC,듣/VV/*+고서/EC/*
듣고나서,0,0,-500,VV+EC,*,F,듣고나서,Inflect,VV,EC,듣/VV/*+고나서/EC/*
듣도록,0,0,-500,VV+EC,*,T,듣도록,Inflect,VV,EC,듣/VV/*+도록/EC/*
듣게,0,0,-500,VV+EC,*,F,듣게,Inflect,VV,EC,듣/VV/*+게/EC/*
듣더라도,0,0,-500,VV+EC,*,F,듣더라도,Inflect,VV,EC,듣/VV/*+더라도/EC/*
듣ㄹ지라도,0,0,-500,VV+EC,*,F,듣ㄹ지라도,Inflect,VV,EC,듣/VV/*+ㄹ지라도/EC/*
듣으을지라도,0,0,-500,VV+EC,*,F,듣으을지라도,Inflect,VV,EC,듣/VV/*+을지라도/EC/*
듣ㄹ수록,0,0,-500,VV+EC,*,T,듣ㄹ수록,Inflect,VV,EC,듣/VV/*+ㄹ수록/EC/*
듣으을수록,0,0,-500,VV+EC,*,T,듣으을수록,Inflect,VV,EC,듣/VV/*+을수록/EC/*
듣다고,0,0,-500,VV+EC,*,F,듣다고,Inflect,VV,EC,듣/VV/*+다고/EC/*
듣라고,0,0,-500,VV+EC,*,F,듣라고,Inflect,VV,EC,듣/VV/*+라고/EC/*
듣냐고,0,0,-500,VV+EC,*,F,듣냐고,Inflect,VV,EC,듣/VV/*+냐고/EC/*
듣지,0,0,-500,VV+EC,*,F,듣지,Inflect,VV,EC,듣/VV/*+지/EC/*
듣거나,0,0,-500,VV+EC,*,F,듣거나,Inflect,VV,EC,듣/VV/*+거나/EC/*
듣든지,0,0,-500,VV+EC,*,F,듣든지,Inflect,VV,EC,듣/VV/*+든지/EC/*
듣듯이,0,0,-500,VV+EC,*,F,듣듯이,Inflect,VV,EC,듣/VV/*+듯이/EC/*
듣듯,0,0,-500,VV+EC,*,T,듣듯,Inflect,VV,EC,듣/VV/*+듯/EC/*
듣다,0,0,-500,VV+EF,*,F,듣다,Inflect,VV,EF,듣/VV/*+다/EF/*
들어요,0,0,-500,VV+EF,*,F,들어요,Inflect,VV,EF,듣/VV/*+요/EF/*
듣ㅂ니다,0,0,-500,VV+EF,*,F,듣ㅂ니다,Inflect,VV,EF,듣/VV/*+ㅂ니다/EF/*
듣으습니다,0,0,-500,VV+EF,*,F,듣으습니다,Inflect,VV,EF,듣/VV/*+습니다/EF/*
듣ㄹ까,0,0,-500,VV+EF,*,F,듣ㄹ까,Inflect,VV,EF,듣/VV/*+ㄹ까/EF/*
듣ㄹ까요,0,0,-500,VV+EF,*,F,듣ㄹ까요,Inflect,VV,EF,듣/VV/*+ㄹ까요/EF/*
듣ㄹ게요,0,0,-500,VV+EF,*,F,듣ㄹ게요,Inflect,VV,EF,듣/VV/*+ㄹ게요/EF/*
듣ㄹ게,0,0,-500,VV+EF,*,F,듣ㄹ게,Inflect,VV,EF,듣/VV/*+ㄹ게/EF/*
듣자,0,0,-500,VV+EF,*,F,듣자,Inflect,VV,EF,듣/VV/*+자/EF/*
듣으세요,0,0,-500,VV+EF,*,F,듣으세요,Inflect,VV,EF,듣/VV/*+세요/EF/*
들었다,0,0,-500,VV+EP+EF,*,F,들었다,Inflect,VV,EF,듣/VV/*+았/EP/*+다/EF/*
들었어요,0,0,-500,VV+EP+EF,*,F,들었어요,Inflect,VV,EF,듣/VV/*+았/EP/*+요/EF/*
들었ㅂ니다,0,0,-500,VV+EP+EF,*,F,들었ㅂ니다,Inflect,VV,EF,듣/VV/*+았/EP/*+ㅂ니다/EF/*
들었으습니다,0,0,-500,VV+EP+EF,*,F,들었으습니다,Inflect,VV,EF,듣/VV/*+았/EP/*+습니다/EF/*
들었ㄹ까,0,0,-500,VV+EP+EF,*,F,들었ㄹ까,Inflect,VV,EF,듣/VV/*+았/EP/*+ㄹ까/EF/*
들었ㄹ까요,0,0,-500,VV+EP+EF,*,F,들었ㄹ까요,Inflect,VV,EF,듣/VV/*+았/EP/*+ㄹ까요/EF/*
들었ㄹ게요,0,0,-500,VV+EP+EF,*,F,들었ㄹ게요,Inflect,VV,EF,듣/VV/*+았/EP/*+ㄹ게요/EF/*
들었ㄹ게,0,0,-500,VV+EP+EF,*,F,들었ㄹ게,Inflect,VV,EF,듣/VV/*+았/EP/*+ㄹ게/EF/*
들었자,0,0,-500,VV+EP+EF,*,F,들었자,Inflect,VV,EF,듣/VV/*+았/EP/*+자/EF/*
들었으세요,0,0,-500,VV+EP+EF,*,F,들었으세요,Inflect,VV,EF,듣/VV/*+았/EP/*+세요/EF/*
들었다,0,0,-500,VV+EP+EF,*,F,들었다,Inflect,VV,EF,듣/VV/*+었/EP/*+다/EF/*
들었어요,0,0,-500,VV+EP+EF,*,F,들었어요,Inflect,VV,EF,듣/VV/*+었/EP/*+요/EF/*
들었ㅂ니다,0,0,-500,VV+EP+EF,*,F,들었ㅂ니다,Inflect,VV,EF,듣/VV/*+었/EP/*+ㅂ니다/EF/*
들었으습니다,0,0,-500,VV+EP+EF,*,F,들었으습니다,Inflect,VV,EF,듣/VV/*+었/EP/*+습니다/EF/*
들었ㄹ까,0,0,-500,VV+EP+EF,*,F,들었ㄹ까,Inflect,VV,EF,듣/VV/*+었/EP/*+ㄹ까/EF/*
들었ㄹ까요,0,0,-500,VV+EP+EF,*,F,들었ㄹ까요,Inflect,VV,EF,듣/VV/*+었/EP/*+ㄹ까요/EF/*
들었ㄹ게요,0,0,-500,VV+EP+EF,*,F,들었ㄹ게요,Inflect,VV,EF,듣/VV/*+었/EP/*+ㄹ게요/EF/*
들었ㄹ게,0,0,-500,VV+EP+EF,*,F,들었ㄹ게,Inflect,VV,EF,듣/VV/*+었/EP/*+ㄹ게/EF/*
들었자,0,0,-500,VV+EP+EF,*,F,들었자,Inflect,VV,EF,듣/VV/*+었/EP/*+자/EF/*
들었으세요,0,0,-500,VV+EP+EF,*,F,들었으세요,Inflect,VV,EF,듣/VV/*+었/EP/*+세요/EF/*
듣으시다,0,0,-500,VV+EP+EF,*,F,듣으시다,Inflect,VV,EF,듣/VV/*+시/EP/*+다/EF/*
듣으셔요,0,0,-500,VV+EP+EF,*,F,듣으셔요,Inflect,VV,EF,듣/VV/*+시/EP/*+요/EF/*
듣으십니다,0,0,-500,VV+EP+EF,*,F,듣으십니다,Inflect,VV,EF,듣/VV/*+시/EP/*+ㅂ니다/EF/*
듣으시습니다,0,0,-500,VV+EP+EF,*,F,듣으시습니다,Inflect,VV,EF,듣/VV/*+시/EP/*+습니다/EF/*
듣으실까,0,0,-500,VV+EP+EF,*,F,듣으실까,Inflect,VV,EF,듣/VV/*+시/EP/*+ㄹ까/EF/*
듣으실까요,0,0,-500,VV+EP+EF,*,F,듣으실까요,Inflect,VV,EF,듣/VV/*+시/EP/*+ㄹ까요/EF/*
듣으실게요,0,0,-500,VV+EP+EF,*,F,듣으실게요,Inflect,VV,EF,듣/VV/*+시/EP/*+ㄹ게요/EF/*
듣으실게,0,0,-500,VV+EP+EF,*,F,듣으실게,Inflect,VV,EF,듣/VV/*+시/EP/*+ㄹ게/EF/*
듣으시자,0,0,-500,VV+EP+EF,*,F,듣으시자,Inflect,VV,EF,듣/VV/*+시/EP/*+자/EF/*
듣으시세요,0,0,-500,VV+EP+EF,*,F,듣으시세요,Inflect,VV,EF,듣/VV/*+시/EP/*+세요/EF/*
듣겠다,0,0,-500,VV+EP+EF,*,F,듣겠다,Inflect,VV,EF,듣/VV/*+겠/EP/*+다/EF/*
듣겠어요,0,0,-500,VV+EP+EF,*,F,듣겠어요,Inflect,VV,EF,듣/VV/*+겠/EP/*+요/EF/*
듣겠ㅂ니다,0,0,-500,VV+EP+EF,*,F,듣겠ㅂ니다,Inflect,VV,EF,듣/VV/*+겠/EP/*+ㅂ니다/EF/*
듣겠으습니다,0,0,-500,VV+EP+EF,*,F,듣겠으습니다,Inflect,VV,EF,듣/VV/*+겠/EP/*+습니다/EF/*
듣겠ㄹ까,0,0,-500,VV+EP+EF,*,F,듣겠ㄹ까,Inflect,VV,EF,듣/VV/*+겠/EP/*+ㄹ까/EF/*
듣겠ㄹ까요,0,0,-500,VV+EP+EF,*,F,듣겠ㄹ까요,Inflect,VV,EF,듣/VV/*+겠/EP/*+ㄹ까요/EF/*
듣겠ㄹ게요,0,0,-500,VV+EP+EF,*,F,듣겠ㄹ게요,Inflect,VV,EF,듣/VV/*+겠/EP/*+ㄹ게요/EF/*
듣겠ㄹ게,0,0,-500,VV+EP+EF,*,F,듣겠ㄹ게,Inflect,VV,EF,듣/VV/*+겠/EP/*+ㄹ게/EF/*
듣겠자,0,0,-500,VV+EP+EF,*,F,듣겠자,Inflect,VV,EF,듣/VV/*+겠/EP/*+자/EF/*
듣겠으세요,0,0,-500,VV+EP+EF,*,F,듣겠으세요,Inflect,VV,EF,듣/VV/*+겠/EP/*+세요/EF/*
걷는,0,0,-500,VV+ETM,*,T,걷는,Inflect,VV,ETM,걷/VV/*+는/ETM/*
걷ㄴ,0,0,-500,VV+ETM,*,F,걷ㄴ,Inflect,VV,ETM,걷/VV/*+ㄴ/ETM/*
걷으은,0,0,-500,VV+ETM,*,T,걷으은,Inflect,VV,ETM,걷/VV/*+은/ETM/*
걷ㄹ,0,0,-500,VV+ETM,*,F,걷ㄹ,Inflect,VV,ETM,걷/VV/*+ㄹ/ETM/*
걷으을,0,0,-500,VV+ETM,*,T,걷으을,Inflect,VV,ETM,걷/VV/*+을/ETM/*
걷고,0,0,-500,VV+EC,*,F,걷고,Inflect,VV,EC,걷/VV/*+고/EC/*
걸어서,0,0,-500,VV+EC,*,F,걸어서,Inflect,VV,EC,걷/VV/*+서/EC/*
걷으니까,0,0,-500,VV+EC,*,F,걷으니까,Inflect,VV,EC,걷/VV/*+니까/EC/*
걷으니,0,0,-500,VV+EC,*,F,걷으니,Inflect,VV,EC,걷/VV/*+니/EC/*
걷으면,0,0,-500,VV+EC,*,T,걷으면,Inflect,VV,EC,걷/VV/*+면/EC/*
걷지만,0,0,-500,VV+EC,*,T,걷지만,Inflect,VV,EC,걷/VV/*+지만/EC/*
걷는데,0,0,-500,VV+EC,*,F,걷는데,Inflect,VV,EC,걷/VV/*+는데/EC/*
걷ㄴ데,0,0,-500,VV+EC,*,F,걷ㄴ데,Inflect,VV,EC,걷/VV/*+ㄴ데/EC/*
걷으은데,0,0,-500,VV+EC,*,F,걷으은데,Inflect,VV,EC,걷/VV/*+은데/EC/*
걷으면서,0,0,-500,VV+EC,*,F,걷으면서,Inflect,VV,EC,걷/VV/*+면서/EC/*
걷으며,0,0,-500,VV+EC,*,F,걷으며,Inflect,VV,EC,걷/VV/*+며/EC/*
걷으러,0,0,-500,VV+EC,*,F,걷으러,Inflect,VV,EC,걷/VV/*+러/EC/*
걷으려고,0,0,-500,VV+EC,*,F,걷으려고,Inflect,VV,EC,걷/VV/*+려고/EC/*
걷으려,0,0,-500,VV+EC,*,F,걷으려,Inflect,VV,EC,걷/VV/*+려/EC/*
걸어도,0,0,-500,VV+EC,*,F,걸어도,Inflect,VV,EC,걷/VV/*+도/EC/*
걷다가,0,0,-500,VV+EC,*,F,걷다가,Inflect,VV,EC,걷/VV/*+다가/EC/*
걷자,0,0,-500,VV+EC,*,F,걷자,Inflect,VV,EC,걷/VV/*+자/EC/*
걷자마자,0,0,-500,VV+EC,*,F,걷자마자,Inflect,VV,EC,걷/VV/*+자마자/EC/*
걷고서,0,0,-500,VV+EC,*,F,걷고서,Inflect,VV,EC,걷/VV/*+고서/EC/*
걷고나서,0,0,-500,VV+EC,*,F,걷고나서,Inflect,VV,EC,걷/VV/*+고나서/EC/*
걷도록,0,0,-500,VV+EC,*,T,걷도록,Inflect,VV,EC,걷/VV/*+도록/EC/*
걷게,0,0,-500,VV+EC,*,F,걷게,Inflect,VV,EC,걷/VV/*+게/EC/*
걷더라도,0,0,-500,VV+EC,*,F,걷더라도,Inflect,VV,EC,걷/VV/*+더라도/EC/*
걷ㄹ지라도,0,0,-500,VV+EC,*,F,걷ㄹ지라도,Inflect,VV,EC,걷/VV/*+ㄹ지라도/EC/*
걷으을지라도,0,0,-500,VV+EC,*,F,걷으을지라도,Inflect,VV,EC,걷/VV/*+을지라도/EC/*
걷ㄹ수록,0,0,-500,VV+EC,*,T,걷ㄹ수록,Inflect,VV,EC,걷/VV/*+ㄹ수록/EC/*
걷으을수록,0,0,-500,VV+EC,*,T,걷으을수록,Inflect,VV,EC,걷/VV/*+을수록/EC/*
걷다고,0,0,-500,VV+EC,*,F,걷다고,Inflect,VV,EC,걷/VV/*+다고/EC/*
걷라고,0,0,-500,VV+EC,*,F,걷라고,Inflect,VV,EC,걷/VV/*+라고/EC/*
걷냐고,0,0,-500,VV+EC,*,F,걷냐고,Inflect,VV,EC,걷/VV/*+냐고/EC/*
걷지,0,0,-500,VV+EC,*,F,걷지,Inflect,VV,EC,걷/VV/*+지/EC/*
걷거나,0,0,-500,VV+EC,*,F,걷거나,Inflect,VV,EC,걷/VV/*+거나/EC/*
걷든지,0,0,-500,VV+EC,*,F,걷든지,Inflect,VV,EC,걷/VV/*+든지/EC/*
걷듯이,0,0,-500,VV+EC,*,F,걷듯이,Inflect,VV,EC,걷/VV/*+듯이/EC/*
걷듯,0,0,-500,VV+EC,*,T,걷듯,Inflect,VV,EC,걷/VV/*+듯/EC/*
걷다,0,0,-500,VV+EF,*,F,걷다,Inflect,VV,EF,걷/VV/*+다/EF/*
걸어요,0,0,-500,VV+EF,*,F,걸어요,Inflect,VV,EF,걷/VV/*+요/EF/*
걷ㅂ니다,0,0,-500,VV+EF,*,F,걷ㅂ니다,Inflect,VV,EF,걷/VV/*+ㅂ니다/EF/*
걷으습니다,0,0,-500,VV+EF,*,F,걷으습니다,Inflect,VV,EF,걷/VV/*+습니다/EF/*
걷ㄹ까,0,0,-500,VV+EF,*,F,걷ㄹ까,Inflect,VV,EF,걷/VV/*+ㄹ까/EF/*
걷ㄹ까요,0,0,-500,VV+EF,*,F,걷ㄹ까요,Inflect,VV,EF,걷/VV/*+ㄹ까요/EF/*
걷ㄹ게요,0,0,-500,VV+EF,*,F,걷ㄹ게요,Inflect,VV,EF,걷/VV/*+ㄹ게요/EF/*
걷ㄹ게,0,0,-500,VV+EF,*,F,걷ㄹ게,Inflect,VV,EF,걷/VV/*+ㄹ게/EF/*
걷자,0,0,-500,VV+EF,*,F,걷자,Inflect,VV,EF,걷/VV/*+자/EF/*
걷으세요,0,0,-500,VV+EF,*,F,걷으세요,Inflect,VV,EF,걷/VV/*+세요/EF/*
걸었다,0,0,-500,VV+EP+EF,*,F,걸었다,Inflect,VV,EF,걷/VV/*+았/EP/*+다/EF/*
걸었어요,0,0,-500,VV+EP+EF,*,F,걸었어요,Inflect,VV,EF,걷/VV/*+았/EP/*+요/EF/*
걸었ㅂ니다,0,0,-500,VV+EP+EF,*,F,걸었ㅂ니다,Inflect,VV,EF,걷/VV/*+았/EP/*+ㅂ니다/EF/*
걸었으습니다,0,0,-500,VV+EP+EF,*,F,걸었으습니다,Inflect,VV,EF,걷/VV/*+았/EP/*+습니다/EF/*
걸었ㄹ까,0,0,-500,VV+EP+EF,*,F,걸었ㄹ까,Inflect,VV,EF,걷/VV/*+았/EP/*+ㄹ까/EF/*
걸었ㄹ까요,0,0,-500,VV+EP+EF,*,F,걸었ㄹ까요,Inflect,VV,EF,걷/VV/*+았/EP/*+ㄹ까요/EF/*
걸었ㄹ게요,0,0,-500,VV+EP+EF,*,F,걸었ㄹ게요,Inflect,VV,EF,걷/VV/*+았/EP/*+ㄹ게요/EF/*
걸었ㄹ게,0,0,-500,VV+EP+EF,*,F,걸었ㄹ게,Inflect,VV,EF,걷/VV/*+았/EP/*+ㄹ게/EF/*
걸었자,0,0,-500,VV+EP+EF,*,F,걸었자,Inflect,VV,EF,걷/VV/*+았/EP/*+자/EF/*
걸었으세요,0,0,-500,VV+EP+EF,*,F,걸었으세요,Inflect,VV,EF,걷/VV/*+았/EP/*+세요/EF/*
걸었다,0,0,-500,VV+EP+EF,*,F,걸었다,Inflect,VV,EF,걷/VV/*+었/EP/*+다/EF/*
걸었어요,0,0,-500,VV+EP+EF,*,F,걸었어요,Inflect,VV,EF,걷/VV/*+었/EP/*+요/EF/*
걸었ㅂ니다,0,0,-500,VV+EP+EF,*,F,걸었ㅂ니다,Inflect,VV,EF,걷/VV/*+었/EP/*+ㅂ니다/EF/*
걸었으습니다,0,0,-500,VV+EP+EF,*,F,걸었으습니다,Inflect,VV,EF,걷/VV/*+었/EP/*+습니다/EF/*
걸었ㄹ까,0,0,-500,VV+EP+EF,*,F,걸었ㄹ까,Inflect,VV,EF,걷/VV/*+었/EP/*+ㄹ까/EF/*
걸었ㄹ까요,0,0,-500,VV+EP+EF,*,F,걸었ㄹ까요,Inflect,VV,EF,걷/VV/*+었/EP/*+ㄹ까요/EF/*
걸었ㄹ게요,0,0,-500,VV+EP+EF,*,F,걸었ㄹ게요,Inflect,VV,EF,걷/VV/*+었/EP/*+ㄹ게요/EF/*
걸었ㄹ게,0,0,-500,VV+EP+EF,*,F,걸었ㄹ게,Inflect,VV,EF,걷/VV/*+었/EP/*+ㄹ게/EF/*
걸었자,0,0,-500,VV+EP+EF,*,F,걸었자,Inflect,VV,EF,걷/VV/*+었/EP/*+자/EF/*
걸었으세요,0,0,-500,VV+EP+EF,*,F,걸었으세요,Inflect,VV,EF,걷/VV/*+었/EP/*+세요/EF/*
걷으시다,0,0,-500,VV+EP+EF,*,F,걷으시다,Inflect,VV,EF,걷/VV/*+시/EP/*+다/EF/*
걷으셔요,0,0,-500,VV+EP+EF,*,F,걷으셔요,Inflect,VV,EF,걷/VV/*+시/EP/*+요/EF/*
걷으십니다,0,0,-500,VV+EP+EF,*,F,걷으십니다,Inflect,VV,EF,걷/VV/*+시/EP/*+ㅂ니다/EF/*
걷으시습니다,0,0,-500,VV+EP+EF,*,F,걷으시습니다,Inflect,VV,EF,걷/VV/*+시/EP/*+습니다/EF/*
걷으실까,0,0,-500,VV+EP+EF,*,F,걷으실까,Inflect,VV,EF,걷/VV/*+시/EP/*+ㄹ까/EF/*
걷으실까요,0,0,-500,VV+EP+EF,*,F,걷으실까요,Inflect,VV,EF,걷/VV/*+시/EP/*+ㄹ까요/EF/*
걷으실게요,0,0,-500,VV+EP+EF,*,F,걷으실게요,Inflect,VV,EF,걷/VV/*+시/EP/*+ㄹ게요/EF/*
걷으실게,0,0,-500,VV+EP+EF,*,F,걷으실게,Inflect,VV,EF,걷/VV/*+시/EP/*+ㄹ게/EF/*
걷으시자,0,0,-500,VV+EP+EF,*,F,걷으시자,Inflect,VV,EF,걷/VV/*+시/EP/*+자/EF/*
걷으시세요,0,0,-500,VV+EP+EF,*,F,걷으시세요,Inflect,VV,EF,걷/VV/*+시/EP/*+세요/EF/*
걷겠다,0,0,-500,VV+EP+EF,*,F,걷겠다,Inflect,VV,EF,걷/VV/*+겠/EP/*+다/EF/*
걷겠어요,0,0,-500,VV+EP+EF,*,F,걷겠어요,Inflect,VV,EF,걷/VV/*+겠/EP/*+요/EF/*
걷겠ㅂ니다,0,0,-500,VV+EP+EF,*,F,걷겠ㅂ니다,Inflect,VV,EF,걷/VV/*+겠/EP/*+ㅂ니다/EF/*
걷겠으습니다,0,0,-500,VV+EP+EF,*,F,걷겠으습니다,Inflect,VV,EF,걷/VV/*+겠/EP/*+습니다/EF/*
걷겠ㄹ까,0,0,-500,VV+EP+EF,*,F,걷겠ㄹ까,Inflect,VV,EF,걷/VV/*+겠/EP/*+ㄹ까/EF/*
걷겠ㄹ까요,0,0,-500,VV+EP+EF,*,F,걷겠ㄹ까요,Inflect,VV,EF,걷/VV/*+겠/EP/*+ㄹ까요/EF/*
걷겠ㄹ게요,0,0,-500,VV+EP+EF,*,F,걷겠ㄹ게요,Inflect,VV,EF,걷/VV/*+겠/EP/*+ㄹ게요/EF/*
걷겠ㄹ게,0,0,-500,VV+EP+EF,*,F,걷겠ㄹ게,Inflect,VV,EF,걷/VV/*+겠/EP/*+ㄹ게/EF/*
걷겠자,0,0,-500,VV+EP+EF,*,F,걷겠자,Inflect,VV,EF,걷/VV/*+겠/EP/*+자/EF/*
걷겠으세요,0,0,-500,VV+EP+EF,*,F,걷겠으세요,Inflect,VV,EF,걷/VV/*+겠/EP/*+세요/EF/*
싣는,0,0,-500,VV+ETM,*,T,싣는,Inflect,VV,ETM,싣/VV/*+는/ETM/*
싣ㄴ,0,0,-500,VV+ETM,*,F,싣ㄴ,Inflect,VV,ETM,싣/VV/*+ㄴ/ETM/*
싣으은,0,0,-500,VV+ETM,*,T,싣으은,Inflect,VV,ETM,싣/VV/*+은/ETM/*
싣ㄹ,0,0,-500,VV+ETM,*,F,싣ㄹ,Inflect,VV,ETM,싣/VV/*+ㄹ/ETM/*
싣으을,0,0,-500,VV+ETM,*,T,싣으을,Inflect,VV,ETM,싣/VV/*+을/ETM/*
싣고,0,0,-500,VV+EC,*,F,싣고,Inflect,VV,EC,싣/VV/*+고/EC/*
실어서,0,0,-500,VV+EC,*,F,실어서,Inflect,VV,EC,싣/VV/*+서/EC/*
싣으니까,0,0,-500,VV+EC,*,F,싣으니까,Inflect,VV,EC,싣/VV/*+니까/EC/*
싣으니,0,0,-500,VV+EC,*,F,싣으니,Inflect,VV,EC,싣/VV/*+니/EC/*
싣으면,0,0,-500,VV+EC,*,T,싣으면,Inflect,VV,EC,싣/VV/*+면/EC/*
싣지만,0,0,-500,VV+EC,*,T,싣지만,Inflect,VV,EC,싣/VV/*+지만/EC/*
싣는데,0,0,-500,VV+EC,*,F,싣는데,Inflect,VV,EC,싣/VV/*+는데/EC/*
싣ㄴ데,0,0,-500,VV+EC,*,F,싣ㄴ데,Inflect,VV,EC,싣/VV/*+ㄴ데/EC/*
싣으은데,0,0,-500,VV+EC,*,F,싣으은데,Inflect,VV,EC,싣/VV/*+은데/EC/*
싣으면서,0,0,-500,VV+EC,*,F,싣으면서,Inflect,VV,EC,싣/VV/*+면서/EC/*
싣으며,0,0,-500,VV+EC,*,F,싣으며,Inflect,VV,EC,싣/VV/*+며/EC/*
싣으러,0,0,-500,VV+EC,*,F,싣으러,Inflect,VV,EC,싣/VV/*+러/EC/*
싣으려고,0,0,-500,VV+EC,*,F,싣으려고,Inflect,VV,EC,싣/VV/*+려고/EC/*
싣으려,0,0,-500,VV+EC,*,F,싣으려,Inflect,VV,EC,싣/VV/*+려/EC/*
실어도,0,0,-500,VV+EC,*,F,실어도,Inflect,VV,EC,싣/VV/*+도/EC/*
싣다가,0,0,-500,VV+EC,*,F,싣다가,Inflect,VV,EC,싣/VV/*+다가/EC/*
싣자,0,0,-500,VV+EC,*,F,싣자,Inflect,VV,EC,싣/VV/*+자/EC/*
싣자마자,0,0,-500,VV+EC,*,F,싣자마자,Inflect,VV,EC,싣/VV/*+자마자/EC/*
싣고서,0,0,-500,VV+EC,*,F,싣고서,Inflect,VV,EC,싣/VV/*+고서/EC/*
싣고나서,0,0,-500,VV+EC,*,F,싣고나서,Inflect,VV,EC,싣/VV/*+고나서/EC/*
싣도록,0,0,-500,VV+EC,*,T,싣도록,Inflect,VV,EC,싣/VV/*+도록/EC/*
싣게,0,0,-500,VV+EC,*,F,싣게,Inflect,VV,EC,싣/VV/*+게/EC/*
싣더라도,0,0,-500,VV+EC,*,F,싣더라도,Inflect,VV,EC,싣/VV/*+더라도/EC/*
싣ㄹ지라도,0,0,-500,VV+EC,*,F,싣ㄹ지라도,Inflect,VV,EC,싣/VV/*+ㄹ지라도/EC/*
싣으을지라도,0,0,-500,VV+EC,*,F,싣으을지라도,Inflect,VV,EC,싣/VV/*+을지라도/EC/*
싣ㄹ수록,0,0,-500,VV+EC,*,T,싣ㄹ수록,Inflect,VV,EC,싣/VV/*+ㄹ수록/EC/*
싣으을수록,0,0,-500,VV+EC,*,T,싣으을수록,Inflect,VV,EC,싣/VV/*+을수록/EC/*
싣다고,0,0,-500,VV+EC,*,F,싣다고,Inflect,VV,EC,싣/VV/*+다고/EC/*
싣라고,0,0,-500,VV+EC,*,F,싣라고,Inflect,VV,EC,싣/VV/*+라고/EC/*
싣냐고,0,0,-500,VV+EC,*,F,싣냐고,Inflect,VV,EC,싣/VV/*+냐고/EC/*
싣지,0,0,-500,VV+EC,*,F,싣지,Inflect,VV,EC,싣/VV/*+지/EC/*
싣거나,0,0,-500,VV+EC,*,F,싣거나,Inflect,VV,EC,싣/VV/*+거나/EC/*
싣든지,0,0,-500,VV+EC,*,F,싣든지,Inflect,VV,EC,싣/VV/*+든지/EC/*
싣듯이,0,0,-500,VV+EC,*,F,싣듯이,Inflect,VV,EC,싣/VV/*+듯이/EC/*
싣듯,0,0,-500,VV+EC,*,T,싣듯,Inflect,VV,EC,싣/VV/*+듯/EC/*
싣다,0,0,-500,VV+EF,*,F,싣다,Inflect,VV,EF,싣/VV/*+다/EF/*
실어요,0,0,-500,VV+EF,*,F,실어요,Inflect,VV,EF,싣/VV/*+요/EF/*
싣ㅂ니다,0,0,-500,VV+EF,*,F,싣ㅂ니다,Inflect,VV,EF,싣/VV/*+ㅂ니다/EF/*
싣으습니다,0,0,-500,VV+EF,*,F,싣으습니다,Inflect,VV,EF,싣/VV/*+습니다/EF/*
싣ㄹ까,0,0,-500,VV+EF,*,F,싣ㄹ까,Inflect,VV,EF,싣/VV/*+ㄹ까/EF/*
싣ㄹ까요,0,0,-500,VV+EF,*,F,싣ㄹ까요,Inflect,VV,EF,싣/VV/*+ㄹ까요/EF/*
싣ㄹ게요,0,0,-500,VV+EF,*,F,싣ㄹ게요,Inflect,VV,EF,싣/VV/*+ㄹ게요/EF/*
싣ㄹ게,0,0,-500,VV+EF,*,F,싣ㄹ게,Inflect,VV,EF,싣/VV/*+ㄹ게/EF/*
싣자,0,0,-500,VV+EF,*,F,싣자,Inflect,VV,EF,싣/VV/*+자/EF/*
싣으세요,0,0,-500,VV+EF,*,F,싣으세요,Inflect,VV,EF,싣/VV/*+세요/EF/*
실었다,0,0,-500,VV+EP+EF,*,F,실었다,Inflect,VV,EF,싣/VV/*+았/EP/*+다/EF/*
실었어요,0,0,-500,VV+EP+EF,*,F,실었어요,Inflect,VV,EF,싣/VV/*+았/EP/*+요/EF/*
실었ㅂ니다,0,0,-500,VV+EP+EF,*,F,실었ㅂ니다,Inflect,VV,EF,싣/VV/*+았/EP/*+ㅂ니다/EF/*
실었으습니다,0,0,-500,VV+EP+EF,*,F,실었으습니다,Inflect,VV,EF,싣/VV/*+았/EP/*+습니다/EF/*
실었ㄹ까,0,0,-500,VV+EP+EF,*,F,실었ㄹ까,Inflect,VV,EF,싣/VV/*+았/EP/*+ㄹ까/EF/*
실었ㄹ까요,0,0,-500,VV+EP+EF,*,F,실었ㄹ까요,Inflect,VV,EF,싣/VV/*+았/EP/*+ㄹ까요/EF/*
실었ㄹ게요,0,0,-500,VV+EP+EF,*,F,실었ㄹ게요,Inflect,VV,EF,싣/VV/*+았/EP/*+ㄹ게요/EF/*
실었ㄹ게,0,0,-500,VV+EP+EF,*,F,실었ㄹ게,Inflect,VV,EF,싣/VV/*+았/EP/*+ㄹ게/EF/*
실었자,0,0,-500,VV+EP+EF,*,F,실었자,Inflect,VV,EF,싣/VV/*+았/EP/*+자/EF/*
실었으세요,0,0,-500,VV+EP+EF,*,F,실었으세요,Inflect,VV,EF,싣/VV/*+았/EP/*+세요/EF/*
실었다,0,0,-500,VV+EP+EF,*,F,실었다,Inflect,VV,EF,싣/VV/*+었/EP/*+다/EF/*
실었어요,0,0,-500,VV+EP+EF,*,F,실었어요,Inflect,VV,EF,싣/VV/*+었/EP/*+요/EF/*
실었ㅂ니다,0,0,-500,VV+EP+EF,*,F,실었ㅂ니다,Inflect,VV,EF,싣/VV/*+었/EP/*+ㅂ니다/EF/*
실었으습니다,0,0,-500,VV+EP+EF,*,F,실었으습니다,Inflect,VV,EF,싣/VV/*+었/EP/*+습니다/EF/*
실었ㄹ까,0,0,-500,VV+EP+EF,*,F,실었ㄹ까,Inflect,VV,EF,싣/VV/*+었/EP/*+ㄹ까/EF/*
실었ㄹ까요,0,0,-500,VV+EP+EF,*,F,실었ㄹ까요,Inflect,VV,EF,싣/VV/*+었/EP/*+ㄹ까요/EF/*
실었ㄹ게요,0,0,-500,VV+EP+EF,*,F,실었ㄹ게요,Inflect,VV,EF,싣/VV/*+었/EP/*+ㄹ게요/EF/*
실었ㄹ게,0,0,-500,VV+EP+EF,*,F,실었ㄹ게,Inflect,VV,EF,싣/VV/*+었/EP/*+ㄹ게/EF/*
실었자,0,0,-500,VV+EP+EF,*,F,실었자,Inflect,VV,EF,싣/VV/*+었/EP/*+자/EF/*
실었으세요,0,0,-500,VV+EP+EF,*,F,실었으세요,Inflect,VV,EF,싣/VV/*+었/EP/*+세요/EF/*
싣으시다,0,0,-500,VV+EP+EF,*,F,싣으시다,Inflect,VV,EF,싣/VV/*+시/EP/*+다/EF/*
싣으셔요,0,0,-500,VV+EP+EF,*,F,싣으셔요,Inflect,VV,EF,싣/VV/*+시/EP/*+요/EF/*
싣으십니다,0,0,-500,VV+EP+EF,*,F,싣으십니다,Inflect,VV,EF,싣/VV/*+시/EP/*+ㅂ니다/EF/*
싣으시습니다,0,0,-500,VV+EP+EF,*,F,싣으시습니다,Inflect,VV,EF,싣/VV/*+시/EP/*+습니다/EF/*
싣으실까,0,0,-500,VV+EP+EF,*,F,싣으실까,Inflect,VV,EF,싣/VV/*+시/EP/*+ㄹ까/EF/*
싣으실까요,0,0,-500,VV+EP+EF,*,F,싣으실까요,Inflect,VV,EF,싣/VV/*+시/EP/*+ㄹ까요/EF/*
싣으실게요,0,0,-500,VV+EP+EF,*,F,싣으실게요,Inflect,VV,EF,싣/VV/*+시/EP/*+ㄹ게요/EF/*
싣으실게,0,0,-500,VV+EP+EF,*,F,싣으실게,Inflect,VV,EF,싣/VV/*+시/EP/*+ㄹ게/EF/*
싣으시자,0,0,-500,VV+EP+EF,*,F,싣으시자,Inflect,VV,EF,싣/VV/*+시/EP/*+자/EF/*
싣으시세요,0,0,-500,VV+EP+EF,*,F,싣으시세요,Inflect,VV,EF,싣/VV/*+시/EP/*+세요/EF/*
싣겠다,0,0,-500,VV+EP+EF,*,F,싣겠다,Inflect,VV,EF,싣/VV/*+겠/EP/*+다/EF/*
싣겠어요,0,0,-500,VV+EP+EF,*,F,싣겠어요,Inflect,VV,EF,싣/VV/*+겠/EP/*+요/EF/*
싣겠ㅂ니다,0,0,-500,VV+EP+EF,*,F,싣겠ㅂ니다,Inflect,VV,EF,싣/VV/*+겠/EP/*+ㅂ니다/EF/*
싣겠으습니다,0,0,-500,VV+EP+EF,*,F,싣겠으습니다,Inflect,VV,EF,싣/VV/*+겠/EP/*+습니다/EF/*
싣겠ㄹ까,0,0,-500,VV+EP+EF,*,F,싣겠ㄹ까,Inflect,VV,EF,싣/VV/*+겠/EP/*+ㄹ까/EF/*
싣겠ㄹ까요,0,0,-500,VV+EP+EF,*,F,싣겠ㄹ까요,Inflect,VV,EF,싣/VV/*+겠/EP/*+ㄹ까요/EF/*
싣겠ㄹ게요,0,0,-500,VV+EP+EF,*,F,싣겠ㄹ게요,Inflect,VV,EF,싣/VV/*+겠/EP/*+ㄹ게요/EF/*
싣겠ㄹ게,0,0,-500,VV+EP+EF,*,F,싣겠ㄹ게,Inflect,VV,EF,싣/VV/*+겠/EP/*+ㄹ게/EF/*
싣겠자,0,0,-500,VV+EP+EF,*,F,싣겠자,Inflect,VV,EF,싣/VV/*+겠/EP/*+자/EF/*
싣겠으세요,0,0,-500,VV+EP+EF,*,F,싣겠으세요,Inflect,VV,EF,싣/VV/*+겠/EP/*+세요/EF/*
묻는,0,0,-500,VV+ETM,*,T,묻는,Inflect,VV,ETM,묻/VV/*+는/ETM/*
묻ㄴ,0,0,-500,VV+ETM,*,F,묻ㄴ,Inflect,VV,ETM,묻/VV/*+ㄴ/ETM/*
묻으은,0,0,-500,VV+ETM,*,T,묻으은,Inflect,VV,ETM,묻/VV/*+은/ETM/*
묻ㄹ,0,0,-500,VV+ETM,*,F,묻ㄹ,Inflect,VV,ETM,묻/VV/*+ㄹ/ETM/*
묻으을,0,0,-500,VV+ETM,*,T,묻으을,Inflect,VV,ETM,묻/VV/*+을/ETM/*
묻고,0,0,-500,VV+EC,*,F,묻고,Inflect,VV,EC,묻/VV/*+고/EC/*
물어서,0,0,-500,VV+EC,*,F,물어서,Inflect,VV,EC,묻/VV/*+서/EC/*
묻으니까,0,0,-500,VV+EC,*,F,묻으니까,Inflect,VV,EC,묻/VV/*+니까/EC/*
묻으니,0,0,-500,VV+EC,*,F,묻으니,Inflect,VV,EC,묻/VV/*+니/EC/*
묻으면,0,0,-500,VV+EC,*,T,묻으면,Inflect,VV,EC,묻/VV/*+면/EC/*
묻지만,0,0,-500,VV+EC,*,T,묻지만,Inflect,VV,EC,묻/VV/*+지만/EC/*
묻는데,0,0,-500,VV+EC,*,F,묻는데,Inflect,VV,EC,묻/VV/*+는데/EC/*
묻ㄴ데,0,0,-500,VV+EC,*,F,묻ㄴ데,Inflect,VV,EC,묻/VV/*+ㄴ데/EC/*
묻으은데,0,0,-500,VV+EC,*,F,묻으은데,Inflect,VV,EC,묻/VV/*+은데/EC/*
묻으면서,0,0,-500,VV+EC,*,F,묻으면서,Inflect,VV,EC,묻/VV/*+면서/EC/*
묻으며,0,0,-500,VV+EC,*,F,묻으며,Inflect,VV,EC,묻/VV/*+며/EC/*
묻으러,0,0,-500,VV+EC,*,F,묻으러,Inflect,VV,EC,묻/VV/*+러/EC/*
묻으려고,0,0,-500,VV+EC,*,F,묻으려고,Inflect,VV,EC,묻/VV/*+려고/EC/*
묻으려,0,0,-500,VV+EC,*,F,묻으려,Inflect,VV,EC,묻/VV/*+려/EC/*
물어도,0,0,-500,VV+EC,*,F,물어도,Inflect,VV,EC,묻/VV/*+도/EC/*
묻다가,0,0,-500,VV+EC,*,F,묻다가,Inflect,VV,EC,묻/VV/*+다가/EC/*
묻자,0,0,-500,VV+EC,*,F,묻자,Inflect,VV,EC,묻/VV/*+자/EC/*
묻자마자,0,0,-500,VV+EC,*,F,묻자마자,Inflect,VV,EC,묻/VV/*+자마자/EC/*
묻고서,0,0,-500,VV+EC,*,F,묻고서,Inflect,VV,EC,묻/VV/*+고서/EC/*
묻고나서,0,0,-500,VV+EC,*,F,묻고나서,Inflect,VV,EC,묻/VV/*+고나서/EC/*
묻도록,0,0,-500,VV+EC,*,T,묻도록,Inflect,VV,EC,묻/VV/*+도록/EC/*
묻게,0,0,-500,VV+EC,*,F,묻게,Inflect,VV,EC,묻/VV/*+게/EC/*
묻더라도,0,0,-500,VV+EC,*,F,묻더라도,Inflect,VV,EC,묻/VV/*+더라도/EC/*
묻ㄹ지라도,0,0,-500,VV+EC,*,F,묻ㄹ지라도,Inflect,VV,EC,묻/VV/*+ㄹ지라도/EC/*
묻으을지라도,0,0,-500,VV+EC,*,F,묻으을지라도,Inflect,VV,EC,묻/VV/*+을지라도/EC/*
묻ㄹ수록,0,0,-500,VV+EC,*,T,묻ㄹ수록,Inflect,VV,EC,묻/VV/*+ㄹ수록/EC/*
묻으을수록,0,0,-500,VV+EC,*,T,묻으을수록,Inflect,VV,EC,묻/VV/*+을수록/EC/*
묻다고,0,0,-500,VV+EC,*,F,묻다고,Inflect,VV,EC,묻/VV/*+다고/EC/*
묻라고,0,0,-500,VV+EC,*,F,묻라고,Inflect,VV,EC,묻/VV/*+라고/EC/*
묻냐고,0,0,-500,VV+EC,*,F,묻냐고,Inflect,VV,EC,묻/VV/*+냐고/EC/*
묻지,0,0,-500,VV+EC,*,F,묻지,Inflect,VV,EC,묻/VV/*+지/EC/*
묻거나,0,0,-500,VV+EC,*,F,묻거나,Inflect,VV,EC,묻/VV/*+거나/EC/*
묻든지,0,0,-500,VV+EC,*,F,묻든지,Inflect,VV,EC,묻/VV/*+든지/EC/*
묻듯이,0,0,-500,VV+EC,*,F,묻듯이,Inflect,VV,EC,묻/VV/*+듯이/EC/*
묻듯,0,0,-500,VV+EC,*,T,묻듯,Inflect,VV,EC,묻/VV/*+듯/EC/*
묻다,0,0,-500,VV+EF,*,F,묻다,Inflect,VV,EF,묻/VV/*+다/EF/*
물어요,0,0,-500,VV+EF,*,F,물어요,Inflect,VV,EF,묻/VV/*+요/EF/*
묻ㅂ니다,0,0,-500,VV+EF,*,F,묻ㅂ니다,Inflect,VV,EF,묻/VV/*+ㅂ니다/EF/*
묻으습니다,0,0,-500,VV+EF,*,F,묻으습니다,Inflect,VV,EF,묻/VV/*+습니다/EF/*
묻ㄹ까,0,0,-500,VV+EF,*,F,묻ㄹ까,Inflect,VV,EF,묻/VV/*+ㄹ까/EF/*
묻ㄹ까요,0,0,-500,VV+EF,*,F,묻ㄹ까요,Inflect,VV,EF,묻/VV/*+ㄹ까요/EF/*
묻ㄹ게요,0,0,-500,VV+EF,*,F,묻ㄹ게요,Inflect,VV,EF,묻/VV/*+ㄹ게요/EF/*
묻ㄹ게,0,0,-500,VV+EF,*,F,묻ㄹ게,Inflect,VV,EF,묻/VV/*+ㄹ게/EF/*
묻자,0,0,-500,VV+EF,*,F,묻자,Inflect,VV,EF,묻/VV/*+자/EF/*
묻으세요,0,0,-500,VV+EF,*,F,묻으세요,Inflect,VV,EF,묻/VV/*+세요/EF/*
물었다,0,0,-500,VV+EP+EF,*,F,물었다,Inflect,VV,EF,묻/VV/*+았/EP/*+다/EF/*
물었어요,0,0,-500,VV+EP+EF,*,F,물었어요,Inflect,VV,EF,묻/VV/*+았/EP/*+요/EF/*
물었ㅂ니다,0,0,-500,VV+EP+EF,*,F,물었ㅂ니다,Inflect,VV,EF,묻/VV/*+았/EP/*+ㅂ니다/EF/*
물었으습니다,0,0,-500,VV+EP+EF,*,F,물었으습니다,Inflect,VV,EF,묻/VV/*+았/EP/*+습니다/EF/*
물었ㄹ까,0,0,-500,VV+EP+EF,*,F,물었ㄹ까,Inflect,VV,EF,묻/VV/*+았/EP/*+ㄹ까/EF/*
물었ㄹ까요,0,0,-500,VV+EP+EF,*,F,물었ㄹ까요,Inflect,VV,EF,묻/VV/*+았/EP/*+ㄹ까요/EF/*
물었ㄹ게요,0,0,-500,VV+EP+EF,*,F,물었ㄹ게요,Inflect,VV,EF,묻/VV/*+았/EP/*+ㄹ게요/EF/*
물었ㄹ게,0,0,-500,VV+EP+EF,*,F,물었ㄹ게,Inflect,VV,EF,묻/VV/*+았/EP/*+ㄹ게/EF/*
물었자,0,0,-500,VV+EP+EF,*,F,물었자,Inflect,VV,EF,묻/VV/*+았/EP/*+자/EF/*
물었으세요,0,0,-500,VV+EP+EF,*,F,물었으세요,Inflect,VV,EF,묻/VV/*+았/EP/*+세요/EF/*
물었다,0,0,-500,VV+EP+EF,*,F,물었다,Inflect,VV,EF,묻/VV/*+었/EP/*+다/EF/*
물었어요,0,0,-500,VV+EP+EF,*,F,물었어요,Inflect,VV,EF,묻/VV/*+었/EP/*+요/EF/*
물었ㅂ니다,0,0,-500,VV+EP+EF,*,F,물었ㅂ니다,Inflect,VV,EF,묻/VV/*+었/EP/*+ㅂ니다/EF/*
물었으습니다,0,0,-500,VV+EP+EF,*,F,물었으습니다,Inflect,VV,EF,묻/VV/*+었/EP/*+습니다/EF/*
물었ㄹ까,0,0,-500,VV+EP+EF,*,F,물었ㄹ까,Inflect,VV,EF,묻/VV/*+었/EP/*+ㄹ까/EF/*
물었ㄹ까요,0,0,-500,VV+EP+EF,*,F,물었ㄹ까요,Inflect,VV,EF,묻/VV/*+었/EP/*+ㄹ까요/EF/*
물었ㄹ게요,0,0,-500,VV+EP+EF,*,F,물었ㄹ게요,Inflect,VV,EF,묻/VV/*+었/EP/*+ㄹ게요/EF/*
물었ㄹ게,0,0,-500,VV+EP+EF,*,F,물었ㄹ게,Inflect,VV,EF,묻/VV/*+었/EP/*+ㄹ게/EF/*
물었자,0,0,-500,VV+EP+EF,*,F,물었자,Inflect,VV,EF,묻/VV/*+었/EP/*+자/EF/*
물었으세요,0,0,-500,VV+EP+EF,*,F,물었으세요,Inflect,VV,EF,묻/VV/*+었/EP/*+세요/EF/*
묻으시다,0,0,-500,VV+EP+EF,*,F,묻으시다,Inflect,VV,EF,묻/VV/*+시/EP/*+다/EF/*
묻으셔요,0,0,-500,VV+EP+EF,*,F,묻으셔요,Inflect,VV,EF,묻/VV/*+시/EP/*+요/EF/*
묻으십니다,0,0,-500,VV+EP+EF,*,F,묻으십니다,Inflect,VV,EF,묻/VV/*+시/EP/*+ㅂ니다/EF/*
묻으시습니다,0,0,-500,VV+EP+EF,*,F,묻으시습니다,Inflect,VV,EF,묻/VV/*+시/EP/*+습니다/EF/*
묻으실까,0,0,-500,VV+EP+EF,*,F,묻으실까,Inflect,VV,EF,묻/VV/*+시/EP/*+ㄹ까/EF/*
묻으실까요,0,0,-500,VV+EP+EF,*,F,묻으실까요,Inflect,VV,EF,묻/VV/*+시/EP/*+ㄹ까요/EF/*
묻으실게요,0,0,-500,VV+EP+EF,*,F,묻으실게요,Inflect,VV,EF,묻/VV/*+시/EP/*+ㄹ게요/EF/*
묻으실게,0,0,-500,VV+EP+EF,*,F,묻으실게,Inflect,VV,EF,묻/VV/*+시/EP/*+ㄹ게/EF/*
묻으시자,0,0,-500,VV+EP+EF,*,F,묻으시자,Inflect,VV,EF,묻/VV/*+시/EP/*+자/EF/*
묻으시세요,0,0,-500,VV+EP+EF,*,F,묻으시세요,Inflect,VV,EF,묻/VV/*+시/EP/*+세요/EF/*
묻겠다,0,0,-500,VV+EP+EF,*,F,묻겠다,Inflect,VV,EF,묻/VV/*+겠/EP/*+다/EF/*
묻겠어요,0,0,-500,VV+EP+EF,*,F,묻겠어요,Inflect,VV,EF,묻/VV/*+겠/EP/*+요/EF/*
묻겠ㅂ니다,0,0,-500,VV+EP+EF,*,F,묻겠ㅂ니다,Inflect,VV,EF,묻/VV/*+겠/EP/*+ㅂ니다/EF/*
묻겠으습니다,0,0,-500,VV+EP+EF,*,F,묻겠으습니다,Inflect,VV,EF,묻/VV/*+겠/EP/*+습니다/EF/*
묻겠ㄹ까,0,0,-500,VV+EP+EF,*,F,묻겠ㄹ까,Inflect,VV,EF,묻/VV/*+겠/EP/*+ㄹ까/EF/*
묻겠ㄹ까요,0,0,-500,VV+EP+EF,*,F,묻겠ㄹ까요,Inflect,VV,EF,묻/VV/*+겠/EP/*+ㄹ까요/EF/*
묻겠ㄹ게요,0,0,-500,VV+EP+EF,*,F,묻겠ㄹ게요,Inflect,VV,EF,묻/VV/*+겠/EP/*+ㄹ게요/EF/*
묻겠ㄹ게,0,0,-500,VV+EP+EF,*,F,묻겠ㄹ게,Inflect,VV,EF,묻/VV/*+겠/EP/*+ㄹ게/EF/*
묻겠자,0,0,-500,VV+EP+EF,*,F,묻겠자,Inflect,VV,EF,묻/VV/*+겠/EP/*+자/EF/*
묻겠으세요,0,0,-500,VV+EP+EF,*,F,묻겠으세요,Inflect,VV,EF,묻/VV/*+겠/EP/*+세요/EF/*
돕는,0,0,-500,VV+ETM,*,T,돕는,Inflect,VV,ETM,돕/VV/*+는/ETM/*
돕ㄴ,0,0,-500,VV+ETM,*,F,돕ㄴ,Inflect,VV,ETM,돕/VV/*+ㄴ/ETM/*
돕으은,0,0,-500,VV+ETM,*,T,돕으은,Inflect,VV,ETM,돕/VV/*+은/ETM/*
돕ㄹ,0,0,-500,VV+ETM,*,F,돕ㄹ,Inflect,VV,ETM,돕/VV/*+ㄹ/ETM/*
돕으을,0,0,-500,VV+ETM,*,T,돕으을,Inflect,VV,ETM,돕/VV/*+을/ETM/*
돕고,0,0,-500,VV+EC,*,F,돕고,Inflect,VV,EC,돕/VV/*+고/EC/*
도워,0,0,-500,VV+EC,*,F,도워,Inflect,VV,EC,돕/VV/*+서/EC/*
돕으니까,0,0,-500,VV+EC,*,F,돕으니까,Inflect,VV,EC,돕/VV/*+니까/EC/*
돕으니,0,0,-500,VV+EC,*,F,돕으니,Inflect,VV,EC,돕/VV/*+니/EC/*
돕으면,0,0,-500,VV+EC,*,T,돕으면,Inflect,VV,EC,돕/VV/*+면/EC/*
돕지만,0,0,-500,VV+EC,*,T,돕지만,Inflect,VV,EC,돕/VV/*+지만/EC/*
돕는데,0,0,-500,VV+EC,*,F,돕는데,Inflect,VV,EC,돕/VV/*+는데/EC/*
돕ㄴ데,0,0,-500,VV+EC,*,F,돕ㄴ데,Inflect,VV,EC,돕/VV/*+ㄴ데/EC/*
돕으은데,0,0,-500,VV+EC,*,F,돕으은데,Inflect,VV,EC,돕/VV/*+은데/EC/*
돕으면서,0,0,-500,VV+EC,*,F,돕으면서,Inflect,VV,EC,돕/VV/*+면서/EC/*
돕으며,0,0,-500,VV+EC,*,F,돕으며,Inflect,VV,EC,돕/VV/*+며/EC/*
돕으러,0,0,-500,VV+EC,*,F,돕으러,Inflect,VV,EC,돕/VV/*+러/EC/*
돕으려고,0,0,-500,VV+EC,*,F,돕으려고,Inflect,VV,EC,돕/VV/*+려고/EC/*
돕으려,0,0,-500,VV+EC,*,F,돕으려,Inflect,VV,EC,돕/VV/*+려/EC/*
도워,0,0,-500,VV+EC,*,F,도워,Inflect,VV,EC,돕/VV/*+도/EC/*
돕다가,0,0,-500,VV+EC,*,F,돕다가,Inflect,VV,EC,돕/VV/*+다가/EC/*
돕자,0,0,-500,VV+EC,*,F,돕자,Inflect,VV,EC,돕/VV/*+자/EC/*
돕자마자,0,0,-500,VV+EC,*,F,돕자마자,Inflect,VV,EC,돕/VV/*+자마자/EC/*
돕고서,0,0,-500,VV+EC,*,F,돕고서,Inflect,VV,EC,돕/VV/*+고서/EC/*
돕고나서,0,0,-500,VV+EC,*,F,돕고나서,Inflect,VV,EC,돕/VV/*+고나서/EC/*
돕도록,0,0,-500,VV+EC,*,T,돕도록,Inflect,VV,EC,돕/VV/*+도록/EC/*
돕게,0,0,-500,VV+EC,*,F,돕게,Inflect,VV,EC,돕/VV/*+게/EC/*
돕더라도,0,0,-500,VV+EC,*,F,돕더라도,Inflect,VV,EC,돕/VV/*+더라도/EC/*
돕ㄹ지라도,0,0,-500,VV+EC,*,F,돕ㄹ지라도,Inflect,VV,EC,돕/VV/*+ㄹ지라도/EC/*
돕으을지라도,0,0,-500,VV+EC,*,F,돕으을지라도,Inflect,VV,EC,돕/VV/*+을지라도/EC/*
돕ㄹ수록,0,0,-500,VV+EC,*,T,돕ㄹ수록,Inflect,VV,EC,돕/VV/*+ㄹ수록/EC/*
돕으을수록,0,0,-500,VV+EC,*,T,돕으을수록,Inflect,VV,EC,돕/VV/*+을수록/EC/*
돕다고,0,0,-500,VV+EC,*,F,돕다고,Inflect,VV,EC,돕/VV/*+다고/EC/*
돕라고,0,0,-500,VV+EC,*,F,돕라고,Inflect,VV,EC,돕/VV/*+라고/EC/*
돕냐고,0,0,-500,VV+EC,*,F,돕냐고,Inflect,VV,EC,돕/VV/*+냐고/EC/*
돕지,0,0,-500,VV+EC,*,F,돕지,Inflect,VV,EC,돕/VV/*+지/EC/*
돕거나,0,0,-500,VV+EC,*,F,돕거나,Inflect,VV,EC,돕/VV/*+거나/EC/*
돕든지,0,0,-500,VV+EC,*,F,돕든지,Inflect,VV,EC,돕/VV/*+든지/EC/*
돕듯이,0,0,-500,VV+EC,*,F,돕듯이,Inflect,VV,EC,돕/VV/*+듯이/EC/*
돕듯,0,0,-500,VV+EC,*,T,돕듯,Inflect,VV,EC,돕/VV/*+듯/EC/*
돕다,0,0,-500,VV+EF,*,F,돕다,Inflect,VV,EF,돕/VV/*+다/EF/*
도워,0,0,-500,VV+EF,*,F,도워,Inflect,VV,EF,돕/VV/*+요/EF/*
돕ㅂ니다,0,0,-500,VV+EF,*,F,돕ㅂ니다,Inflect,VV,EF,돕/VV/*+ㅂ니다/EF/*
돕으습니다,0,0,-500,VV+EF,*,F,돕으습니다,Inflect,VV,EF,돕/VV/*+습니다/EF/*
돕ㄹ까,0,0,-500,VV+EF,*,F,돕ㄹ까,Inflect,VV,EF,돕/VV/*+ㄹ까/EF/*
돕ㄹ까요,0,0,-500,VV+EF,*,F,돕ㄹ까요,Inflect,VV,EF,돕/VV/*+ㄹ까요/EF/*
돕ㄹ게요,0,0,-500,VV+EF,*,F,돕ㄹ게요,Inflect,VV,EF,돕/VV/*+ㄹ게요/EF/*
돕ㄹ게,0,0,-500,VV+EF,*,F,돕ㄹ게,Inflect,VV,EF,돕/VV/*+ㄹ게/EF/*
돕자,0,0,-500,VV+EF,*,F,돕자,Inflect,VV,EF,돕/VV/*+자/EF/*
돕으세요,0,0,-500,VV+EF,*,F,돕으세요,Inflect,VV,EF,돕/VV/*+세요/EF/*
도워다,0,0,-500,VV+EP+EF,*,F,도워다,Inflect,VV,EF,돕/VV/*+았/EP/*+다/EF/*
도워어요,0,0,-500,VV+EP+EF,*,F,도워어요,Inflect,VV,EF,돕/VV/*+았/EP/*+요/EF/*
도웝니다,0,0,-500,VV+EP+EF,*,F,도웝니다,Inflect,VV,EF,돕/VV/*+았/EP/*+ㅂ니다/EF/*
도워습니다,0,0,-500,VV+EP+EF,*,F,도워습니다,Inflect,VV,EF,돕/VV/*+았/EP/*+습니다/EF/*
도월까,0,0,-500,VV+EP+EF,*,F,도월까,Inflect,VV,EF,돕/VV/*+았/EP/*+ㄹ까/EF/*
도월까요,0,0,-500,VV+EP+EF,*,F,도월까요,Inflect,VV,EF,돕/VV/*+았/EP/*+ㄹ까요/EF/*
도월게요,0,0,-500,VV+EP+EF,*,F,도월게요,Inflect,VV,EF,돕/VV/*+았/EP/*+ㄹ게요/EF/*
도월게,0,0,-500,VV+EP+EF,*,F,도월게,Inflect,VV,EF,돕/VV/*+았/EP/*+ㄹ게/EF/*
도워자,0,0,-500,VV+EP+EF,*,F,도워자,Inflect,VV,EF,돕/VV/*+았/EP/*+자/EF/*
도워세요,0,0,-500,VV+EP+EF,*,F,도워세요,Inflect,VV,EF,돕/VV/*+았/EP/*+세요/EF/*
도워다,0,0,-500,VV+EP+EF,*,F,도워다,Inflect,VV,EF,돕/VV/*+었/EP/*+다/EF/*
도워어요,0,0,-500,VV+EP+EF,*,F,도워어요,Inflect,VV,EF,돕/VV/*+었/EP/*+요/EF/*
도웝니다,0,0,-500,VV+EP+EF,*,F,도웝니다,Inflect,VV,EF,돕/VV/*+었/EP/*+ㅂ니다/EF/*
도워습니다,0,0,-500,VV+EP+EF,*,F,도워습니다,Inflect,VV,EF,돕/VV/*+었/EP/*+습니다/EF/*
도월까,0,0,-500,VV+EP+EF,*,F,도월까,Inflect,VV,EF,돕/VV/*+었/EP/*+ㄹ까/EF/*
도월까요,0,0,-500,VV+EP+EF,*,F,도월까요,Inflect,VV,EF,돕/VV/*+었/EP/*+ㄹ까요/EF/*
도월게요,0,0,-500,VV+EP+EF,*,F,도월게요,Inflect,VV,EF,돕/VV/*+었/EP/*+ㄹ게요/EF/*
도월게,0,0,-500,VV+EP+EF,*,F,도월게,Inflect,VV,EF,돕/VV/*+었/EP/*+ㄹ게/EF/*
도워자,0,0,-500,VV+EP+EF,*,F,도워자,Inflect,VV,EF,돕/VV/*+었/EP/*+자/EF/*
도워세요,0,0,-500,VV+EP+EF,*,F,도워세요,Inflect,VV,EF,돕/VV/*+었/EP/*+세요/EF/*
돕으시다,0,0,-500,VV+EP+EF,*,F,돕으시다,Inflect,VV,EF,돕/VV/*+시/EP/*+다/EF/*
돕으셔요,0,0,-500,VV+EP+EF,*,F,돕으셔요,Inflect,VV,EF,돕/VV/*+시/EP/*+요/EF/*
돕으십니다,0,0,-500,VV+EP+EF,*,F,돕으십니다,Inflect,VV,EF,돕/VV/*+시/EP/*+ㅂ니다/EF/*
돕으시습니다,0,0,-500,VV+EP+EF,*,F,돕으시습니다,Inflect,VV,EF,돕/VV/*+시/EP/*+습니다/EF/*
돕으실까,0,0,-500,VV+EP+EF,*,F,돕으실까,Inflect,VV,EF,돕/VV/*+시/EP/*+ㄹ까/EF/*
돕으실까요,0,0,-500,VV+EP+EF,*,F,돕으실까요,Inflect,VV,EF,돕/VV/*+시/EP/*+ㄹ까요/EF/*
돕으실게요,0,0,-500,VV+EP+EF,*,F,돕으실게요,Inflect,VV,EF,돕/VV/*+시/EP/*+ㄹ게요/EF/*
돕으실게,0,0,-500,VV+EP+EF,*,F,돕으실게,Inflect,VV,EF,돕/VV/*+시/EP/*+ㄹ게/EF/*
돕으시자,0,0,-500,VV+EP+EF,*,F,돕으시자,Inflect,VV,EF,돕/VV/*+시/EP/*+자/EF/*
돕으시세요,0,0,-500,VV+EP+EF,*,F,돕으시세요,Inflect,VV,EF,돕/VV/*+시/EP/*+세요/EF/*
돕겠다,0,0,-500,VV+EP+EF,*,F,돕겠다,Inflect,VV,EF,돕/VV/*+겠/EP/*+다/EF/*
돕겠어요,0,0,-500,VV+EP+EF,*,F,돕겠어요,Inflect,VV,EF,돕/VV/*+겠/EP/*+요/EF/*
돕겠ㅂ니다,0,0,-500,VV+EP+EF,*,F,돕겠ㅂ니다,Inflect,VV,EF,돕/VV/*+겠/EP/*+ㅂ니다/EF/*
돕겠으습니다,0,0,-500,VV+EP+EF,*,F,돕겠으습니다,Inflect,VV,EF,돕/VV/*+겠/EP/*+습니다/EF/*
돕겠ㄹ까,0,0,-500,VV+EP+EF,*,F,돕겠ㄹ까,Inflect,VV,EF,돕/VV/*+겠/EP/*+ㄹ까/EF/*
돕겠ㄹ까요,0,0,-500,VV+EP+EF,*,F,돕겠ㄹ까요,Inflect,VV,EF,돕/VV/*+겠/EP/*+ㄹ까요/EF/*
돕겠ㄹ게요,0,0,-500,VV+EP+EF,*,F,돕겠ㄹ게요,Inflect,VV,EF,돕/VV/*+겠/EP/*+ㄹ게요/EF/*
돕겠ㄹ게,0,0,-500,VV+EP+EF,*,F,돕겠ㄹ게,Inflect,VV,EF,돕/VV/*+겠/EP/*+ㄹ게/EF/*
돕겠자,0,0,-500,VV+EP+EF,*,F,돕겠자,Inflect,VV,EF,돕/VV/*+겠/EP/*+자/EF/*
돕겠으세요,0,0,-500,VV+EP+EF,*,F,돕겠으세요,Inflect,VV,EF,돕/VV/*+겠/EP/*+세요/EF/*
눕는,0,0,-500,VV+ETM,*,T,눕는,Inflect,VV,ETM,눕/VV/*+는/ETM/*
눕ㄴ,0,0,-500,VV+ETM,*,F,눕ㄴ,Inflect,VV,ETM,눕/VV/*+ㄴ/ETM/*
눕으은,0,0,-500,VV+ETM,*,T,눕으은,Inflect,VV,ETM,눕/VV/*+은/ETM/*
눕ㄹ,0,0,-500,VV+ETM,*,F,눕ㄹ,Inflect,VV,ETM,눕/VV/*+ㄹ/ETM/*
눕으을,0,0,-500,VV+ETM,*,T,눕으을,Inflect,VV,ETM,눕/VV/*+을/ETM/*
눕고,0,0,-500,VV+EC,*,F,눕고,Inflect,VV,EC,눕/VV/*+고/EC/*
누워,0,0,-500,VV+EC,*,F,누워,Inflect,VV,EC,눕/VV/*+서/EC/*
눕으니까,0,0,-500,VV+EC,*,F,눕으니까,Inflect,VV,EC,눕/VV/*+니까/EC/*
눕으니,0,0,-500,VV+EC,*,F,눕으니,Inflect,VV,EC,눕/VV/*+니/EC/*
눕으면,0,0,-500,VV+EC,*,T,눕으면,Inflect,VV,EC,눕/VV/*+면/EC/*
눕지만,0,0,-500,VV+EC,*,T,눕지만,Inflect,VV,EC,눕/VV/*+지만/EC/*
눕는데,0,0,-500,VV+EC,*,F,눕는데,Inflect,VV,EC,눕/VV/*+는데/EC/*
눕ㄴ데,0,0,-500,VV+EC,*,F,눕ㄴ데,Inflect,VV,EC,눕/VV/*+ㄴ데/EC/*
눕으은데,0,0,-500,VV+EC,*,F,눕으은데,Inflect,VV,EC,눕/VV/*+은데/EC/*
눕으면서,0,0,-500,VV+EC,*,F,눕으면서,Inflect,VV,EC,눕/VV/*+면서/EC/*
눕으며,0,0,-500,VV+EC,*,F,눕으며,Inflect,VV,EC,눕/VV/*+며/EC/*
눕으러,0,0,-500,VV+EC,*,F,눕으러,Inflect,VV,EC,눕/VV/*+러/EC/*
눕으려고,0,0,-500,VV+EC,*,F,눕으려고,Inflect,VV,EC,눕/VV/*+려고/EC/*
눕으려,0,0,-500,VV+EC,*,F,눕으려,Inflect,VV,EC,눕/VV/*+려/EC/*
누워,0,0,-500,VV+EC,*,F,누워,Inflect,VV,EC,눕/VV/*+도/EC/*
눕다가,0,0,-500,VV+EC,*,F,눕다가,Inflect,VV,EC,눕/VV/*+다가/EC/*
눕자,0,0,-500,VV+EC,*,F,눕자,Inflect,VV,EC,눕/VV/*+자/EC/*
눕자마자,0,0,-500,VV+EC,*,F,눕자마자,Inflect,VV,EC,눕/VV/*+자마자/EC/*
눕고서,0,0,-500,VV+EC,*,F,눕고서,Inflect,VV,EC,눕/VV/*+고서/EC/*
눕고나서,0,0,-500,VV+EC,*,F,눕고나서,Inflect,VV,EC,눕/VV/*+고나서/EC/*
눕도록,0,0,-500,VV+EC,*,T,눕도록,Inflect,VV,EC,눕/VV/*+도록/EC/*
눕게,0,0,-500,VV+EC,*,F,눕게,Inflect,VV,EC,눕/VV/*+게/EC/*
눕더라도,0,0,-500,VV+EC,*,F,눕더라도,Inflect,VV,EC,눕/VV/*+더라도/EC/*
눕ㄹ지라도,0,0,-500,VV+EC,*,F,눕ㄹ지라도,Inflect,VV,EC,눕/VV/*+ㄹ지라도/EC/*
눕으을지라도,0,0,-500,VV+EC,*,F,눕으을지라도,Inflect,VV,EC,눕/VV/*+을지라도/EC/*
눕ㄹ수록,0,0,-500,VV+EC,*,T,눕ㄹ수록,Inflect,VV,EC,눕/VV/*+ㄹ수록/EC/*
눕으을수록,0,0,-500,VV+EC,*,T,눕으을수록,Inflect,VV,EC,눕/VV/*+을수록/EC/*
눕다고,0,0,-500,VV+EC,*,F,눕다고,Inflect,VV,EC,눕/VV/*+다고/EC/*
눕라고,0,0,-500,VV+EC,*,F,눕라고,Inflect,VV,EC,눕/VV/*+라고/EC/*
눕냐고,0,0,-500,VV+EC,*,F,눕냐고,Inflect,VV,EC,눕/VV/*+냐고/EC/*
눕지,0,0,-500,VV+EC,*,F,눕지,Inflect,VV,EC,눕/VV/*+지/EC/*
눕거나,0,0,-500,VV+EC,*,F,눕거나,Inflect,VV,EC,눕/VV/*+거나/EC/*
눕든지,0,0,-500,VV+EC,*,F,눕든지,Inflect,VV,EC,눕/VV/*+든지/EC/*
눕듯이,0,0,-500,VV+EC,*,F,눕듯이,Inflect,VV,EC,눕/VV/*+듯이/EC/*
눕듯,0,0,-500,VV+EC,*,T,눕듯,Inflect,VV,EC,눕/VV/*+듯/EC/*
눕다,0,0,-500,VV+EF,*,F,눕다,Inflect,VV,EF,눕/VV/*+다/EF/*
누워,0,0,-500,VV+EF,*,F,누워,Inflect,VV,EF,눕/VV/*+요/EF/*
눕ㅂ니다,0,0,-500,VV+EF,*,F,눕ㅂ니다,Inflect,VV,EF,눕/VV/*+ㅂ니다/EF/*
눕으습니다,0,0,-500,VV+EF,*,F,눕으습니다,Inflect,VV,EF,눕/VV/*+습니다/EF/*
눕ㄹ까,0,0,-500,VV+EF,*,F,눕ㄹ까,Inflect,VV,EF,눕/VV/*+ㄹ까/EF/*
눕ㄹ까요,0,0,-500,VV+EF,*,F,눕ㄹ까요,Inflect,VV,EF,눕/VV/*+ㄹ까요/EF/*
눕ㄹ게요,0,0,-500,VV+EF,*,F,눕ㄹ게요,Inflect,VV,EF,눕/VV/*+ㄹ게요/EF/*
눕ㄹ게,0,0,-500,VV+EF,*,F,눕ㄹ게,Inflect,VV,EF,눕/VV/*+ㄹ게/EF/*
눕자,0,0,-500,VV+EF,*,F,눕자,Inflect,VV,EF,눕/VV/*+자/EF/*
눕으세요,0,0,-500,VV+EF,*,F,눕으세요,Inflect,VV,EF,눕/VV/*+세요/EF/*
누워다,0,0,-500,VV+EP+EF,*,F,누워다,Inflect,VV,EF,눕/VV/*+았/EP/*+다/EF/*
누워어요,0,0,-500,VV+EP+EF,*,F,누워어요,Inflect,VV,EF,눕/VV/*+았/EP/*+요/EF/*
누웝니다,0,0,-500,VV+EP+EF,*,F,누웝니다,Inflect,VV,EF,눕/VV/*+았/EP/*+ㅂ니다/EF/*
누워습니다,0,0,-500,VV+EP+EF,*,F,누워습니다,Inflect,VV,EF,눕/VV/*+았/EP/*+습니다/EF/*
누월까,0,0,-500,VV+EP+EF,*,F,누월까,Inflect,VV,EF,눕/VV/*+았/EP/*+ㄹ까/EF/*
누월까요,0,0,-500,VV+EP+EF,*,F,누월까요,Inflect,VV,EF,눕/VV/*+았/EP/*+ㄹ까요/EF/*
누월게요,0,0,-500,VV+EP+EF,*,F,누월게요,Inflect,VV,EF,눕/VV/*+았/EP/*+ㄹ게요/EF/*
누월게,0,0,-500,VV+EP+EF,*,F,누월게,Inflect,VV,EF,눕/VV/*+았/EP/*+ㄹ게/EF/*
누워자,0,0,-500,VV+EP+EF,*,F,누워자,Inflect,VV,EF,눕/VV/*+았/EP/*+자/EF/*
누워세요,0,0,-500,VV+EP+EF,*,F,누워세요,Inflect,VV,EF,눕/VV/*+았/EP/*+세요/EF/*
누워다,0,0,-500,VV+EP+EF,*,F,누워다,Inflect,VV,EF,눕/VV/*+었/EP/*+다/EF/*
누워어요,0,0,-500,VV+EP+EF,*,F,누워어요,Inflect,VV,EF,눕/VV/*+었/EP/*+요/EF/*
누웝니다,0,0,-500,VV+EP+EF,*,F,누웝니다,Inflect,VV,EF,눕/VV/*+었/EP/*+ㅂ니다/EF/*
누워습니다,0,0,-500,VV+EP+EF,*,F,누워습니다,Inflect,VV,EF,눕/VV/*+었/EP/*+습니다/EF/*
누월까,0,0,-500,VV+EP+EF,*,F,누월까,Inflect,VV,EF,눕/VV/*+었/EP/*+ㄹ까/EF/*
누월까요,0,0,-500,VV+EP+EF,*,F,누월까요,Inflect,VV,EF,눕/VV/*+었/EP/*+ㄹ까요/EF/*
누월게요,0,0,-500,VV+EP+EF,*,F,누월게요,Inflect,VV,EF,눕/VV/*+었/EP/*+ㄹ게요/EF/*
누월게,0,0,-500,VV+EP+EF,*,F,누월게,Inflect,VV,EF,눕/VV/*+었/EP/*+ㄹ게/EF/*
누워자,0,0,-500,VV+EP+EF,*,F,누워자,Inflect,VV,EF,눕/VV/*+었/EP/*+자/EF/*
누워세요,0,0,-500,VV+EP+EF,*,F,누워세요,Inflect,VV,EF,눕/VV/*+었/EP/*+세요/EF/*
눕으시다,0,0,-500,VV+EP+EF,*,F,눕으시다,Inflect,VV,EF,눕/VV/*+시/EP/*+다/EF/*
눕으셔요,0,0,-500,VV+EP+EF,*,F,눕으셔요,Inflect,VV,EF,눕/VV/*+시/EP/*+요/EF/*
눕으십니다,0,0,-500,VV+EP+EF,*,F,눕으십니다,Inflect,VV,EF,눕/VV/*+시/EP/*+ㅂ니다/EF/*
눕으시습니다,0,0,-500,VV+EP+EF,*,F,눕으시습니다,Inflect,VV,EF,눕/VV/*+시/EP/*+습니다/EF/*
눕으실까,0,0,-500,VV+EP+EF,*,F,눕으실까,Inflect,VV,EF,눕/VV/*+시/EP/*+ㄹ까/EF/*
눕으실까요,0,0,-500,VV+EP+EF,*,F,눕으실까요,Inflect,VV,EF,눕/VV/*+시/EP/*+ㄹ까요/EF/*
눕으실게요,0,0,-500,VV+EP+EF,*,F,눕으실게요,Inflect,VV,EF,눕/VV/*+시/EP/*+ㄹ게요/EF/*
눕으실게,0,0,-500,VV+EP+EF,*,F,눕으실게,Inflect,VV,EF,눕/VV/*+시/EP/*+ㄹ게/EF/*
눕으시자,0,0,-500,VV+EP+EF,*,F,눕으시자,Inflect,VV,EF,눕/VV/*+시/EP/*+자/EF/*
눕으시세요,0,0,-500,VV+EP+EF,*,F,눕으시세요,Inflect,VV,EF,눕/VV/*+시/EP/*+세요/EF/*
눕겠다,0,0,-500,VV+EP+EF,*,F,눕겠다,Inflect,VV,EF,눕/VV/*+겠/EP/*+다/EF/*
눕겠어요,0,0,-500,VV+EP+EF,*,F,눕겠어요,Inflect,VV,EF,눕/VV/*+겠/EP/*+요/EF/*
눕겠ㅂ니다,0,0,-500,VV+EP+EF,*,F,눕겠ㅂ니다,Inflect,VV,EF,눕/VV/*+겠/EP/*+ㅂ니다/EF/*
눕겠으습니다,0,0,-500,VV+EP+EF,*,F,눕겠으습니다,Inflect,VV,EF,눕/VV/*+겠/EP/*+습니다/EF/*
눕겠ㄹ까,0,0,-500,VV+EP+EF,*,F,눕겠ㄹ까,Inflect,VV,EF,눕/VV/*+겠/EP/*+ㄹ까/EF/*
눕겠ㄹ까요,0,0,-500,VV+EP+EF,*,F,눕겠ㄹ까요,Inflect,VV,EF,눕/VV/*+겠/EP/*+ㄹ까요/EF/*
눕겠ㄹ게요,0,0,-500,VV+EP+EF,*,F,눕겠ㄹ게요,Inflect,VV,EF,눕/VV/*+겠/EP/*+ㄹ게요/EF/*
눕겠ㄹ게,0,0,-500,VV+EP+EF,*,F,눕겠ㄹ게,Inflect,VV,EF,눕/VV/*+겠/EP/*+ㄹ게/EF/*
눕겠자,0,0,-500,VV+EP+EF,*,F,눕겠자,Inflect,VV,EF,눕/VV/*+겠/EP/*+자/EF/*
눕겠으세요,0,0,-500,VV+EP+EF,*,F,눕겠으세요,Inflect,VV,EF,눕/VV/*+겠/EP/*+세요/EF/*
굽는,0,0,-500,VV+ETM,*,T,굽는,Inflect,VV,ETM,굽/VV/*+는/ETM/*
굽ㄴ,0,0,-500,VV+ETM,*,F,굽ㄴ,Inflect,VV,ETM,굽/VV/*+ㄴ/ETM/*
굽으은,0,0,-500,VV+ETM,*,T,굽으은,Inflect,VV,ETM,굽/VV/*+은/ETM/*
굽ㄹ,0,0,-500,VV+ETM,*,F,굽ㄹ,Inflect,VV,ETM,굽/VV/*+ㄹ/ETM/*
굽으을,0,0,-500,VV+ETM,*,T,굽으을,Inflect,VV,ETM,굽/VV/*+을/ETM/*
굽고,0,0,-500,VV+EC,*,F,굽고,Inflect,VV,EC,굽/VV/*+고/EC/*
구워,0,0,-500,VV+EC,*,F,구워,Inflect,VV,EC,굽/VV/*+서/EC/*
굽으니까,0,0,-500,VV+EC,*,F,굽으니까,Inflect,VV,EC,굽/VV/*+니까/EC/*
굽으니,0,0,-500,VV+EC,*,F,굽으니,Inflect,VV,EC,굽/VV/*+니/EC/*
굽으면,0,0,-500,VV+EC,*,T,굽으면,Inflect,VV,EC,굽/VV/*+면/EC/*
굽지만,0,0,-500,VV+EC,*,T,굽지만,Inflect,VV,EC,굽/VV/*+지만/EC/*
굽는데,0,0,-500,VV+EC,*,F,굽는데,Inflect,VV,EC,굽/VV/*+는데/EC/*
굽ㄴ데,0,0,-500,VV+EC,*,F,굽ㄴ데,Inflect,VV,EC,굽/VV/*+ㄴ데/EC/*
굽으은데,0,0,-500,VV+EC,*,F,굽으은데,Inflect,VV,EC,굽/VV/*+은데/EC/*
굽으면서,0,0,-500,VV+EC,*,F,굽으면서,Inflect,VV,EC,굽/VV/*+면서/EC/*
굽으며,0,0,-500,VV+EC,*,F,굽으며,Inflect,VV,EC,굽/VV/*+며/EC/*
굽으러,0,0,-500,VV+EC,*,F,굽으러,Inflect,VV,EC,굽/VV/*+러/EC/*
굽으려고,0,0,-500,VV+EC,*,F,굽으려고,Inflect,VV,EC,굽/VV/*+려고/EC/*
굽으려,0,0,-500,VV+EC,*,F,굽으려,Inflect,VV,EC,굽/VV/*+려/EC/*
구워,0,0,-500,VV+EC,*,F,구워,Inflect,VV,EC,굽/VV/*+도/EC/*
굽다가,0,0,-500,VV+EC,*,F,굽다가,Inflect,VV,EC,굽/VV/*+다가/EC/*
굽자,0,0,-500,VV+EC,*,F,굽자,Inflect,VV,EC,굽/VV/*+자/EC/*
굽자마자,0,0,-500,VV+EC,*,F,굽자마자,Inflect,VV,EC,굽/VV/*+자마자/EC/*
굽고서,0,0,-500,VV+EC,*,F,굽고서,Inflect,VV,EC,굽/VV/*+고서/EC/*
굽고나서,0,0,-500,VV+EC,*,F,굽고나서,Inflect,VV,EC,굽/VV/*+고나서/EC/*
굽도록,0,0,-500,VV+EC,*,T,굽도록,Inflect,VV,EC,굽/VV/*+도록/EC/*
굽게,0,0,-500,VV+EC,*,F,굽게,Inflect,VV,EC,굽/VV/*+게/EC/*
굽더라도,0,0,-500,VV+EC,*,F,굽더라도,Inflect,VV,EC,굽/VV/*+더라도/EC/*
굽ㄹ지라도,0,0,-500,VV+EC,*,F,굽ㄹ지라도,Inflect,VV,EC,굽/VV/*+ㄹ지라도/EC/*
굽으을지라도,0,0,-500,VV+EC,*,F,굽으을지라도,Inflect,VV,EC,굽/VV/*+을지라도/EC/*
굽ㄹ수록,0,0,-500,VV+EC,*,T,굽ㄹ수록,Inflect,VV,EC,굽/VV/*+ㄹ수록/EC/*
굽으을수록,0,0,-500,VV+EC,*,T,굽으을수록,Inflect,VV,EC,굽/VV/*+을수록/EC/*
굽다고,0,0,-500,VV+EC,*,F,굽다고,Inflect,VV,EC,굽/VV/*+다고/EC/*
굽라고,0,0,-500,VV+EC,*,F,굽라고,Inflect,VV,EC,굽/VV/*+라고/EC/*
굽냐고,0,0,-500,VV+EC,*,F,굽냐고,Inflect,VV,EC,굽/VV/*+냐고/EC/*
굽지,0,0,-500,VV+EC,*,F,굽지,Inflect,VV,EC,굽/VV/*+지/EC/*
굽거나,0,0,-500,VV+EC,*,F,굽거나,Inflect,VV,EC,굽/VV/*+거나/EC/*
굽든지,0,0,-500,VV+EC,*,F,굽든지,Inflect,VV,EC,굽/VV/*+든지/EC/*
굽듯이,0,0,-500,VV+EC,*,F,굽듯이,Inflect,VV,EC,굽/VV/*+듯이/EC/*
굽듯,0,0,-500,VV+EC,*,T,굽듯,Inflect,VV,EC,굽/VV/*+듯/EC/*
굽다,0,0,-500,VV+EF,*,F,굽다,Inflect,VV,EF,굽/VV/*+다/EF/*
구워,0,0,-500,VV+EF,*,F,구워,Inflect,VV,EF,굽/VV/*+요/EF/*
굽ㅂ니다,0,0,-500,VV+EF,*,F,굽ㅂ니다,Inflect,VV,EF,굽/VV/*+ㅂ니다/EF/*
굽으습니다,0,0,-500,VV+EF,*,F,굽으습니다,Inflect,VV,EF,굽/VV/*+습니다/EF/*
굽ㄹ까,0,0,-500,VV+EF,*,F,굽ㄹ까,Inflect,VV,EF,굽/VV/*+ㄹ까/EF/*
굽ㄹ까요,0,0,-500,VV+EF,*,F,굽ㄹ까요,Inflect,VV,EF,굽/VV/*+ㄹ까요/EF/*
굽ㄹ게요,0,0,-500,VV+EF,*,F,굽ㄹ게요,Inflect,VV,EF,굽/VV/*+ㄹ게요/EF/*
굽ㄹ게,0,0,-500,VV+EF,*,F,굽ㄹ게,Inflect,VV,EF,굽/VV/*+ㄹ게/EF/*
굽자,0,0,-500,VV+EF,*,F,굽자,Inflect,VV,EF,굽/VV/*+자/EF/*
굽으세요,0,0,-500,VV+EF,*,F,굽으세요,Inflect,VV,EF,굽/VV/*+세요/EF/*
구워다,0,0,-500,VV+EP+EF,*,F,구워다,Inflect,VV,EF,굽/VV/*+았/EP/*+다/EF/*
구워어요,0,0,-500,VV+EP+EF,*,F,구워어요,Inflect,VV,EF,굽/VV/*+았/EP/*+요/EF/*
구웝니다,0,0,-500,VV+EP+EF,*,F,구웝니다,Inflect,VV,EF,굽/VV/*+았/EP/*+ㅂ니다/EF/*
구워습니다,0,0,-500,VV+EP+EF,*,F,구워습니다,Inflect,VV,EF,굽/VV/*+았/EP/*+습니다/EF/*
구월까,0,0,-500,VV+EP+EF,*,F,구월까,Inflect,VV,EF,굽/VV/*+았/EP/*+ㄹ까/EF/*
구월까요,0,0,-500,VV+EP+EF,*,F,구월까요,Inflect,VV,EF,굽/VV/*+았/EP/*+ㄹ까요/EF/*
구월게요,0,0,-500,VV+EP+EF,*,F,구월게요,Inflect,VV,EF,굽/VV/*+았/EP/*+ㄹ게요/EF/*
구월게,0,0,-500,VV+EP+EF,*,F,구월게,Inflect,VV,EF,굽/VV/*+았/EP/*+ㄹ게/EF/*
구워자,0,0,-500,VV+EP+EF,*,F,구워자,Inflect,VV,EF,굽/VV/*+았/EP/*+자/EF/*
구워세요,0,0,-500,VV+EP+EF,*,F,구워세요,Inflect,VV,EF,굽/VV/*+았/EP/*+세요/EF/*
구워다,0,0,-500,VV+EP+EF,*,F,구워다,Inflect,VV,EF,굽/VV/*+었/EP/*+다/EF/*
구워어요,0,0,-500,VV+EP+EF,*,F,구워어요,Inflect,VV,EF,굽/VV/*+었/EP/*+요/EF/*
구웝니다,0,0,-500,VV+EP+EF,*,F,구웝니다,Inflect,VV,EF,굽/VV/*+었/EP/*+ㅂ니다/EF/*
구워습니다,0,0,-500,VV+EP+EF,*,F,구워습니다,Inflect,VV,EF,굽/VV/*+었/EP/*+습니다/EF/*
구월까,0,0,-500,VV+EP+EF,*,F,구월까,Inflect,VV,EF,굽/VV/*+었/EP/*+ㄹ까/EF/*
구월까요,0,0,-500,VV+EP+EF,*,F,구월까요,Inflect,VV,EF,굽/VV/*+었/EP/*+ㄹ까요/EF/*
구월게요,0,0,-500,VV+EP+EF,*,F,구월게요,Inflect,VV,EF,굽/VV/*+었/EP/*+ㄹ게요/EF/*
구월게,0,0,-500,VV+EP+EF,*,F,구월게,Inflect,VV,EF,굽/VV/*+었/EP/*+ㄹ게/EF/*
구워자,0,0,-500,VV+EP+EF,*,F,구워자,Inflect,VV,EF,굽/VV/*+었/EP/*+자/EF/*
구워세요,0,0,-500,VV+EP+EF,*,F,구워세요,Inflect,VV,EF,굽/VV/*+었/EP/*+세요/EF/*
굽으시다,0,0,-500,VV+EP+EF,*,F,굽으시다,Inflect,VV,EF,굽/VV/*+시/EP/*+다/EF/*
굽으셔요,0,0,-500,VV+EP+EF,*,F,굽으셔요,Inflect,VV,EF,굽/VV/*+시/EP/*+요/EF/*
굽으십니다,0,0,-500,VV+EP+EF,*,F,굽으십니다,Inflect,VV,EF,굽/VV/*+시/EP/*+ㅂ니다/EF/*
굽으시습니다,0,0,-500,VV+EP+EF,*,F,굽으시습니다,Inflect,VV,EF,굽/VV/*+시/EP/*+습니다/EF/*
굽으실까,0,0,-500,VV+EP+EF,*,F,굽으실까,Inflect,VV,EF,굽/VV/*+시/EP/*+ㄹ까/EF/*
굽으실까요,0,0,-500,VV+EP+EF,*,F,굽으실까요,Inflect,VV,EF,굽/VV/*+시/EP/*+ㄹ까요/EF/*
굽으실게요,0,0,-500,VV+EP+EF,*,F,굽으실게요,Inflect,VV,EF,굽/VV/*+시/EP/*+ㄹ게요/EF/*
굽으실게,0,0,-500,VV+EP+EF,*,F,굽으실게,Inflect,VV,EF,굽/VV/*+시/EP/*+ㄹ게/EF/*
굽으시자,0,0,-500,VV+EP+EF,*,F,굽으시자,Inflect,VV,EF,굽/VV/*+시/EP/*+자/EF/*
굽으시세요,0,0,-500,VV+EP+EF,*,F,굽으시세요,Inflect,VV,EF,굽/VV/*+시/EP/*+세요/EF/*
굽겠다,0,0,-500,VV+EP+EF,*,F,굽겠다,Inflect,VV,EF,굽/VV/*+겠/EP/*+다/EF/*
굽겠어요,0,0,-500,VV+EP+EF,*,F,굽겠어요,Inflect,VV,EF,굽/VV/*+겠/EP/*+요/EF/*
굽겠ㅂ니다,0,0,-500,VV+EP+EF,*,F,굽겠ㅂ니다,Inflect,VV,EF,굽/VV/*+겠/EP/*+ㅂ니다/EF/*
굽겠으습니다,0,0,-500,VV+EP+EF,*,F,굽겠으습니다,Inflect,VV,EF,굽/VV/*+겠/EP/*+습니다/EF/*
굽겠ㄹ까,0,0,-500,VV+EP+EF,*,F,굽겠ㄹ까,Inflect,VV,EF,굽/VV/*+겠/EP/*+ㄹ까/EF/*
굽겠ㄹ까요,0,0,-500,VV+EP+EF,*,F,굽겠ㄹ까요,Inflect,VV,EF,굽/VV/*+겠/EP/*+ㄹ까요/EF/*
굽겠ㄹ게요,0,0,-500,VV+EP+EF,*,F,굽겠ㄹ게요,Inflect,VV,EF,굽/VV/*+겠/EP/*+ㄹ게요/EF/*
굽겠ㄹ게,0,0,-500,VV+EP+EF,*,F,굽겠ㄹ게,Inflect,VV,EF,굽/VV/*+겠/EP/*+ㄹ게/EF/*
굽겠자,0,0,-500,VV+EP+EF,*,F,굽겠자,Inflect,VV,EF,굽/VV/*+겠/EP/*+자/EF/*
굽겠으세요,0,0,-500,VV+EP+EF,*,F,굽겠으세요,Inflect,VV,EF,굽/VV/*+겠/EP/*+세요/EF/*
줍는,0,0,-500,VV+ETM,*,T,줍는,Inflect,VV,ETM,줍/VV/*+는/ETM/*
줍ㄴ,0,0,-500,VV+ETM,*,F,줍ㄴ,Inflect,VV,ETM,줍/VV/*+ㄴ/ETM/*
줍으은,0,0,-500,VV+ETM,*,T,줍으은,Inflect,VV,ETM,줍/VV/*+은/ETM/*
줍ㄹ,0,0,-500,VV+ETM,*,F,줍ㄹ,Inflect,VV,ETM,줍/VV/*+ㄹ/ETM/*
줍으을,0,0,-500,VV+ETM,*,T,줍으을,Inflect,VV,ETM,줍/VV/*+을/ETM/*
줍고,0,0,-500,VV+EC,*,F,줍고,Inflect,VV,EC,줍/VV/*+고/EC/*
주워,0,0,-500,VV+EC,*,F,주워,Inflect,VV,EC,줍/VV/*+서/EC/*
줍으니까,0,0,-500,VV+EC,*,F,줍으니까,Inflect,VV,EC,줍/VV/*+니까/EC/*
줍으니,0,0,-500,VV+EC,*,F,줍으니,Inflect,VV,EC,줍/VV/*+니/EC/*
줍으면,0,0,-500,VV+EC,*,T,줍으면,Inflect,VV,EC,줍/VV/*+면/EC/*
줍지만,0,0,-500,VV+EC,*,T,줍지만,Inflect,VV,EC,줍/VV/*+지만/EC/*
줍는데,0,0,-500,VV+EC,*,F,줍는데,Inflect,VV,EC,줍/VV/*+는데/EC/*
줍ㄴ데,0,0,-500,VV+EC,*,F,줍ㄴ데,Inflect,VV,EC,줍/VV/*+ㄴ데/EC/*
줍으은데,0,0,-500,VV+EC,*,F,줍으은데,Inflect,VV,EC,줍/VV/*+은데/EC/*
줍으면서,0,0,-500,VV+EC,*,F,줍으면서,Inflect,VV,EC,줍/VV/*+면서/EC/*
줍으며,0,0,-500,VV+EC,*,F,줍으며,Inflect,VV,EC,줍/VV/*+며/EC/*
줍으러,0,0,-500,VV+EC,*,F,줍으러,Inflect,VV,EC,줍/VV/*+러/EC/*
줍으려고,0,0,-500,VV+EC,*,F,줍으려고,Inflect,VV,EC,줍/VV/*+려고/EC/*
줍으려,0,0,-500,VV+EC,*,F,줍으려,Inflect,VV,EC,줍/VV/*+려/EC/*
주워,0,0,-500,VV+EC,*,F,주워,Inflect,VV,EC,줍/VV/*+도/EC/*
줍다가,0,0,-500,VV+EC,*,F,줍다가,Inflect,VV,EC,줍/VV/*+다가/EC/*
줍자,0,0,-500,VV+EC,*,F,줍자,Inflect,VV,EC,줍/VV/*+자/EC/*
줍자마자,0,0,-500,VV+EC,*,F,줍자마자,Inflect,VV,EC,줍/VV/*+자마자/EC/*
줍고서,0,0,-500,VV+EC,*,F,줍고서,Inflect,VV,EC,줍/VV/*+고서/EC/*
줍고나서,0,0,-500,VV+EC,*,F,줍고나서,Inflect,VV,EC,줍/VV/*+고나서/EC/*
줍도록,0,0,-500,VV+EC,*,T,줍도록,Inflect,VV,EC,줍/VV/*+도록/EC/*
줍게,0,0,-500,VV+EC,*,F,줍게,Inflect,VV,EC,줍/VV/*+게/EC/*
줍더라도,0,0,-500,VV+EC,*,F,줍더라도,Inflect,VV,EC,줍/VV/*+더라도/EC/*
줍ㄹ지라도,0,0,-500,VV+EC,*,F,줍ㄹ지라도,Inflect,VV,EC,줍/VV/*+ㄹ지라도/EC/*
줍으을지라도,0,0,-500,VV+EC,*,F,줍으을지라도,Inflect,VV,EC,줍/VV/*+을지라도/EC/*
줍ㄹ수록,0,0,-500,VV+EC,*,T,줍ㄹ수록,Inflect,VV,EC,줍/VV/*+ㄹ수록/EC/*
줍으을수록,0,0,-500,VV+EC,*,T,줍으을수록,Inflect,VV,EC,줍/VV/*+을수록/EC/*
줍다고,0,0,-500,VV+EC,*,F,줍다고,Inflect,VV,EC,줍/VV/*+다고/EC/*
줍라고,0,0,-500,VV+EC,*,F,줍라고,Inflect,VV,EC,줍/VV/*+라고/EC/*
줍냐고,0,0,-500,VV+EC,*,F,줍냐고,Inflect,VV,EC,줍/VV/*+냐고/EC/*
줍지,0,0,-500,VV+EC,*,F,줍지,Inflect,VV,EC,줍/VV/*+지/EC/*
줍거나,0,0,-500,VV+EC,*,F,줍거나,Inflect,VV,EC,줍/VV/*+거나/EC/*
줍든지,0,0,-500,VV+EC,*,F,줍든지,Inflect,VV,EC,줍/VV/*+든지/EC/*
줍듯이,0,0,-500,VV+EC,*,F,줍듯이,Inflect,VV,EC,줍/VV/*+듯이/EC/*
줍듯,0,0,-500,VV+EC,*,T,줍듯,Inflect,VV,EC,줍/VV/*+듯/EC/*
줍다,0,0,-500,VV+EF,*,F,줍다,Inflect,VV,EF,줍/VV/*+다/EF/*
주워,0,0,-500,VV+EF,*,F,주워,Inflect,VV,EF,줍/VV/*+요/EF/*
줍ㅂ니다,0,0,-500,VV+EF,*,F,줍ㅂ니다,Inflect,VV,EF,줍/VV/*+ㅂ니다/EF/*
줍으습니다,0,0,-500,VV+EF,*,F,줍으습니다,Inflect,VV,EF,줍/VV/*+습니다/EF/*
줍ㄹ까,0,0,-500,VV+EF,*,F,줍ㄹ까,Inflect,VV,EF,줍/VV/*+ㄹ까/EF/*
줍ㄹ까요,0,0,-500,VV+EF,*,F,줍ㄹ까요,Inflect,VV,EF,줍/VV/*+ㄹ까요/EF/*
줍ㄹ게요,0,0,-500,VV+EF,*,F,줍ㄹ게요,Inflect,VV,EF,줍/VV/*+ㄹ게요/EF/*
줍ㄹ게,0,0,-500,VV+EF,*,F,줍ㄹ게,Inflect,VV,EF,줍/VV/*+ㄹ게/EF/*
줍자,0,0,-500,VV+EF,*,F,줍자,Inflect,VV,EF,줍/VV/*+자/EF/*
줍으세요,0,0,-500,VV+EF,*,F,줍으세요,Inflect,VV,EF,줍/VV/*+세요/EF/*
주워다,0,0,-500,VV+EP+EF,*,F,주워다,Inflect,VV,EF,줍/VV/*+았/EP/*+다/EF/*
주워어요,0,0,-500,VV+EP+EF,*,F,주워어요,Inflect,VV,EF,줍/VV/*+았/EP/*+요/EF/*
주웝니다,0,0,-500,VV+EP+EF,*,F,주웝니다,Inflect,VV,EF,줍/VV/*+았/EP/*+ㅂ니다/EF/*
주워습니다,0,0,-500,VV+EP+EF,*,F,주워습니다,Inflect,VV,EF,줍/VV/*+았/EP/*+습니다/EF/*
주월까,0,0,-500,VV+EP+EF,*,F,주월까,Inflect,VV,EF,줍/VV/*+았/EP/*+ㄹ까/EF/*
주월까요,0,0,-500,VV+EP+EF,*,F,주월까요,Inflect,VV,EF,줍/VV/*+았/EP/*+ㄹ까요/EF/*
주월게요,0,0,-500,VV+EP+EF,*,F,주월게요,Inflect,VV,EF,줍/VV/*+았/EP/*+ㄹ게요/EF/*
주월게,0,0,-500,VV+EP+EF,*,F,주월게,Inflect,VV,EF,줍/VV/*+았/EP/*+ㄹ게/EF/*
주워자,0,0,-500,VV+EP+EF,*,F,주워자,Inflect,VV,EF,줍/VV/*+았/EP/*+자/EF/*
주워세요,0,0,-500,VV+EP+EF,*,F,주워세요,Inflect,VV,EF,줍/VV/*+았/EP/*+세요/EF/*
주워다,0,0,-500,VV+EP+EF,*,F,주워다,Inflect,VV,EF,줍/VV/*+었/EP/*+다/EF/*
주워어요,0,0,-500,VV+EP+EF,*,F,주워어요,Inflect,VV,EF,줍/VV/*+었/EP/*+요/EF/*
주웝니다,0,0,-500,VV+EP+EF,*,F,주웝니다,Inflect,VV,EF,줍/VV/*+었/EP/*+ㅂ니다/EF/*
주워습니다,0,0,-500,VV+EP+EF,*,F,주워습니다,Inflect,VV,EF,줍/VV/*+었/EP/*+습니다/EF/*
주월까,0,0,-500,VV+EP+EF,*,F,주월까,Inflect,VV,EF,줍/VV/*+었/EP/*+ㄹ까/EF/*
주월까요,0,0,-500,VV+EP+EF,*,F,주월까요,Inflect,VV,EF,줍/VV/*+었/EP/*+ㄹ까요/EF/*
주월게요,0,0,-500,VV+EP+EF,*,F,주월게요,Inflect,VV,EF,줍/VV/*+었/EP/*+ㄹ게요/EF/*
주월게,0,0,-500,VV+EP+EF,*,F,주월게,Inflect,VV,EF,줍/VV/*+었/EP/*+ㄹ게/EF/*
주워자,0,0,-500,VV+EP+EF,*,F,주워자,Inflect,VV,EF,줍/VV/*+었/EP/*+자/EF/*
주워세요,0,0,-500,VV+EP+EF,*,F,주워세요,Inflect,VV,EF,줍/VV/*+었/EP/*+세요/EF/*
줍으시다,0,0,-500,VV+EP+EF,*,F,줍으시다,Inflect,VV,EF,줍/VV/*+시/EP/*+다/EF/*
줍으셔요,0,0,-500,VV+EP+EF,*,F,줍으셔요,Inflect,VV,EF,줍/VV/*+시/EP/*+요/EF/*
줍으십니다,0,0,-500,VV+EP+EF,*,F,줍으십니다,Inflect,VV,EF,줍/VV/*+시/EP/*+ㅂ니다/EF/*
줍으시습니다,0,0,-500,VV+EP+EF,*,F,줍으시습니다,Inflect,VV,EF,줍/VV/*+시/EP/*+습니다/EF/*
줍으실까,0,0,-500,VV+EP+EF,*,F,줍으실까,Inflect,VV,EF,줍/VV/*+시/EP/*+ㄹ까/EF/*
줍으실까요,0,0,-500,VV+EP+EF,*,F,줍으실까요,Inflect,VV,EF,줍/VV/*+시/EP/*+ㄹ까요/EF/*
줍으실게요,0,0,-500,VV+EP+EF,*,F,줍으실게요,Inflect,VV,EF,줍/VV/*+시/EP/*+ㄹ게요/EF/*
줍으실게,0,0,-500,VV+EP+EF,*,F,줍으실게,Inflect,VV,EF,줍/VV/*+시/EP/*+ㄹ게/EF/*
줍으시자,0,0,-500,VV+EP+EF,*,F,줍으시자,Inflect,VV,EF,줍/VV/*+시/EP/*+자/EF/*
줍으시세요,0,0,-500,VV+EP+EF,*,F,줍으시세요,Inflect,VV,EF,줍/VV/*+시/EP/*+세요/EF/*
줍겠다,0,0,-500,VV+EP+EF,*,F,줍겠다,Inflect,VV,EF,줍/VV/*+겠/EP/*+다/EF/*
줍겠어요,0,0,-500,VV+EP+EF,*,F,줍겠어요,Inflect,VV,EF,줍/VV/*+겠/EP/*+요/EF/*
줍겠ㅂ니다,0,0,-500,VV+EP+EF,*,F,줍겠ㅂ니다,Inflect,VV,EF,줍/VV/*+겠/EP/*+ㅂ니다/EF/*
줍겠으습니다,0,0,-500,VV+EP+EF,*,F,줍겠으습니다,Inflect,VV,EF,줍/VV/*+겠/EP/*+습니다/EF/*
줍겠ㄹ까,0,0,-500,VV+EP+EF,*,F,줍겠ㄹ까,Inflect,VV,EF,줍/VV/*+겠/EP/*+ㄹ까/EF/*
줍겠ㄹ까요,0,0,-500,VV+EP+EF,*,F,줍겠ㄹ까요,Inflect,VV,EF,줍/VV/*+겠/EP/*+ㄹ까요/EF/*
줍겠ㄹ게요,0,0,-500,VV+EP+EF,*,F,줍겠ㄹ게요,Inflect,VV,EF,줍/VV/*+겠/EP/*+ㄹ게요/EF/*
줍겠ㄹ게,0,0,-500,VV+EP+EF,*,F,줍겠ㄹ게,Inflect,VV,EF,줍/VV/*+겠/EP/*+ㄹ게/EF/*
줍겠자,0,0,-500,VV+EP+EF,*,F,줍겠자,Inflect,VV,EF,줍/VV/*+겠/EP/*+자/EF/*
줍겠으세요,0,0,-500,VV+EP+EF,*,F,줍겠으세요,Inflect,VV,EF,줍/VV/*+겠/EP/*+세요/EF/*
덥는,0,0,-500,VA+ETM,*,T,덥는,Inflect,VA,ETM,덥/VA/*+는/ETM/*
덥ㄴ,0,0,-500,VA+ETM,*,F,덥ㄴ,Inflect,VA,ETM,덥/VA/*+ㄴ/ETM/*
덥으은,0,0,-500,VA+ETM,*,T,덥으은,Inflect,VA,ETM,덥/VA/*+은/ETM/*
덥ㄹ,0,0,-500,VA+ETM,*,F,덥ㄹ,Inflect,VA,ETM,덥/VA/*+ㄹ/ETM/*
덥으을,0,0,-500,VA+ETM,*,T,덥으을,Inflect,VA,ETM,덥/VA/*+을/ETM/*
덥고,0,0,-500,VA+EC,*,F,덥고,Inflect,VA,EC,덥/VA/*+고/EC/*
더워,0,0,-500,VA+EC,*,F,더워,Inflect,VA,EC,덥/VA/*+서/EC/*
덥으니까,0,0,-500,VA+EC,*,F,덥으니까,Inflect,VA,EC,덥/VA/*+니까/EC/*
덥으니,0,0,-500,VA+EC,*,F,덥으니,Inflect,VA,EC,덥/VA/*+니/EC/*
덥으면,0,0,-500,VA+EC,*,T,덥으면,Inflect,VA,EC,덥/VA/*+면/EC/*
덥지만,0,0,-500,VA+EC,*,T,덥지만,Inflect,VA,EC,덥/VA/*+지만/EC/*
덥는데,0,0,-500,VA+EC,*,F,덥는데,Inflect,VA,EC,덥/VA/*+는데/EC/*
덥ㄴ데,0,0,-500,VA+EC,*,F,덥ㄴ데,Inflect,VA,EC,덥/VA/*+ㄴ데/EC/*
덥으은데,0,0,-500,VA+EC,*,F,덥으은데,Inflect,VA,EC,덥/VA/*+은데/EC/*
덥으면서,0,0,-500,VA+EC,*,F,덥으면서,Inflect,VA,EC,덥/VA/*+면서/EC/*
덥으며,0,0,-500,VA+EC,*,F,덥으며,Inflect,VA,EC,덥/VA/*+며/EC/*
덥으러,0,0,-500,VA+EC,*,F,덥으러,Inflect,VA,EC,덥/VA/*+러/EC/*
덥으려고,0,0,-500,VA+EC,*,F,덥으려고,Inflect,VA,EC,덥/VA/*+려고/EC/*
덥으려,0,0,-500,VA+EC,*,F,덥으려,Inflect,VA,EC,덥/VA/*+려/EC/*
더워,0,0,-500,VA+EC,*,F,더워,Inflect,VA,EC,덥/VA/*+도/EC/*
덥다가,0,0,-500,VA+EC,*,F,덥다가,Inflect,VA,EC,덥/VA/*+다가/EC/*
덥자,0,0,-500,VA+EC,*,F,덥자,Inflect,VA,EC,덥/VA/*+자/EC/*
덥자마자,0,0,-500,VA+EC,*,F,덥자마자,Inflect,VA,EC,덥/VA/*+자마자/EC/*
덥고서,0,0,-500,VA+EC,*,F,덥고서,Inflect,VA,EC,덥/VA/*+고서/EC/*
덥고나서,0,0,-500,VA+EC,*,F,덥고나서,Inflect,VA,EC,덥/VA/*+고나서/EC/*
덥도록,0,0,-500,VA+EC,*,T,덥도록,Inflect,VA,EC,덥/VA/*+도록/EC/*
덥게,0,0,-500,VA+EC,*,F,덥게,Inflect,VA,EC,덥/VA/*+게/EC/*
덥더라도,0,0,-500,VA+EC,*,F,덥더라도,Inflect,VA,EC,덥/VA/*+더라도/EC/*
덥ㄹ지라도,0,0,-500,VA+EC,*,F,덥ㄹ지라도,Inflect,VA,EC,덥/VA/*+ㄹ지라도/EC/*
덥으을지라도,0,0,-500,VA+EC,*,F,덥으을지라도,Inflect,VA,EC,덥/VA/*+을지라도/EC/*
덥ㄹ수록,0,0,-500,VA+EC,*,T,덥ㄹ수록,Inflect,VA,EC,덥/VA/*+ㄹ수록/EC/*
덥으을수록,0,0,-500,VA+EC,*,T,덥으을수록,Inflect,VA,EC,덥/VA/*+을수록/EC/*
덥다고,0,0,-500,VA+EC,*,F,덥다고,Inflect,VA,EC,덥/VA/*+다고/EC/*
덥라고,0,0,-500,VA+EC,*,F,덥라고,Inflect,VA,EC,덥/VA/*+라고/EC/*
덥냐고,0,0,-500,VA+EC,*,F,덥냐고,Inflect,VA,EC,덥/VA/*+냐고/EC/*
덥지,0,0,-500,VA+EC,*,F,덥지,Inflect,VA,EC,덥/VA/*+지/EC/*
덥거나,0,0,-500,VA+EC,*,F,덥거나,Inflect,VA,EC,덥/VA/*+거나/EC/*
덥든지,0,0,-500,VA+EC,*,F,덥든지,Inflect,VA,EC,덥/VA/*+든지/EC/*
덥듯이,0,0,-500,VA+EC,*,F,덥듯이,Inflect,VA,EC,덥/VA/*+듯이/EC/*
덥듯,0,0,-500,VA+EC,*,T,덥듯,Inflect,VA,EC,덥/VA/*+듯/EC/*
덥다,0,0,-500,VA+EF,*,F,덥다,Inflect,VA,EF,덥/VA/*+다/EF/*
더워,0,0,-500,VA+EF,*,F,더워,Inflect,VA,EF,덥/VA/*+요/EF/*
덥ㅂ니다,0,0,-500,VA+EF,*,F,덥ㅂ니다,Inflect,VA,EF,덥/VA/*+ㅂ니다/EF/*
덥으습니다,0,0,-500,VA+EF,*,F,덥으습니다,Inflect,VA,EF,덥/VA/*+습니다/EF/*
덥ㄹ까,0,0,-500,VA+EF,*,F,덥ㄹ까,Inflect,VA,EF,덥/VA/*+ㄹ까/EF/*
덥ㄹ까요,0,0,-500,VA+EF,*,F,덥ㄹ까요,Inflect,VA,EF,덥/VA/*+ㄹ까요/EF/*
덥ㄹ게요,0,0,-500,VA+EF,*,F,덥ㄹ게요,Inflect,VA,EF,덥/VA/*+ㄹ게요/EF/*
덥ㄹ게,0,0,-500,VA+EF,*,F,덥ㄹ게,Inflect,VA,EF,덥/VA/*+ㄹ게/EF/*
덥자,0,0,-500,VA+EF,*,F,덥자,Inflect,VA,EF,덥/VA/*+자/EF/*
덥으세요,0,0,-500,VA+EF,*,F,덥으세요,Inflect,VA,EF,덥/VA/*+세요/EF/*
더워다,0,0,-500,VA+EP+EF,*,F,더워다,Inflect,VA,EF,덥/VA/*+았/EP/*+다/EF/*
더워어요,0,0,-500,VA+EP+EF,*,F,더워어요,Inflect,VA,EF,덥/VA/*+았/EP/*+요/EF/*
더웝니다,0,0,-500,VA+EP+EF,*,F,더웝니다,Inflect,VA,EF,덥/VA/*+았/EP/*+ㅂ니다/EF/*
더워습니다,0,0,-500,VA+EP+EF,*,F,더워습니다,Inflect,VA,EF,덥/VA/*+았/EP/*+습니다/EF/*
더월까,0,0,-500,VA+EP+EF,*,F,더월까,Inflect,VA,EF,덥/VA/*+았/EP/*+ㄹ까/EF/*
더월까요,0,0,-500,VA+EP+EF,*,F,더월까요,Inflect,VA,EF,덥/VA/*+았/EP/*+ㄹ까요/EF/*
더월게요,0,0,-500,VA+EP+EF,*,F,더월게요,Inflect,VA,EF,덥/VA/*+았/EP/*+ㄹ게요/EF/*
더월게,0,0,-500,VA+EP+EF,*,F,더월게,Inflect,VA,EF,덥/VA/*+았/EP/*+ㄹ게/EF/*
더워자,0,0,-500,VA+EP+EF,*,F,더워자,Inflect,VA,EF,덥/VA/*+았/EP/*+자/EF/*
더워세요,0,0,-500,VA+EP+EF,*,F,더워세요,Inflect,VA,EF,덥/VA/*+았/EP/*+세요/EF/*
더워다,0,0,-500,VA+EP+EF,*,F,더워다,Inflect,VA,EF,덥/VA/*+었/EP/*+다/EF/*
더워어요,0,0,-500,VA+EP+EF,*,F,더워어요,Inflect,VA,EF,덥/VA/*+었/EP/*+요/EF/*
더웝니다,0,0,-500,VA+EP+EF,*,F,더웝니다,Inflect,VA,EF,덥/VA/*+었/EP/*+ㅂ니다/EF/*
더워습니다,0,0,-500,VA+EP+EF,*,F,더워습니다,Inflect,VA,EF,덥/VA/*+었/EP/*+습니다/EF/*
더월까,0,0,-500,VA+EP+EF,*,F,더월까,Inflect,VA,EF,덥/VA/*+었/EP/*+ㄹ까/EF/*
더월까요,0,0,-500,VA+EP+EF,*,F,더월까요,Inflect,VA,EF,덥/VA/*+었/EP/*+ㄹ까요/EF/*
더월게요,0,0,-500,VA+EP+EF,*,F,더월게요,Inflect,VA,EF,덥/VA/*+었/EP/*+ㄹ게요/EF/*
더월게,0,0,-500,VA+EP+EF,*,F,더월게,Inflect,VA,EF,덥/VA/*+었/EP/*+ㄹ게/EF/*
더워자,0,0,-500,VA+EP+EF,*,F,더워자,Inflect,VA,EF,덥/VA/*+었/EP/*+자/EF/*
더워세요,0,0,-500,VA+EP+EF,*,F,더워세요,Inflect,VA,EF,덥/VA/*+었/EP/*+세요/EF/*
덥으시다,0,0,-500,VA+EP+EF,*,F,덥으시다,Inflect,VA,EF,덥/VA/*+시/EP/*+다/EF/*
덥으셔요,0,0,-500,VA+EP+EF,*,F,덥으셔요,Inflect,VA,EF,덥/VA/*+시/EP/*+요/EF/*
덥으십니다,0,0,-500,VA+EP+EF,*,F,덥으십니다,Inflect,VA,EF,덥/VA/*+시/EP/*+ㅂ니다/EF/*
덥으시습니다,0,0,-500,VA+EP+EF,*,F,덥으시습니다,Inflect,VA,EF,덥/VA/*+시/EP/*+습니다/EF/*
덥으실까,0,0,-500,VA+EP+EF,*,F,덥으실까,Inflect,VA,EF,덥/VA/*+시/EP/*+ㄹ까/EF/*
덥으실까요,0,0,-500,VA+EP+EF,*,F,덥으실까요,Inflect,VA,EF,덥/VA/*+시/EP/*+ㄹ까요/EF/*
덥으실게요,0,0,-500,VA+EP+EF,*,F,덥으실게요,Inflect,VA,EF,덥/VA/*+시/EP/*+ㄹ게요/EF/*
덥으실게,0,0,-500,VA+EP+EF,*,F,덥으실게,Inflect,VA,EF,덥/VA/*+시/EP/*+ㄹ게/EF/*
덥으시자,0,0,-500,VA+EP+EF,*,F,덥으시자,Inflect,VA,EF,덥/VA/*+시/EP/*+자/EF/*
덥으시세요,0,0,-500,VA+EP+EF,*,F,덥으시세요,Inflect,VA,EF,덥/VA/*+시/EP/*+세요/EF/*
덥겠다,0,0,-500,VA+EP+EF,*,F,덥겠다,Inflect,VA,EF,덥/VA/*+겠/EP/*+다/EF/*
덥겠어요,0,0,-500,VA+EP+EF,*,F,덥겠어요,Inflect,VA,EF,덥/VA/*+겠/EP/*+요/EF/*
덥겠ㅂ니다,0,0,-500,VA+EP+EF,*,F,덥겠ㅂ니다,Inflect,VA,EF,덥/VA/*+겠/EP/*+ㅂ니다/EF/*
덥겠으습니다,0,0,-500,VA+EP+EF,*,F,덥겠으습니다,Inflect,VA,EF,덥/VA/*+겠/EP/*+습니다/EF/*
덥겠ㄹ까,0,0,-500,VA+EP+EF,*,F,덥겠ㄹ까,Inflect,VA,EF,덥/VA/*+겠/EP/*+ㄹ까/EF/*
덥겠ㄹ까요,0,0,-500,VA+EP+EF,*,F,덥겠ㄹ까요,Inflect,VA,EF,덥/VA/*+겠/EP/*+ㄹ까요/EF/*
덥겠ㄹ게요,0,0,-500,VA+EP+EF,*,F,덥겠ㄹ게요,Inflect,VA,EF,덥/VA/*+겠/EP/*+ㄹ게요/EF/*
덥겠ㄹ게,0,0,-500,VA+EP+EF,*,F,덥겠ㄹ게,Inflect,VA,EF,덥/VA/*+겠/EP/*+ㄹ게/EF/*
덥겠자,0,0,-500,VA+EP+EF,*,F,덥겠자,Inflect,VA,EF,덥/VA/*+겠/EP/*+자/EF/*
덥겠으세요,0,0,-500,VA+EP+EF,*,F,덥겠으세요,Inflect,VA,EF,덥/VA/*+겠/EP/*+세요/EF/*
춥는,0,0,-500,VA+ETM,*,T,춥는,Inflect,VA,ETM,춥/VA/*+는/ETM/*
춥ㄴ,0,0,-500,VA+ETM,*,F,춥ㄴ,Inflect,VA,ETM,춥/VA/*+ㄴ/ETM/*
춥으은,0,0,-500,VA+ETM,*,T,춥으은,Inflect,VA,ETM,춥/VA/*+은/ETM/*
춥ㄹ,0,0,-500,VA+ETM,*,F,춥ㄹ,Inflect,VA,ETM,춥/VA/*+ㄹ/ETM/*
춥으을,0,0,-500,VA+ETM,*,T,춥으을,Inflect,VA,ETM,춥/VA/*+을/ETM/*
춥고,0,0,-500,VA+EC,*,F,춥고,Inflect,VA,EC,춥/VA/*+고/EC/*
추워,0,0,-500,VA+EC,*,F,추워,Inflect,VA,EC,춥/VA/*+서/EC/*
춥으니까,0,0,-500,VA+EC,*,F,춥으니까,Inflect,VA,EC,춥/VA/*+니까/EC/*
춥으니,0,0,-500,VA+EC,*,F,춥으니,Inflect,VA,EC,춥/VA/*+니/EC/*
춥으면,0,0,-500,VA+EC,*,T,춥으면,Inflect,VA,EC,춥/VA/*+면/EC/*
춥지만,0,0,-500,VA+EC,*,T,춥지만,Inflect,VA,EC,춥/VA/*+지만/EC/*
춥는데,0,0,-500,VA+EC,*,F,춥는데,Inflect,VA,EC,춥/VA/*+는데/EC/*
춥ㄴ데,0,0,-500,VA+EC,*,F,춥ㄴ데,Inflect,VA,EC,춥/VA/*+ㄴ데/EC/*
춥으은데,0,0,-500,VA+EC,*,F,춥으은데,Inflect,VA,EC,춥/VA/*+은데/EC/*
춥으면서,0,0,-500,VA+EC,*,F,춥으면서,Inflect,VA,EC,춥/VA/*+면서/EC/*
춥으며,0,0,-500,VA+EC,*,F,춥으며,Inflect,VA,EC,춥/VA/*+며/EC/*
춥으러,0,0,-500,VA+EC,*,F,춥으러,Inflect,VA,EC,춥/VA/*+러/EC/*
춥으려고,0,0,-500,VA+EC,*,F,춥으려고,Inflect,VA,EC,춥/VA/*+려고/EC/*
춥으려,0,0,-500,VA+EC,*,F,춥으려,Inflect,VA,EC,춥/VA/*+려/EC/*
추워,0,0,-500,VA+EC,*,F,추워,Inflect,VA,EC,춥/VA/*+도/EC/*
춥다가,0,0,-500,VA+EC,*,F,춥다가,Inflect,VA,EC,춥/VA/*+다가/EC/*
춥자,0,0,-500,VA+EC,*,F,춥자,Inflect,VA,EC,춥/VA/*+자/EC/*
춥자마자,0,0,-500,VA+EC,*,F,춥자마자,Inflect,VA,EC,춥/VA/*+자마자/EC/*
춥고서,0,0,-500,VA+EC,*,F,춥고서,Inflect,VA,EC,춥/VA/*+고서/EC/*
춥고나서,0,0,-500,VA+EC,*,F,춥고나서,Inflect,VA,EC,춥/VA/*+고나서/EC/*
춥도록,0,0,-500,VA+EC,*,T,춥도록,Inflect,VA,EC,춥/VA/*+도록/EC/*
춥게,0,0,-500,VA+EC,*,F,춥게,Inflect,VA,EC,춥/VA/*+게/EC/*
춥더라도,0,0,-500,VA+EC,*,F,춥더라도,Inflect,VA,EC,춥/VA/*+더라도/EC/*
춥ㄹ지라도,0,0,-500,VA+EC,*,F,춥ㄹ지라도,Inflect,VA,EC,춥/VA/*+ㄹ지라도/EC/*
춥으을지라도,0,0,-500,VA+EC,*,F,춥으을지라도,Inflect,VA,EC,춥/VA/*+을지라도/EC/*
춥ㄹ수록,0,0,-500,VA+EC,*,T,춥ㄹ수록,Inflect,VA,EC,춥/VA/*+ㄹ수록/EC/*
춥으을수록,0,0,-500,VA+EC,*,T,춥으을수록,Inflect,VA,EC,춥/VA/*+을수록/EC/*
춥다고,0,0,-500,VA+EC,*,F,춥다고,Inflect,VA,EC,춥/VA/*+다고/EC/*
춥라고,0,0,-500,VA+EC,*,F,춥라고,Inflect,VA,EC,춥/VA/*+라고/EC/*
춥냐고,0,0,-500,VA+EC,*,F,춥냐고,Inflect,VA,EC,춥/VA/*+냐고/EC/*
춥지,0,0,-500,VA+EC,*,F,춥지,Inflect,VA,EC,춥/VA/*+지/EC/*
춥거나,0,0,-500,VA+EC,*,F,춥거나,Inflect,VA,EC,춥/VA/*+거나/EC/*
춥든지,0,0,-500,VA+EC,*,F,춥든지,Inflect,VA,EC,춥/VA/*+든지/EC/*
춥듯이,0,0,-500,VA+EC,*,F,춥듯이,Inflect,VA,EC,춥/VA/*+듯이/EC/*
춥듯,0,0,-500,VA+EC,*,T,춥듯,Inflect,VA,EC,춥/VA/*+듯/EC/*
춥다,0,0,-500,VA+EF,*,F,춥다,Inflect,VA,EF,춥/VA/*+다/EF/*
추워,0,0,-500,VA+EF,*,F,추워,Inflect,VA,EF,춥/VA/*+요/EF/*
춥ㅂ니다,0,0,-500,VA+EF,*,F,춥ㅂ니다,Inflect,VA,EF,춥/VA/*+ㅂ니다/EF/*
춥으습니다,0,0,-500,VA+EF,*,F,춥으습니다,Inflect,VA,EF,춥/VA/*+습니다/EF/*
춥ㄹ까,0,0,-500,VA+EF,*,F,춥ㄹ까,Inflect,VA,EF,춥/VA/*+ㄹ까/EF/*
춥ㄹ까요,0,0,-500,VA+EF,*,F,춥ㄹ까요,Inflect,VA,EF,춥/VA/*+ㄹ까요/EF/*
춥ㄹ게요,0,0,-500,VA+EF,*,F,춥ㄹ게요,Inflect,VA,EF,춥/VA/*+ㄹ게요/EF/*
춥ㄹ게,0,0,-500,VA+EF,*,F,춥ㄹ게,Inflect,VA,EF,춥/VA/*+ㄹ게/EF/*
춥자,0,0,-500,VA+EF,*,F,춥자,Inflect,VA,EF,춥/VA/*+자/EF/*
춥으세요,0,0,-500,VA+EF,*,F,춥으세요,Inflect,VA,EF,춥/VA/*+세요/EF/*
추워다,0,0,-500,VA+EP+EF,*,F,추워다,Inflect,VA,EF,춥/VA/*+았/EP/*+다/EF/*
추워어요,0,0,-500,VA+EP+EF,*,F,추워어요,Inflect,VA,EF,춥/VA/*+았/EP/*+요/EF/*
추웝니다,0,0,-500,VA+EP+EF,*,F,추웝니다,Inflect,VA,EF,춥/VA/*+았/EP/*+ㅂ니다/EF/*
추워습니다,0,0,-500,VA+EP+EF,*,F,추워습니다,Inflect,VA,EF,춥/VA/*+았/EP/*+습니다/EF/*
추월까,0,0,-500,VA+EP+EF,*,F,추월까,Inflect,VA,EF,춥/VA/*+았/EP/*+ㄹ까/EF/*
추월까요,0,0,-500,VA+EP+EF,*,F,추월까요,Inflect,VA,EF,춥/VA/*+았/EP/*+ㄹ까요/EF/*
추월게요,0,0,-500,VA+EP+EF,*,F,추월게요,Inflect,VA,EF,춥/VA/*+았/EP/*+ㄹ게요/EF/*
추월게,0,0,-500,VA+EP+EF,*,F,추월게,Inflect,VA,EF,춥/VA/*+았/EP/*+ㄹ게/EF/*
추워자,0,0,-500,VA+EP+EF,*,F,추워자,Inflect,VA,EF,춥/VA/*+았/EP/*+자/EF/*
추워세요,0,0,-500,VA+EP+EF,*,F,추워세요,Inflect,VA,EF,춥/VA/*+았/EP/*+세요/EF/*
추워다,0,0,-500,VA+EP+EF,*,F,추워다,Inflect,VA,EF,춥/VA/*+었/EP/*+다/EF/*
추워어요,0,0,-500,VA+EP+EF,*,F,추워어요,Inflect,VA,EF,춥/VA/*+었/EP/*+요/EF/*
추웝니다,0,0,-500,VA+EP+EF,*,F,추웝니다,Inflect,VA,EF,춥/VA/*+었/EP/*+ㅂ니다/EF/*
추워습니다,0,0,-500,VA+EP+EF,*,F,추워습니다,Inflect,VA,EF,춥/VA/*+었/EP/*+습니다/EF/*
추월까,0,0,-500,VA+EP+EF,*,F,추월까,Inflect,VA,EF,춥/VA/*+었/EP/*+ㄹ까/EF/*
추월까요,0,0,-500,VA+EP+EF,*,F,추월까요,Inflect,VA,EF,춥/VA/*+었/EP/*+ㄹ까요/EF/*
추월게요,0,0,-500,VA+EP+EF,*,F,추월게요,Inflect,VA,EF,춥/VA/*+었/EP/*+ㄹ게요/EF/*
추월게,0,0,-500,VA+EP+EF,*,F,추월게,Inflect,VA,EF,춥/VA/*+었/EP/*+ㄹ게/EF/*
추워자,0,0,-500,VA+EP+EF,*,F,추워자,Inflect,VA,EF,춥/VA/*+었/EP/*+자/EF/*
추워세요,0,0,-500,VA+EP+EF,*,F,추워세요,Inflect,VA,EF,춥/VA/*+었/EP/*+세요/EF/*
춥으시다,0,0,-500,VA+EP+EF,*,F,춥으시다,Inflect,VA,EF,춥/VA/*+시/EP/*+다/EF/*
춥으셔요,0,0,-500,VA+EP+EF,*,F,춥으셔요,Inflect,VA,EF,춥/VA/*+시/EP/*+요/EF/*
춥으십니다,0,0,-500,VA+EP+EF,*,F,춥으십니다,Inflect,VA,EF,춥/VA/*+시/EP/*+ㅂ니다/EF/*
춥으시습니다,0,0,-500,VA+EP+EF,*,F,춥으시습니다,Inflect,VA,EF,춥/VA/*+시/EP/*+습니다/EF/*
춥으실까,0,0,-500,VA+EP+EF,*,F,춥으실까,Inflect,VA,EF,춥/VA/*+시/EP/*+ㄹ까/EF/*
춥으실까요,0,0,-500,VA+EP+EF,*,F,춥으실까요,Inflect,VA,EF,춥/VA/*+시/EP/*+ㄹ까요/EF/*
춥으실게요,0,0,-500,VA+EP+EF,*,F,춥으실게요,Inflect,VA,EF,춥/VA/*+시/EP/*+ㄹ게요/EF/*
춥으실게,0,0,-500,VA+EP+EF,*,F,춥으실게,Inflect,VA,EF,춥/VA/*+시/EP/*+ㄹ게/EF/*
춥으시자,0,0,-500,VA+EP+EF,*,F,춥으시자,Inflect,VA,EF,춥/VA/*+시/EP/*+자/EF/*
춥으시세요,0,0,-500,VA+EP+EF,*,F,춥으시세요,Inflect,VA,EF,춥/VA/*+시/EP/*+세요/EF/*
춥겠다,0,0,-500,VA+EP+EF,*,F,춥겠다,Inflect,VA,EF,춥/VA/*+겠/EP/*+다/EF/*
춥겠어요,0,0,-500,VA+EP+EF,*,F,춥겠어요,Inflect,VA,EF,춥/VA/*+겠/EP/*+요/EF/*
춥겠ㅂ니다,0,0,-500,VA+EP+EF,*,F,춥겠ㅂ니다,Inflect,VA,EF,춥/VA/*+겠/EP/*+ㅂ니다/EF/*
춥겠으습니다,0,0,-500,VA+EP+EF,*,F,춥겠으습니다,Inflect,VA,EF,춥/VA/*+겠/EP/*+습니다/EF/*
춥겠ㄹ까,0,0,-500,VA+EP+EF,*,F,춥겠ㄹ까,Inflect,VA,EF,춥/VA/*+겠/EP/*+ㄹ까/EF/*
춥겠ㄹ까요,0,0,-500,VA+EP+EF,*,F,춥겠ㄹ까요,Inflect,VA,EF,춥/VA/*+겠/EP/*+ㄹ까요/EF/*
춥겠ㄹ게요,0,0,-500,VA+EP+EF,*,F,춥겠ㄹ게요,Inflect,VA,EF,춥/VA/*+겠/EP/*+ㄹ게요/EF/*
춥겠ㄹ게,0,0,-500,VA+EP+EF,*,F,춥겠ㄹ게,Inflect,VA,EF,춥/VA/*+겠/EP/*+ㄹ게/EF/*
춥겠자,0,0,-500,VA+EP+EF,*,F,춥겠자,Inflect,VA,EF,춥/VA/*+겠/EP/*+자/EF/*
춥겠으세요,0,0,-500,VA+EP+EF,*,F,춥겠으세요,Inflect,VA,EF,춥/VA/*+겠/EP/*+세요/EF/*
가깝는,0,0,-500,VA+ETM,*,T,가깝는,Inflect,VA,ETM,가깝/VA/*+는/ETM/*
가깝ㄴ,0,0,-500,VA+ETM,*,F,가깝ㄴ,Inflect,VA,ETM,가깝/VA/*+ㄴ/ETM/*
가깝으은,0,0,-500,VA+ETM,*,T,가깝으은,Inflect,VA,ETM,가깝/VA/*+은/ETM/*
가깝ㄹ,0,0,-500,VA+ETM,*,F,가깝ㄹ,Inflect,VA,ETM,가깝/VA/*+ㄹ/ETM/*
가깝으을,0,0,-500,VA+ETM,*,T,가깝으을,Inflect,VA,ETM,가깝/VA/*+을/ETM/*
가깝고,0,0,-500,VA+EC,*,F,가깝고,Inflect,VA,EC,가깝/VA/*+고/EC/*
가까워,0,0,-500,VA+EC,*,F,가까워,Inflect,VA,EC,가깝/VA/*+서/EC/*
가깝으니까,0,0,-500,VA+EC,*,F,가깝으니까,Inflect,VA,EC,가깝/VA/*+니까/EC/*
가깝으니,0,0,-500,VA+EC,*,F,가깝으니,Inflect,VA,EC,가깝/VA/*+니/EC/*
가깝으면,0,0,-500,VA+EC,*,T,가깝으면,Inflect,VA,EC,가깝/VA/*+면/EC/*
가깝지만,0,0,-500,VA+EC,*,T,가깝지만,Inflect,VA,EC,가깝/VA/*+지만/EC/*
가깝는데,0,0,-500,VA+EC,*,F,가깝는데,Inflect,VA,EC,가깝/VA/*+는데/EC/*
가깝ㄴ데,0,0,-500,VA+EC,*,F,가깝ㄴ데,Inflect,VA,EC,가깝/VA/*+ㄴ데/EC/*
가깝으은데,0,0,-500,VA+EC,*,F,가깝으은데,Inflect,VA,EC,가깝/VA/*+은데/EC/*
가깝으면서,0,0,-500,VA+EC,*,F,가깝으면서,Inflect,VA,EC,가깝/VA/*+면서/EC/*
가깝으며,0,0,-500,VA+EC,*,F,가깝으며,Inflect,VA,EC,가깝/VA/*+며/EC/*
가깝으러,0,0,-500,VA+EC,*,F,가깝으러,Inflect,VA,EC,가깝/VA/*+러/EC/*
가깝으려고,0,0,-500,VA+EC,*,F,가깝으려고,Inflect,VA,EC,가깝/VA/*+려고/EC/*
가깝으려,0,0,-500,VA+EC,*,F,가깝으려,Inflect,VA,EC,가깝/VA/*+려/EC/*
가까워,0,0,-500,VA+EC,*,F,가까워,Inflect,VA,EC,가깝/VA/*+도/EC/*
가깝다가,0,0,-500,VA+EC,*,F,가깝다가,Inflect,VA,EC,가깝/VA/*+다가/EC/*
가깝자,0,0,-500,VA+EC,*,F,가깝자,Inflect,VA,EC,가깝/VA/*+자/EC/*
가깝자마자,0,0,-500,VA+EC,*,F,가깝자마자,Inflect,VA,EC,가깝/VA/*+자마자/EC/*
가깝고서,0,0,-500,VA+EC,*,F,가깝고서,Inflect,VA,EC,가깝/VA/*+고서/EC/*
가깝고나서,0,0,-500,VA+EC,*,F,가깝고나서,Inflect,VA,EC,가깝/VA/*+고나서/EC/*
가깝도록,0,0,-500,VA+EC,*,T,가깝도록,Inflect,VA,EC,가깝/VA/*+도록/EC/*
가깝게,0,0,-500,VA+EC,*,F,가깝게,Inflect,VA,EC,가깝/VA/*+게/EC/*
가깝더라도,0,0,-500,VA+EC,*,F,가깝더라도,Inflect,VA,EC,가깝/VA/*+더라도/EC/*
가깝ㄹ지라도,0,0,-500,VA+EC,*,F,가깝ㄹ지라도,Inflect,VA,EC,가깝/VA/*+ㄹ지라도/EC/*
가깝으을지라도,0,0,-500,VA+EC,*,F,가깝으을지라도,Inflect,VA,EC,가깝/VA/*+을지라도/EC/*
가깝ㄹ수록,0,0,-500,VA+EC,*,T,가깝ㄹ수록,Inflect,VA,EC,가깝/VA/*+ㄹ수록/EC/*
가깝으을수록,0,0,-500,VA+EC,*,T,가깝으을수록,Inflect,VA,EC,가깝/VA/*+을수록/EC/*
가깝다고,0,0,-500,VA+EC,*,F,가깝다고,Inflect,VA,EC,가깝/VA/*+다고/EC/*
가깝라고,0,0,-500,VA+EC,*,F,가깝라고,Inflect,VA,EC,가깝/VA/*+라고/EC/*
가깝냐고,0,0,-500,VA+EC,*,F,가깝냐고,Inflect,VA,EC,가깝/VA/*+냐고/EC/*
가깝지,0,0,-500,VA+EC,*,F,가깝지,Inflect,VA,EC,가깝/VA/*+지/EC/*
가깝거나,0,0,-500,VA+EC,*,F,가깝거나,Inflect,VA,EC,가깝/VA/*+거나/EC/*
가깝든지,0,0,-500,VA+EC,*,F,가깝든지,Inflect,VA,EC,가깝/VA/*+든지/EC/*
가깝듯이,0,0,-500,VA+EC,*,F,가깝듯이,Inflect,VA,EC,가깝/VA/*+듯이/EC/*
가깝듯,0,0,-500,VA+EC,*,T,가깝듯,Inflect,VA,EC,가깝/VA/*+듯/EC/*
가깝다,0,0,-500,VA+EF,*,F,가깝다,Inflect,VA,EF,가깝/VA/*+다/EF/*
가까워,0,0,-500,VA+EF,*,F,가까워,Inflect,VA,EF,가깝/VA/*+요/EF/*
가깝ㅂ니다,0,0,-500,VA+EF,*,F,가깝ㅂ니다,Inflect,VA,EF,가깝/VA/*+ㅂ니다/EF/*
가깝으습니다,0,0,-500,VA+EF,*,F,가깝으습니다,Inflect,VA,EF,가깝/VA/*+습니다/EF/*
가깝ㄹ까,0,0,-500,VA+EF,*,F,가깝ㄹ까,Inflect,VA,EF,가깝/VA/*+ㄹ까/EF/*
가깝ㄹ까요,0,0,-500,VA+EF,*,F,가깝ㄹ까요,Inflect,VA,EF,가깝/VA/*+ㄹ까요/EF/*
가깝ㄹ게요,0,0,-500,VA+EF,*,F,가깝ㄹ게요,Inflect,VA,EF,가깝/VA/*+ㄹ게요/EF/*
가깝ㄹ게,0,0,-500,VA+EF,*,F,가깝ㄹ게,Inflect,VA,EF,가깝/VA/*+ㄹ게/EF/*
가깝자,0,0,-500,VA+EF,*,F,가깝자,Inflect,VA,EF,가깝/VA/*+자/EF/*
가깝으세요,0,0,-500,VA+EF,*,F,가깝으세요,Inflect,VA,EF,가깝/VA/*+세요/EF/*
가까워다,0,0,-500,VA+EP+EF,*,F,가까워다,Inflect,VA,EF,가깝/VA/*+았/EP/*+다/EF/*
가까워어요,0,0,-500,VA+EP+EF,*,F,가까워어요,Inflect,VA,EF,가깝/VA/*+았/EP/*+요/EF/*
가까웝니다,0,0,-500,VA+EP+EF,*,F,가까웝니다,Inflect,VA,EF,가깝/VA/*+았/EP/*+ㅂ니다/EF/*
가까워습니다,0,0,-500,VA+EP+EF,*,F,가까워습니다,Inflect,VA,EF,가깝/VA/*+았/EP/*+습니다/EF/*
가까월까,0,0,-500,VA+EP+EF,*,F,가까월까,Inflect,VA,EF,가깝/VA/*+았/EP/*+ㄹ까/EF/*
가까월까요,0,0,-500,VA+EP+EF,*,F,가까월까요,Inflect,VA,EF,가깝/VA/*+았/EP/*+ㄹ까요/EF/*
가까월게요,0,0,-500,VA+EP+EF,*,F,가까월게요,Inflect,VA,EF,가깝/VA/*+았/EP/*+ㄹ게요/EF/*
가까월게,0,0,-500,VA+EP+EF,*,F,가까월게,Inflect,VA,EF,가깝/VA/*+았/EP/*+ㄹ게/EF/*
가까워자,0,0,-500,VA+EP+EF,*,F,가까워자,Inflect,VA,EF,가깝/VA/*+았/EP/*+자/EF/*
가까워세요,0,0,-500,VA+EP+EF,*,F,가까워세요,Inflect,VA,EF,가깝/VA/*+았/EP/*+세요/EF/*
가까워다,0,0,-500,VA+EP+EF,*,F,가까워다,Inflect,VA,EF,가깝/VA/*+었/EP/*+다/EF/*
가까워어요,0,0,-500,VA+EP+EF,*,F,가까워어요,Inflect,VA,EF,가깝/VA/*+었/EP/*+요/EF/*
가까웝니다,0,0,-500,VA+EP+EF,*,F,가까웝니다,Inflect,VA,EF,가깝/VA/*+었/EP/*+ㅂ니다/EF/*
가까워습니다,0,0,-500,VA+EP+EF,*,F,가까워습니다,Inflect,VA,EF,가깝/VA/*+었/EP/*+습니다/EF/*
가까월까,0,0,-500,VA+EP+EF,*,F,가까월까,Inflect,VA,EF,가깝/VA/*+었/EP/*+ㄹ까/EF/*
가까월까요,0,0,-500,VA+EP+EF,*,F,가까월까요,Inflect,VA,EF,가깝/VA/*+었/EP/*+ㄹ까요/EF/*
가까월게요,0,0,-500,VA+EP+EF,*,F,가까월게요,Inflect,VA,EF,가깝/VA/*+었/EP/*+ㄹ게요/EF/*
가까월게,0,0,-500,VA+EP+EF,*,F,가까월게,Inflect,VA,EF,가깝/VA/*+었/EP/*+ㄹ게/EF/*
가까워자,0,0,-500,VA+EP+EF,*,F,가까워자,Inflect,VA,EF,가깝/VA/*+었/EP/*+자/EF/*
가까워세요,0,0,-500,VA+EP+EF,*,F,가까워세요,Inflect,VA,EF,가깝/VA/*+었/EP/*+세요/EF/*
가깝으시다,0,0,-500,VA+EP+EF,*,F,가깝으시다,Inflect,VA,EF,가깝/VA/*+시/EP/*+다/EF/*
가깝으셔요,0,0,-500,VA+EP+EF,*,F,가깝으셔요,Inflect,VA,EF,가깝/VA/*+시/EP/*+요/EF/*
가깝으십니다,0,0,-500,VA+EP+EF,*,F,가깝으십니다,Inflect,VA,EF,가깝/VA/*+시/EP/*+ㅂ니다/EF/*
가깝으시습니다,0,0,-500,VA+EP+EF,*,F,가깝으시습니다,Inflect,VA,EF,가깝/VA/*+시/EP/*+습니다/EF/*
가깝으실까,0,0,-500,VA+EP+EF,*,F,가깝으실까,Inflect,VA,EF,가깝/VA/*+시/EP/*+ㄹ까/EF/*
가깝으실까요,0,0,-500,VA+EP+EF,*,F,가깝으실까요,Inflect,VA,EF,가깝/VA/*+시/EP/*+ㄹ까요/EF/*
가깝으실게요,0,0,-500,VA+EP+EF,*,F,가깝으실게요,Inflect,VA,EF,가깝/VA/*+시/EP/*+ㄹ게요/EF/*
가깝으실게,0,0,-500,VA+EP+EF,*,F,가깝으실게,Inflect,VA,EF,가깝/VA/*+시/EP/*+ㄹ게/EF/*
가깝으시자,0,0,-500,VA+EP+EF,*,F,가깝으시자,Inflect,VA,EF,가깝/VA/*+시/EP/*+자/EF/*
가깝으시세요,0,0,-500,VA+EP+EF,*,F,가깝으시세요,Inflect,VA,EF,가깝/VA/*+시/EP/*+세요/EF/*
가깝겠다,0,0,-500,VA+EP+EF,*,F,가깝겠다,Inflect,VA,EF,가깝/VA/*+겠/EP/*+다/EF/*
가깝겠어요,0,0,-500,VA+EP+EF,*,F,가깝겠어요,Inflect,VA,EF,가깝/VA/*+겠/EP/*+요/EF/*
가깝겠ㅂ니다,0,0,-500,VA+EP+EF,*,F,가깝겠ㅂ니다,Inflect,VA,EF,가깝/VA/*+겠/EP/*+ㅂ니다/EF/*
가깝겠으습니다,0,0,-500,VA+EP+EF,*,F,가깝겠으습니다,Inflect,VA,EF,가깝/VA/*+겠/EP/*+습니다/EF/*
가깝겠ㄹ까,0,0,-500,VA+EP+EF,*,F,가깝겠ㄹ까,Inflect,VA,EF,가깝/VA/*+겠/EP/*+ㄹ까/EF/*
가깝겠ㄹ까요,0,0,-500,VA+EP+EF,*,F,가깝겠ㄹ까요,Inflect,VA,EF,가깝/VA/*+겠/EP/*+ㄹ까요/EF/*
가깝겠ㄹ게요,0,0,-500,VA+EP+EF,*,F,가깝겠ㄹ게요,Inflect,VA,EF,가깝/VA/*+겠/EP/*+ㄹ게요/EF/*
가깝겠ㄹ게,0,0,-500,VA+EP+EF,*,F,가깝겠ㄹ게,Inflect,VA,EF,가깝/VA/*+겠/EP/*+ㄹ게/EF/*
가깝겠자,0,0,-500,VA+EP+EF,*,F,가깝겠자,Inflect,VA,EF,가깝/VA/*+겠/EP/*+자/EF/*
가깝겠으세요,0,0,-500,VA+EP+EF,*,F,가깝겠으세요,Inflect,VA,EF,가깝/VA/*+겠/EP/*+세요/EF/*
어렵는,0,0,-500,VA+ETM,*,T,어렵는,Inflect,VA,ETM,어렵/VA/*+는/ETM/*
어렵ㄴ,0,0,-500,VA+ETM,*,F,어렵ㄴ,Inflect,VA,ETM,어렵/VA/*+ㄴ/ETM/*
어렵으은,0,0,-500,VA+ETM,*,T,어렵으은,Inflect,VA,ETM,어렵/VA/*+은/ETM/*
어렵ㄹ,0,0,-500,VA+ETM,*,F,어렵ㄹ,Inflect,VA,ETM,어렵/VA/*+ㄹ/ETM/*
어렵으을,0,0,-500,VA+ETM,*,T,어렵으을,Inflect,VA,ETM,어렵/VA/*+을/ETM/*
어렵고,0,0,-500,VA+EC,*,F,어렵고,Inflect,VA,EC,어렵/VA/*+고/EC/*
어려워,0,0,-500,VA+EC,*,F,어려워,Inflect,VA,EC,어렵/VA/*+서/EC/*
어렵으니까,0,0,-500,VA+EC,*,F,어렵으니까,Inflect,VA,EC,어렵/VA/*+니까/EC/*
어렵으니,0,0,-500,VA+EC,*,F,어렵으니,Inflect,VA,EC,어렵/VA/*+니/EC/*
어렵으면,0,0,-500,VA+EC,*,T,어렵으면,Inflect,VA,EC,어렵/VA/*+면/EC/*
어렵지만,0,0,-500,VA+EC,*,T,어렵지만,Inflect,VA,EC,어렵/VA/*+지만/EC/*
어렵는데,0,0,-500,VA+EC,*,F,어렵는데,Inflect,VA,EC,어렵/VA/*+는데/EC/*
어렵ㄴ데,0,0,-500,VA+EC,*,F,어렵ㄴ데,Inflect,VA,EC,어렵/VA/*+ㄴ데/EC/*
어렵으은데,0,0,-500,VA+EC,*,F,어렵으은데,Inflect,VA,EC,어렵/VA/*+은데/EC/*
어렵으면서,0,0,-500,VA+EC,*,F,어렵으면서,Inflect,VA,EC,어렵/VA/*+면서/EC/*
어렵으며,0,0,-500,VA+EC,*,F,어렵으며,Inflect,VA,EC,어렵/VA/*+며/EC/*
어렵으러,0,0,-500,VA+EC,*,F,어렵으러,Inflect,VA,EC,어렵/VA/*+러/EC/*
어렵으려고,0,0,-500,VA+EC,*,F,어렵으려고,Inflect,VA,EC,어렵/VA/*+려고/EC/*
어렵으려,0,0,-500,VA+EC,*,F,어렵으려,Inflect,VA,EC,어렵/VA/*+려/EC/*
어려워,0,0,-500,VA+EC,*,F,어려워,Inflect,VA,EC,어렵/VA/*+도/EC/*
어렵다가,0,0,-500,VA+EC,*,F,어렵다가,Inflect,VA,EC,어렵/VA/*+다가/EC/*
어렵자,0,0,-500,VA+EC,*,F,어렵자,Inflect,VA,EC,어렵/VA/*+자/EC/*
어렵자마자,0,0,-500,VA+EC,*,F,어렵자마자,Inflect,VA,EC,어렵/VA/*+자마자/EC/*
어렵고서,0,0,-500,VA+EC,*,F,어렵고서,Inflect,VA,EC,어렵/VA/*+고서/EC/*
어렵고나서,0,0,-500,VA+EC,*,F,어렵고나서,Inflect,VA,EC,어렵/VA/*+고나서/EC/*
어렵도록,0,0,-500,VA+EC,*,T,어렵도록,Inflect,VA,EC,어렵/VA/*+도록/EC/*
어렵게,0,0,-500,VA+EC,*,F,어렵게,Inflect,VA,EC,어렵/VA/*+게/EC/*
어렵더라도,0,0,-500,VA+EC,*,F,어렵더라도,Inflect,VA,EC,어렵/VA/*+더라도/EC/*
어렵ㄹ지라도,0,0,-500,VA+EC,*,F,어렵ㄹ지라도,Inflect,VA,EC,어렵/VA/*+ㄹ지라도/EC/*
어렵으을지라도,0,0,-500,VA+EC,*,F,어렵으을지라도,Inflect,VA,EC,어렵/VA/*+을지라도/EC/*
어렵ㄹ수록,0,0,-500,VA+EC,*,T,어렵ㄹ수록,Inflect,VA,EC,어렵/VA/*+ㄹ수록/EC/*
어렵으을수록,0,0,-500,VA+EC,*,T,어렵으을수록,Inflect,VA,EC,어렵/VA/*+을수록/EC/*
어렵다고,0,0,-500,VA+EC,*,F,어렵다고,Inflect,VA,EC,어렵/VA/*+다고/EC/*
어렵라고,0,0,-500,VA+EC,*,F,어렵라고,Inflect,VA,EC,어렵/VA/*+라고/EC/*
어렵냐고,0,0,-500,VA+EC,*,F,어렵냐고,Inflect,VA,EC,어렵/VA/*+냐고/EC/*
어렵지,0,0,-500,VA+EC,*,F,어렵지,Inflect,VA,EC,어렵/VA/*+지/EC/*
어렵거나,0,0,-500,VA+EC,*,F,어렵거나,Inflect,VA,EC,어렵/VA/*+거나/EC/*
어렵든지,0,0,-500,VA+EC,*,F,어렵든지,Inflect,VA,EC,어렵/VA/*+든지/EC/*
어렵듯이,0,0,-500,VA+EC,*,F,어렵듯이,Inflect,VA,EC,어렵/VA/*+듯이/EC/*
어렵듯,0,0,-500,VA+EC,*,T,어렵듯,Inflect,VA,EC,어렵/VA/*+듯/EC/*
어렵다,0,0,-500,VA+EF,*,F,어렵다,Inflect,VA,EF,어렵/VA/*+다/EF/*
어려워,0,0,-500,VA+EF,*,F,어려워,Inflect,VA,EF,어렵/VA/*+요/EF/*
어렵ㅂ니다,0,0,-500,VA+EF,*,F,어렵ㅂ니다,Inflect,VA,EF,어렵/VA/*+ㅂ니다/EF/*
어렵으습니다,0,0,-500,VA+EF,*,F,어렵으습니다,Inflect,VA,EF,어렵/VA/*+습니다/EF/*
어렵ㄹ까,0,0,-500,VA+EF,*,F,어렵ㄹ까,Inflect,VA,EF,어렵/VA/*+ㄹ까/EF/*
어렵ㄹ까요,0,0,-500,VA+EF,*,F,어렵ㄹ까요,Inflect,VA,EF,어렵/VA/*+ㄹ까요/EF/*
어렵ㄹ게요,0,0,-500,VA+EF,*,F,어렵ㄹ게요,Inflect,VA,EF,어렵/VA/*+ㄹ게요/EF/*
어렵ㄹ게,0,0,-500,VA+EF,*,F,어렵ㄹ게,Inflect,VA,EF,어렵/VA/*+ㄹ게/EF/*
어렵자,0,0,-500,VA+EF,*,F,어렵자,Inflect,VA,EF,어렵/VA/*+자/EF/*
어렵으세요,0,0,-500,VA+EF,*,F,어렵으세요,Inflect,VA,EF,어렵/VA/*+세요/EF/*
어려워다,0,0,-500,VA+EP+EF,*,F,어려워다,Inflect,VA,EF,어렵/VA/*+았/EP/*+다/EF/*
어려워어요,0,0,-500,VA+EP+EF,*,F,어려워어요,Inflect,VA,EF,어렵/VA/*+았/EP/*+요/EF/*
어려웝니다,0,0,-500,VA+EP+EF,*,F,어려웝니다,Inflect,VA,EF,어렵/VA/*+았/EP/*+ㅂ니다/EF/*
어려워습니다,0,0,-500,VA+EP+EF,*,F,어려워습니다,Inflect,VA,EF,어렵/VA/*+았/EP/*+습니다/EF/*
어려월까,0,0,-500,VA+EP+EF,*,F,어려월까,Inflect,VA,EF,어렵/VA/*+았/EP/*+ㄹ까/EF/*
어려월까요,0,0,-500,VA+EP+EF,*,F,어려월까요,Inflect,VA,EF,어렵/VA/*+았/EP/*+ㄹ까요/EF/*
어려월게요,0,0,-500,VA+EP+EF,*,F,어려월게요,Inflect,VA,EF,어렵/VA/*+았/EP/*+ㄹ게요/EF/*
어려월게,0,0,-500,VA+EP+EF,*,F,어려월게,Inflect,VA,EF,어렵/VA/*+았/EP/*+ㄹ게/EF/*
어려워자,0,0,-500,VA+EP+EF,*,F,어려워자,Inflect,VA,EF,어렵/VA/*+았/EP/*+자/EF/*
어려워세요,0,0,-500,VA+EP+EF,*,F,어려워세요,Inflect,VA,EF,어렵/VA/*+았/EP/*+세요/EF/*
어려워다,0,0,-500,VA+EP+EF,*,F,어려워다,Inflect,VA,EF,어렵/VA/*+었/EP/*+다/EF/*
어려워어요,0,0,-500,VA+EP+EF,*,F,어려워어요,Inflect,VA,EF,어렵/VA/*+었/EP/*+요/EF/*
어려웝니다,0,0,-500,VA+EP+EF,*,F,어려웝니다,Inflect,VA,EF,어렵/VA/*+었/EP/*+ㅂ니다/EF/*
어려워습니다,0,0,-500,VA+EP+EF,*,F,어려워습니다,Inflect,VA,EF,어렵/VA/*+었/EP/*+습니다/EF/*
어려월까,0,0,-500,VA+EP+EF,*,F,어려월까,Inflect,VA,EF,어렵/VA/*+었/EP/*+ㄹ까/EF/*
어려월까요,0,0,-500,VA+EP+EF,*,F,어려월까요,Inflect,VA,EF,어렵/VA/*+었/EP/*+ㄹ까요/EF/*
어려월게요,0,0,-500,VA+EP+EF,*,F,어려월게요,Inflect,VA,EF,어렵/VA/*+었/EP/*+ㄹ게요/EF/*
어려월게,0,0,-500,VA+EP+EF,*,F,어려월게,Inflect,VA,EF,어렵/VA/*+었/EP/*+ㄹ게/EF/*
어려워자,0,0,-500,VA+EP+EF,*,F,어려워자,Inflect,VA,EF,어렵/VA/*+었/EP/*+자/EF/*
어려워세요,0,0,-500,VA+EP+EF,*,F,어려워세요,Inflect,VA,EF,어렵/VA/*+었/EP/*+세요/EF/*
어렵으시다,0,0,-500,VA+EP+EF,*,F,어렵으시다,Inflect,VA,EF,어렵/VA/*+시/EP/*+다/EF/*
어렵으셔요,0,0,-500,VA+EP+EF,*,F,어렵으셔요,Inflect,VA,EF,어렵/VA/*+시/EP/*+요/EF/*
어렵으십니다,0,0,-500,VA+EP+EF,*,F,어렵으십니다,Inflect,VA,EF,어렵/VA/*+시/EP/*+ㅂ니다/EF/*
어렵으시습니다,0,0,-500,VA+EP+EF,*,F,어렵으시습니다,Inflect,VA,EF,어렵/VA/*+시/EP/*+습니다/EF/*
어렵으실까,0,0,-500,VA+EP+EF,*,F,어렵으실까,Inflect,VA,EF,어렵/VA/*+시/EP/*+ㄹ까/EF/*
어렵으실까요,0,0,-500,VA+EP+EF,*,F,어렵으실까요,Inflect,VA,EF,어렵/VA/*+시/EP/*+ㄹ까요/EF/*
어렵으실게요,0,0,-500,VA+EP+EF,*,F,어렵으실게요,Inflect,VA,EF,어렵/VA/*+시/EP/*+ㄹ게요/EF/*
어렵으실게,0,0,-500,VA+EP+EF,*,F,어렵으실게,Inflect,VA,EF,어렵/VA/*+시/EP/*+ㄹ게/EF/*
어렵으시자,0,0,-500,VA+EP+EF,*,F,어렵으시자,Inflect,VA,EF,어렵/VA/*+시/EP/*+자/EF/*
어렵으시세요,0,0,-500,VA+EP+EF,*,F,어렵으시세요,Inflect,VA,EF,어렵/VA/*+시/EP/*+세요/EF/*
어렵겠다,0,0,-500,VA+EP+EF,*,F,어렵겠다,Inflect,VA,EF,어렵/VA/*+겠/EP/*+다/EF/*
어렵겠어요,0,0,-500,VA+EP+EF,*,F,어렵겠어요,Inflect,VA,EF,어렵/VA/*+겠/EP/*+요/EF/*
어렵겠ㅂ니다,0,0,-500,VA+EP+EF,*,F,어렵겠ㅂ니다,Inflect,VA,EF,어렵/VA/*+겠/EP/*+ㅂ니다/EF/*
어렵겠으습니다,0,0,-500,VA+EP+EF,*,F,어렵겠으습니다,Inflect,VA,EF,어렵/VA/*+겠/EP/*+습니다/EF/*
어렵겠ㄹ까,0,0,-500,VA+EP+EF,*,F,어렵겠ㄹ까,Inflect,VA,EF,어렵/VA/*+겠/EP/*+ㄹ까/EF/*
어렵겠ㄹ까요,0,0,-500,VA+EP+EF,*,F,어렵겠ㄹ까요,Inflect,VA,EF,어렵/VA/*+겠/EP/*+ㄹ까요/EF/*
어렵겠ㄹ게요,0,0,-500,VA+EP+EF,*,F,어렵겠ㄹ게요,Inflect,VA,EF,어렵/VA/*+겠/EP/*+ㄹ게요/EF/*
어렵겠ㄹ게,0,0,-500,VA+EP+EF,*,F,어렵겠ㄹ게,Inflect,VA,EF,어렵/VA/*+겠/EP/*+ㄹ게/EF/*
어렵겠자,0,0,-500,VA+EP+EF,*,F,어렵겠자,Inflect,VA,EF,어렵/VA/*+겠/EP/*+자/EF/*
어렵겠으세요,0,0,-500,VA+EP+EF,*,F,어렵겠으세요,Inflect,VA,EF,어렵/VA/*+겠/EP/*+세요/EF/*
쉽는,0,0,-500,VA+ETM,*,T,쉽는,Inflect,VA,ETM,쉽/VA/*+는/ETM/*
쉽ㄴ,0,0,-500,VA+ETM,*,F,쉽ㄴ,Inflect,VA,ETM,쉽/VA/*+ㄴ/ETM/*
쉽으은,0,0,-500,VA+ETM,*,T,쉽으은,Inflect,VA,ETM,쉽/VA/*+은/ETM/*
쉽ㄹ,0,0,-500,VA+ETM,*,F,쉽ㄹ,Inflect,VA,ETM,쉽/VA/*+ㄹ/ETM/*
쉽으을,0,0,-500,VA+ETM,*,T,쉽으을,Inflect,VA,ETM,쉽/VA/*+을/ETM/*
쉽고,0,0,-500,VA+EC,*,F,쉽고,Inflect,VA,EC,쉽/VA/*+고/EC/*
쉬워,0,0,-500,VA+EC,*,F,쉬워,Inflect,VA,EC,쉽/VA/*+서/EC/*
쉽으니까,0,0,-500,VA+EC,*,F,쉽으니까,Inflect,VA,EC,쉽/VA/*+니까/EC/*
쉽으니,0,0,-500,VA+EC,*,F,쉽으니,Inflect,VA,EC,쉽/VA/*+니/EC/*
쉽으면,0,0,-500,VA+EC,*,T,쉽으면,Inflect,VA,EC,쉽/VA/*+면/EC/*
쉽지만,0,0,-500,VA+EC,*,T,쉽지만,Inflect,VA,EC,쉽/VA/*+지만/EC/*
쉽는데,0,0,-500,VA+EC,*,F,쉽는데,Inflect,VA,EC,쉽/VA/*+는데/EC/*
쉽ㄴ데,0,0,-500,VA+EC,*,F,쉽ㄴ데,Inflect,VA,EC,쉽/VA/*+ㄴ데/EC/*
쉽으은데,0,0,-500,VA+EC,*,F,쉽으은데,Inflect,VA,EC,쉽/VA/*+은데/EC/*
쉽으면서,0,0,-500,VA+EC,*,F,쉽으면서,Inflect,VA,EC,쉽/VA/*+면서/EC/*
쉽으며,0,0,-500,VA+EC,*,F,쉽으며,Inflect,VA,EC,쉽/VA/*+며/EC/*
쉽으러,0,0,-500,VA+EC,*,F,쉽으러,Inflect,VA,EC,쉽/VA/*+러/EC/*
쉽으려고,0,0,-500,VA+EC,*,F,쉽으려고,Inflect,VA,EC,쉽/VA/*+려고/EC/*
쉽으려,0,0,-500,VA+EC,*,F,쉽으려,Inflect,VA,EC,쉽/VA/*+려/EC/*
쉬워,0,0,-500,VA+EC,*,F,쉬워,Inflect,VA,EC,쉽/VA/*+도/EC/*
쉽다가,0,0,-500,VA+EC,*,F,쉽다가,Inflect,VA,EC,쉽/VA/*+다가/EC/*
쉽자,0,0,-500,VA+EC,*,F,쉽자,Inflect,VA,EC,쉽/VA/*+자/EC/*
쉽자마자,0,0,-500,VA+EC,*,F,쉽자마자,Inflect,VA,EC,쉽/VA/*+자마자/EC/*
쉽고서,0,0,-500,VA+EC,*,F,쉽고서,Inflect,VA,EC,쉽/VA/*+고서/EC/*
쉽고나서,0,0,-500,VA+EC,*,F,쉽고나서,Inflect,VA,EC,쉽/VA/*+고나서/EC/*
쉽도록,0,0,-500,VA+EC,*,T,쉽도록,Inflect,VA,EC,쉽/VA/*+도록/EC/*
쉽게,0,0,-500,VA+EC,*,F,쉽게,Inflect,VA,EC,쉽/VA/*+게/EC/*
쉽더라도,0,0,-500,VA+EC,*,F,쉽더라도,Inflect,VA,EC,쉽/VA/*+더라도/EC/*
쉽ㄹ지라도,0,0,-500,VA+EC,*,F,쉽ㄹ지라도,Inflect,VA,EC,쉽/VA/*+ㄹ지라도/EC/*
쉽으을지라도,0,0,-500,VA+EC,*,F,쉽으을지라도,Inflect,VA,EC,쉽/VA/*+을지라도/EC/*
쉽ㄹ수록,0,0,-500,VA+EC,*,T,쉽ㄹ수록,Inflect,VA,EC,쉽/VA/*+ㄹ수록/EC/*
쉽으을수록,0,0,-500,VA+EC,*,T,쉽으을수록,Inflect,VA,EC,쉽/VA/*+을수록/EC/*
쉽다고,0,0,-500,VA+EC,*,F,쉽다고,Inflect,VA,EC,쉽/VA/*+다고/EC/*
쉽라고,0,0,-500,VA+EC,*,F,쉽라고,Inflect,VA,EC,쉽/VA/*+라고/EC/*
쉽냐고,0,0,-500,VA+EC,*,F,쉽냐고,Inflect,VA,EC,쉽/VA/*+냐고/EC/*
쉽지,0,0,-500,VA+EC,*,F,쉽지,Inflect,VA,EC,쉽/VA/*+지/EC/*
쉽거나,0,0,-500,VA+EC,*,F,쉽거나,Inflect,VA,EC,쉽/VA/*+거나/EC/*
쉽든지,0,0,-500,VA+EC,*,F,쉽든지,Inflect,VA,EC,쉽/VA/*+든지/EC/*
쉽듯이,0,0,-500,VA+EC,*,F,쉽듯이,Inflect,VA,EC,쉽/VA/*+듯이/EC/*
쉽듯,0,0,-500,VA+EC,*,T,쉽듯,Inflect,VA,EC,쉽/VA/*+듯/EC/*
쉽다,0,0,-500,VA+EF,*,F,쉽다,Inflect,VA,EF,쉽/VA/*+다/EF/*
쉬워,0,0,-500,VA+EF,*,F,쉬워,Inflect,VA,EF,쉽/VA/*+요/EF/*
쉽ㅂ니다,0,0,-500,VA+EF,*,F,쉽ㅂ니다,Inflect,VA,EF,쉽/VA/*+ㅂ니다/EF/*
쉽으습니다,0,0,-500,VA+EF,*,F,쉽으습니다,Inflect,VA,EF,쉽/VA/*+습니다/EF/*
쉽ㄹ까,0,0,-500,VA+EF,*,F,쉽ㄹ까,Inflect,VA,EF,쉽/VA/*+ㄹ까/EF/*
쉽ㄹ까요,0,0,-500,VA+EF,*,F,쉽ㄹ까요,Inflect,VA,EF,쉽/VA/*+ㄹ까요/EF/*
쉽ㄹ게요,0,0,-500,VA+EF,*,F,쉽ㄹ게요,Inflect,VA,EF,쉽/VA/*+ㄹ게요/EF/*
쉽ㄹ게,0,0,-500,VA+EF,*,F,쉽ㄹ게,Inflect,VA,EF,쉽/VA/*+ㄹ게/EF/*
쉽자,0,0,-500,VA+EF,*,F,쉽자,Inflect,VA,EF,쉽/VA/*+자/EF/*
쉽으세요,0,0,-500,VA+EF,*,F,쉽으세요,Inflect,VA,EF,쉽/VA/*+세요/EF/*
쉬워다,0,0,-500,VA+EP+EF,*,F,쉬워다,Inflect,VA,EF,쉽/VA/*+았/EP/*+다/EF/*
쉬워어요,0,0,-500,VA+EP+EF,*,F,쉬워어요,Inflect,VA,EF,쉽/VA/*+았/EP/*+요/EF/*
쉬웝니다,0,0,-500,VA+EP+EF,*,F,쉬웝니다,Inflect,VA,EF,쉽/VA/*+았/EP/*+ㅂ니다/EF/*
쉬워습니다,0,0,-500,VA+EP+EF,*,F,쉬워습니다,Inflect,VA,EF,쉽/VA/*+았/EP/*+습니다/EF/*
쉬월까,0,0,-500,VA+EP+EF,*,F,쉬월까,Inflect,VA,EF,쉽/VA/*+았/EP/*+ㄹ까/EF/*
쉬월까요,0,0,-500,VA+EP+EF,*,F,쉬월까요,Inflect,VA,EF,쉽/VA/*+았/EP/*+ㄹ까요/EF/*
쉬월게요,0,0,-500,VA+EP+EF,*,F,쉬월게요,Inflect,VA,EF,쉽/VA/*+았/EP/*+ㄹ게요/EF/*
쉬월게,0,0,-500,VA+EP+EF,*,F,쉬월게,Inflect,VA,EF,쉽/VA/*+았/EP/*+ㄹ게/EF/*
쉬워자,0,0,-500,VA+EP+EF,*,F,쉬워자,Inflect,VA,EF,쉽/VA/*+았/EP/*+자/EF/*
쉬워세요,0,0,-500,VA+EP+EF,*,F,쉬워세요,Inflect,VA,EF,쉽/VA/*+았/EP/*+세요/EF/*
쉬워다,0,0,-500,VA+EP+EF,*,F,쉬워다,Inflect,VA,EF,쉽/VA/*+었/EP/*+다/EF/*
쉬워어요,0,0,-500,VA+EP+EF,*,F,쉬워어요,Inflect,VA,EF,쉽/VA/*+었/EP/*+요/EF/*
쉬웝니다,0,0,-500,VA+EP+EF,*,F,쉬웝니다,Inflect,VA,EF,쉽/VA/*+었/EP/*+ㅂ니다/EF/*
쉬워습니다,0,0,-500,VA+EP+EF,*,F,쉬워습니다,Inflect,VA,EF,쉽/VA/*+었/EP/*+습니다/EF/*
쉬월까,0,0,-500,VA+EP+EF,*,F,쉬월까,Inflect,VA,EF,쉽/VA/*+었/EP/*+ㄹ까/EF/*
쉬월까요,0,0,-500,VA+EP+EF,*,F,쉬월까요,Inflect,VA,EF,쉽/VA/*+었/EP/*+ㄹ까요/EF/*
쉬월게요,0,0,-500,VA+EP+EF,*,F,쉬월게요,Inflect,VA,EF,쉽/VA/*+었/EP/*+ㄹ게요/EF/*
쉬월게,0,0,-500,VA+EP+EF,*,F,쉬월게,Inflect,VA,EF,쉽/VA/*+었/EP/*+ㄹ게/EF/*
쉬워자,0,0,-500,VA+EP+EF,*,F,쉬워자,Inflect,VA,EF,쉽/VA/*+었/EP/*+자/EF/*
쉬워세요,0,0,-500,VA+EP+EF,*,F,쉬워세요,Inflect,VA,EF,쉽/VA/*+었/EP/*+세요/EF/*
쉽으시다,0,0,-500,VA+EP+EF,*,F,쉽으시다,Inflect,VA,EF,쉽/VA/*+시/EP/*+다/EF/*
쉽으셔요,0,0,-500,VA+EP+EF,*,F,쉽으셔요,Inflect,VA,EF,쉽/VA/*+시/EP/*+요/EF/*
쉽으십니다,0,0,-500,VA+EP+EF,*,F,쉽으십니다,Inflect,VA,EF,쉽/VA/*+시/EP/*+ㅂ니다/EF/*
쉽으시습니다,0,0,-500,VA+EP+EF,*,F,쉽으시습니다,Inflect,VA,EF,쉽/VA/*+시/EP/*+습니다/EF/*
쉽으실까,0,0,-500,VA+EP+EF,*,F,쉽으실까,Inflect,VA,EF,쉽/VA/*+시/EP/*+ㄹ까/EF/*
쉽으실까요,0,0,-500,VA+EP+EF,*,F,쉽으실까요,Inflect,VA,EF,쉽/VA/*+시/EP/*+ㄹ까요/EF/*
쉽으실게요,0,0,-500,VA+EP+EF,*,F,쉽으실게요,Inflect,VA,EF,쉽/VA/*+시/EP/*+ㄹ게요/EF/*
쉽으실게,0,0,-500,VA+EP+EF,*,F,쉽으실게,Inflect,VA,EF,쉽/VA/*+시/EP/*+ㄹ게/EF/*
쉽으시자,0,0,-500,VA+EP+EF,*,F,쉽으시자,Inflect,VA,EF,쉽/VA/*+시/EP/*+자/EF/*
쉽으시세요,0,0,-500,VA+EP+EF,*,F,쉽으시세요,Inflect,VA,EF,쉽/VA/*+시/EP/*+세요/EF/*
쉽겠다,0,0,-500,VA+EP+EF,*,F,쉽겠다,Inflect,VA,EF,쉽/VA/*+겠/EP/*+다/EF/*
쉽겠어요,0,0,-500,VA+EP+EF,*,F,쉽겠어요,Inflect,VA,EF,쉽/VA/*+겠/EP/*+요/EF/*
쉽겠ㅂ니다,0,0,-500,VA+EP+EF,*,F,쉽겠ㅂ니다,Inflect,VA,EF,쉽/VA/*+겠/EP/*+ㅂ니다/EF/*
쉽겠으습니다,0,0,-500,VA+EP+EF,*,F,쉽겠으습니다,Inflect,VA,EF,쉽/VA/*+겠/EP/*+습니다/EF/*
쉽겠ㄹ까,0,0,-500,VA+EP+EF,*,F,쉽겠ㄹ까,Inflect,VA,EF,쉽/VA/*+겠/EP/*+ㄹ까/EF/*
쉽겠ㄹ까요,0,0,-500,VA+EP+EF,*,F,쉽겠ㄹ까요,Inflect,VA,EF,쉽/VA/*+겠/EP/*+ㄹ까요/EF/*
쉽겠ㄹ게요,0,0,-500,VA+EP+EF,*,F,쉽겠ㄹ게요,Inflect,VA,EF,쉽/VA/*+겠/EP/*+ㄹ게요/EF/*
쉽겠ㄹ게,0,0,-500,VA+EP+EF,*,F,쉽겠ㄹ게,Inflect,VA,EF,쉽/VA/*+겠/EP/*+ㄹ게/EF/*
쉽겠자,0,0,-500,VA+EP+EF,*,F,쉽겠자,Inflect,VA,EF,쉽/VA/*+겠/EP/*+자/EF/*
쉽겠으세요,0,0,-500,VA+EP+EF,*,F,쉽겠으세요,Inflect,VA,EF,쉽/VA/*+겠/EP/*+세요/EF/*
무겁는,0,0,-500,VA+ETM,*,T,무겁는,Inflect,VA,ETM,무겁/VA/*+는/ETM/*
무겁ㄴ,0,0,-500,VA+ETM,*,F,무겁ㄴ,Inflect,VA,ETM,무겁/VA/*+ㄴ/ETM/*
무겁으은,0,0,-500,VA+ETM,*,T,무겁으은,Inflect,VA,ETM,무겁/VA/*+은/ETM/*
무겁ㄹ,0,0,-500,VA+ETM,*,F,무겁ㄹ,Inflect,VA,ETM,무겁/VA/*+ㄹ/ETM/*
무겁으을,0,0,-500,VA+ETM,*,T,무겁으을,Inflect,VA,ETM,무겁/VA/*+을/ETM/*
무겁고,0,0,-500,VA+EC,*,F,무겁고,Inflect,VA,EC,무겁/VA/*+고/EC/*
무거워,0,0,-500,VA+EC,*,F,무거워,Inflect,VA,EC,무겁/VA/*+서/EC/*
무겁으니까,0,0,-500,VA+EC,*,F,무겁으니까,Inflect,VA,EC,무겁/VA/*+니까/EC/*
무겁으니,0,0,-500,VA+EC,*,F,무겁으니,Inflect,VA,EC,무겁/VA/*+니/EC/*
무겁으면,0,0,-500,VA+EC,*,T,무겁으면,Inflect,VA,EC,무겁/VA/*+면/EC/*
무겁지만,0,0,-500,VA+EC,*,T,무겁지만,Inflect,VA,EC,무겁/VA/*+지만/EC/*
무겁는데,0,0,-500,VA+EC,*,F,무겁는데,Inflect,VA,EC,무겁/VA/*+는데/EC/*
무겁ㄴ데,0,0,-500,VA+EC,*,F,무겁ㄴ데,Inflect,VA,EC,무겁/VA/*+ㄴ데/EC/*
무겁으은데,0,0,-500,VA+EC,*,F,무겁으은데,Inflect,VA,EC,무겁/VA/*+은데/EC/*
무겁으면서,0,0,-500,VA+EC,*,F,무겁으면서,Inflect,VA,EC,무겁/VA/*+면서/EC/*
무겁으며,0,0,-500,VA+EC,*,F,무겁으며,Inflect,VA,EC,무겁/VA/*+며/EC/*
무겁으러,0,0,-500,VA+EC,*,F,무겁으러,Inflect,VA,EC,무겁/VA/*+러/EC/*
무겁으려고,0,0,-500,VA+EC,*,F,무겁으려고,Inflect,VA,EC,무겁/VA/*+려고/EC/*
무겁으려,0,0,-500,VA+EC,*,F,무겁으려,Inflect,VA,EC,무겁/VA/*+려/EC/*
무거워,0,0,-500,VA+EC,*,F,무거워,Inflect,VA,EC,무겁/VA/*+도/EC/*
무겁다가,0,0,-500,VA+EC,*,F,무겁다가,Inflect,VA,EC,무겁/VA/*+다가/EC/*
무겁자,0,0,-500,VA+EC,*,F,무겁자,Inflect,VA,EC,무겁/VA/*+자/EC/*
무겁자마자,0,0,-500,VA+EC,*,F,무겁자마자,Inflect,VA,EC,무겁/VA/*+자마자/EC/*
무겁고서,0,0,-500,VA+EC,*,F,무겁고서,Inflect,VA,EC,무겁/VA/*+고서/EC/*
무겁고나서,0,0,-500,VA+EC,*,F,무겁고나서,Inflect,VA,EC,무겁/VA/*+고나서/EC/*
무겁도록,0,0,-500,VA+EC,*,T,무겁도록,Inflect,VA,EC,무겁/VA/*+도록/EC/*
무겁게,0,0,-500,VA+EC,*,F,무겁게,Inflect,VA,EC,무겁/VA/*+게/EC/*
무겁더라도,0,0,-500,VA+EC,*,F,무겁더라도,Inflect,VA,EC,무겁/VA/*+더라도/EC/*
무겁ㄹ지라도,0,0,-500,VA+EC,*,F,무겁ㄹ지라도,Inflect,VA,EC,무겁/VA/*+ㄹ지라도/EC/*
무겁으을지라도,0,0,-500,VA+EC,*,F,무겁으을지라도,Inflect,VA,EC,무겁/VA/*+을지라도/EC/*
무겁ㄹ수록,0,0,-500,VA+EC,*,T,무겁ㄹ수록,Inflect,VA,EC,무겁/VA/*+ㄹ수록/EC/*
무겁으을수록,0,0,-500,VA+EC,*,T,무겁으을수록,Inflect,VA,EC,무겁/VA/*+을수록/EC/*
무겁다고,0,0,-500,VA+EC,*,F,무겁다고,Inflect,VA,EC,무겁/VA/*+다고/EC/*
무겁라고,0,0,-500,VA+EC,*,F,무겁라고,Inflect,VA,EC,무겁/VA/*+라고/EC/*
무겁냐고,0,0,-500,VA+EC,*,F,무겁냐고,Inflect,VA,EC,무겁/VA/*+냐고/EC/*
무겁지,0,0,-500,VA+EC,*,F,무겁지,Inflect,VA,EC,무겁/VA/*+지/EC/*
무겁거나,0,0,-500,VA+EC,*,F,무겁거나,Inflect,VA,EC,무겁/VA/*+거나/EC/*
무겁든지,0,0,-500,VA+EC,*,F,무겁든지,Inflect,VA,EC,무겁/VA/*+든지/EC/*
무겁듯이,0,0,-500,VA+EC,*,F,무겁듯이,Inflect,VA,EC,무겁/VA/*+듯이/EC/*
무겁듯,0,0,-500,VA+EC,*,T,무겁듯,Inflect,VA,EC,무겁/VA/*+듯/EC/*
무겁다,0,0,-500,VA+EF,*,F,무겁다,Inflect,VA,EF,무겁/VA/*+다/EF/*
무거워,0,0,-500,VA+EF,*,F,무거워,Inflect,VA,EF,무겁/VA/*+요/EF/*
무겁ㅂ니다,0,0,-500,VA+EF,*,F,무겁ㅂ니다,Inflect,VA,EF,무겁/VA/*+ㅂ니다/EF/*
무겁으습니다,0,0,-500,VA+EF,*,F,무겁으습니다,Inflect,VA,EF,무겁/VA/*+습니다/EF/*
무겁ㄹ까,0,0,-500,VA+EF,*,F,무겁ㄹ까,Inflect,VA,EF,무겁/VA/*+ㄹ까/EF/*
무겁ㄹ까요,0,0,-500,VA+EF,*,F,무겁ㄹ까요,Inflect,VA,EF,무겁/VA/*+ㄹ까요/EF/*
무겁ㄹ게요,0,0,-500,VA+EF,*,F,무겁ㄹ게요,Inflect,VA,EF,무겁/VA/*+ㄹ게요/EF/*
무겁ㄹ게,0,0,-500,VA+EF,*,F,무겁ㄹ게,Inflect,VA,EF,무겁/VA/*+ㄹ게/EF/*
무겁자,0,0,-500,VA+EF,*,F,무겁자,Inflect,VA,EF,무겁/VA/*+자/EF/*
무겁으세요,0,0,-500,VA+EF,*,F,무겁으세요,Inflect,VA,EF,무겁/VA/*+세요/EF/*
무거워다,0,0,-500,VA+EP+EF,*,F,무거워다,Inflect,VA,EF,무겁/VA/*+았/EP/*+다/EF/*
무거워어요,0,0,-500,VA+EP+EF,*,F,무거워어요,Inflect,VA,EF,무겁/VA/*+았/EP/*+요/EF/*
무거웝니다,0,0,-500,VA+EP+EF,*,F,무거웝니다,Inflect,VA,EF,무겁/VA/*+았/EP/*+ㅂ니다/EF/*
무거워습니다,0,0,-500,VA+EP+EF,*,F,무거워습니다,Inflect,VA,EF,무겁/VA/*+았/EP/*+습니다/EF/*
무거월까,0,0,-500,VA+EP+EF,*,F,무거월까,Inflect,VA,EF,무겁/VA/*+았/EP/*+ㄹ까/EF/*
무거월까요,0,0,-500,VA+EP+EF,*,F,무거월까요,Inflect,VA,EF,무겁/VA/*+았/EP/*+ㄹ까요/EF/*
무거월게요,0,0,-500,VA+EP+EF,*,F,무거월게요,Inflect,VA,EF,무겁/VA/*+았/EP/*+ㄹ게요/EF/*
무거월게,0,0,-500,VA+EP+EF,*,F,무거월게,Inflect,VA,EF,무겁/VA/*+았/EP/*+ㄹ게/EF/*
무거워자,0,0,-500,VA+EP+EF,*,F,무거워자,Inflect,VA,EF,무겁/VA/*+았/EP/*+자/EF/*
무거워세요,0,0,-500,VA+EP+EF,*,F,무거워세요,Inflect,VA,EF,무겁/VA/*+았/EP/*+세요/EF/*
무거워다,0,0,-500,VA+EP+EF,*,F,무거워다,Inflect,VA,EF,무겁/VA/*+었/EP/*+다/EF/*
무거워어요,0,0,-500,VA+EP+EF,*,F,무거워어요,Inflect,VA,EF,무겁/VA/*+었/EP/*+요/EF/*
무거웝니다,0,0,-500,VA+EP+EF,*,F,무거웝니다,Inflect,VA,EF,무겁/VA/*+었/EP/*+ㅂ니다/EF/*
무거워습니다,0,0,-500,VA+EP+EF,*,F,무거워습니다,Inflect,VA,EF,무겁/VA/*+었/EP/*+습니다/EF/*
무거월까,0,0,-500,VA+EP+EF,*,F,무거월까,Inflect,VA,EF,무겁/VA/*+었/EP/*+ㄹ까/EF/*
무거월까요,0,0,-500,VA+EP+EF,*,F,무거월까요,Inflect,VA,EF,무겁/VA/*+었/EP/*+ㄹ까요/EF/*
무거월게요,0,0,-500,VA+EP+EF,*,F,무거월게요,Inflect,VA,EF,무겁/VA/*+었/EP/*+ㄹ게요/EF/*
무거월게,0,0,-500,VA+EP+EF,*,F,무거월게,Inflect,VA,EF,무겁/VA/*+었/EP/*+ㄹ게/EF/*
무거워자,0,0,-500,VA+EP+EF,*,F,무거워자,Inflect,VA,EF,무겁/VA/*+었/EP/*+자/EF/*
무거워세요,0,0,-500,VA+EP+EF,*,F,무거워세요,Inflect,VA,EF,무겁/VA/*+었/EP/*+세요/EF/*
무겁으시다,0,0,-500,VA+EP+EF,*,F,무겁으시다,Inflect,VA,EF,무겁/VA/*+시/EP/*+다/EF/*
무겁으셔요,0,0,-500,VA+EP+EF,*,F,무겁으셔요,Inflect,VA,EF,무겁/VA/*+시/EP/*+요/EF/*
무겁으십니다,0,0,-500,VA+EP+EF,*,F,무겁으십니다,Inflect,VA,EF,무겁/VA/*+시/EP/*+ㅂ니다/EF/*
무겁으시습니다,0,0,-500,VA+EP+EF,*,F,무겁으시습니다,Inflect,VA,EF,무겁/VA/*+시/EP/*+습니다/EF/*
무겁으실까,0,0,-500,VA+EP+EF,*,F,무겁으실까,Inflect,VA,EF,무겁/VA/*+시/EP/*+ㄹ까/EF/*
무겁으실까요,0,0,-500,VA+EP+EF,*,F,무겁으실까요,Inflect,VA,EF,무겁/VA/*+시/EP/*+ㄹ까요/EF/*
무겁으실게요,0,0,-500,VA+EP+EF,*,F,무겁으실게요,Inflect,VA,EF,무겁/VA/*+시/EP/*+ㄹ게요/EF/*
무겁으실게,0,0,-500,VA+EP+EF,*,F,무겁으실게,Inflect,VA,EF,무겁/VA/*+시/EP/*+ㄹ게/EF/*
무겁으시자,0,0,-500,VA+EP+EF,*,F,무겁으시자,Inflect,VA,EF,무겁/VA/*+시/EP/*+자/EF/*
무겁으시세요,0,0,-500,VA+EP+EF,*,F,무겁으시세요,Inflect,VA,EF,무겁/VA/*+시/EP/*+세요/EF/*
무겁겠다,0,0,-500,VA+EP+EF,*,F,무겁겠다,Inflect,VA,EF,무겁/VA/*+겠/EP/*+다/EF/*
무겁겠어요,0,0,-500,VA+EP+EF,*,F,무겁겠어요,Inflect,VA,EF,무겁/VA/*+겠/EP/*+요/EF/*
무겁겠ㅂ니다,0,0,-500,VA+EP+EF,*,F,무겁겠ㅂ니다,Inflect,VA,EF,무겁/VA/*+겠/EP/*+ㅂ니다/EF/*
무겁겠으습니다,0,0,-500,VA+EP+EF,*,F,무겁겠으습니다,Inflect,VA,EF,무겁/VA/*+겠/EP/*+습니다/EF/*
무겁겠ㄹ까,0,0,-500,VA+EP+EF,*,F,무겁겠ㄹ까,Inflect,VA,EF,무겁/VA/*+겠/EP/*+ㄹ까/EF/*
무겁겠ㄹ까요,0,0,-500,VA+EP+EF,*,F,무겁겠ㄹ까요,Inflect,VA,EF,무겁/VA/*+겠/EP/*+ㄹ까요/EF/*
무겁겠ㄹ게요,0,0,-500,VA+EP+EF,*,F,무겁겠ㄹ게요,Inflect,VA,EF,무겁/VA/*+겠/EP/*+ㄹ게요/EF/*
무겁겠ㄹ게,0,0,-500,VA+EP+EF,*,F,무겁겠ㄹ게,Inflect,VA,EF,무겁/VA/*+겠/EP/*+ㄹ게/EF/*
무겁겠자,0,0,-500,VA+EP+EF,*,F,무겁겠자,Inflect,VA,EF,무겁/VA/*+겠/EP/*+자/EF/*
무겁겠으세요,0,0,-500,VA+EP+EF,*,F,무겁겠으세요,Inflect,VA,EF,무겁/VA/*+겠/EP/*+세요/EF/*
가볍는,0,0,-500,VA+ETM,*,T,가볍는,Inflect,VA,ETM,가볍/VA/*+는/ETM/*
가볍ㄴ,0,0,-500,VA+ETM,*,F,가볍ㄴ,Inflect,VA,ETM,가볍/VA/*+ㄴ/ETM/*
가볍으은,0,0,-500,VA+ETM,*,T,가볍으은,Inflect,VA,ETM,가볍/VA/*+은/ETM/*
가볍ㄹ,0,0,-500,VA+ETM,*,F,가볍ㄹ,Inflect,VA,ETM,가볍/VA/*+ㄹ/ETM/*
가볍으을,0,0,-500,VA+ETM,*,T,가볍으을,Inflect,VA,ETM,가볍/VA/*+을/ETM/*
가볍고,0,0,-500,VA+EC,*,F,가볍고,Inflect,VA,EC,가볍/VA/*+고/EC/*
가벼워,0,0,-500,VA+EC,*,F,가벼워,Inflect,VA,EC,가볍/VA/*+서/EC/*
가볍으니까,0,0,-500,VA+EC,*,F,가볍으니까,Inflect,VA,EC,가볍/VA/*+니까/EC/*
가볍으니,0,0,-500,VA+EC,*,F,가볍으니,Inflect,VA,EC,가볍/VA/*+니/EC/*
가볍으면,0,0,-500,VA+EC,*,T,가볍으면,Inflect,VA,EC,가볍/VA/*+면/EC/*
가볍지만,0,0,-500,VA+EC,*,T,가볍지만,Inflect,VA,EC,가볍/VA/*+지만/EC/*
가볍는데,0,0,-500,VA+EC,*,F,가볍는데,Inflect,VA,EC,가볍/VA/*+는데/EC/*
가볍ㄴ데,0,0,-500,VA+EC,*,F,가볍ㄴ데,Inflect,VA,EC,가볍/VA/*+ㄴ데/EC/*
가볍으은데,0,0,-500,VA+EC,*,F,가볍으은데,Inflect,VA,EC,가볍/VA/*+은데/EC/*
가볍으면서,0,0,-500,VA+EC,*,F,가볍으면서,Inflect,VA,EC,가볍/VA/*+면서/EC/*
가볍으며,0,0,-500,VA+EC,*,F,가볍으며,Inflect,VA,EC,가볍/VA/*+며/EC/*
가볍으러,0,0,-500,VA+EC,*,F,가볍으러,Inflect,VA,EC,가볍/VA/*+러/EC/*
가볍으려고,0,0,-500,VA+EC,*,F,가볍으려고,Inflect,VA,EC,가볍/VA/*+려고/EC/*
가볍으려,0,0,-500,VA+EC,*,F,가볍으려,Inflect,VA,EC,가볍/VA/*+려/EC/*
가벼워,0,0,-500,VA+EC,*,F,가벼워,Inflect,VA,EC,가볍/VA/*+도/EC/*
가볍다가,0,0,-500,VA+EC,*,F,가볍다가,Inflect,VA,EC,가볍/VA/*+다가/EC/*
가볍자,0,0,-500,VA+EC,*,F,가볍자,Inflect,VA,EC,가볍/VA/*+자/EC/*
가볍자마자,0,0,-500,VA+EC,*,F,가볍자마자,Inflect,VA,EC,가볍/VA/*+자마자/EC/*
가볍고서,0,0,-500,VA+EC,*,F,가볍고서,Inflect,VA,EC,가볍/VA/*+고서/EC/*
가볍고나서,0,0,-500,VA+EC,*,F,가볍고나서,Inflect,VA,EC,가볍/VA/*+고나서/EC/*
가볍도록,0,0,-500,VA+EC,*,T,가볍도록,Inflect,VA,EC,가볍/VA/*+도록/EC/*
가볍게,0,0,-500,VA+EC,*,F,가볍게,Inflect,VA,EC,가볍/VA/*+게/EC/*
가볍더라도,0,0,-500,VA+EC,*,F,가볍더라도,Inflect,VA,EC,가볍/VA/*+더라도/EC/*
가볍ㄹ지라도,0,0,-500,VA+EC,*,F,가볍ㄹ지라도,Inflect,VA,EC,가볍/VA/*+ㄹ지라도/EC/*
가볍으을지라도,0,0,-500,VA+EC,*,F,가볍으을지라도,Inflect,VA,EC,가볍/VA/*+을지라도/EC/*
가볍ㄹ수록,0,0,-500,VA+EC,*,T,가볍ㄹ수록,Inflect,VA,EC,가볍/VA/*+ㄹ수록/EC/*
가볍으을수록,0,0,-500,VA+EC,*,T,가볍으을수록,Inflect,VA,EC,가볍/VA/*+을수록/EC/*
가볍다고,0,0,-500,VA+EC,*,F,가볍다고,Inflect,VA,EC,가볍/VA/*+다고/EC/*
가볍라고,0,0,-500,VA+EC,*,F,가볍라고,Inflect,VA,EC,가볍/VA/*+라고/EC/*
가볍냐고,0,0,-500,VA+EC,*,F,가볍냐고,Inflect,VA,EC,가볍/VA/*+냐고/EC/*
가볍지,0,0,-500,VA+EC,*,F,가볍지,Inflect,VA,EC,가볍/VA/*+지/EC/*
가볍거나,0,0,-500,VA+EC,*,F,가볍거나,Inflect,VA,EC,가볍/VA/*+거나/EC/*
가볍든지,0,0,-500,VA+EC,*,F,가볍든지,Inflect,VA,EC,가볍/VA/*+든지/EC/*
가볍듯이,0,0,-500,VA+EC,*,F,가볍듯이,Inflect,VA,EC,가볍/VA/*+듯이/EC/*
가볍듯,0,0,-500,VA+EC,*,T,가볍듯,Inflect,VA,EC,가볍/VA/*+듯/EC/*
가볍다,0,0,-500,VA+EF,*,F,가볍다,Inflect,VA,EF,가볍/VA/*+다/EF/*
가벼워,0,0,-500,VA+EF,*,F,가벼워,Inflect,VA,EF,가볍/VA/*+요/EF/*
가볍ㅂ니다,0,0,-500,VA+EF,*,F,가볍ㅂ니다,Inflect,VA,EF,가볍/VA/*+ㅂ니다/EF/*
가볍으습니다,0,0,-500,VA+EF,*,F,가볍으습니다,Inflect,VA,EF,가볍/VA/*+습니다/EF/*
가볍ㄹ까,0,0,-500,VA+EF,*,F,가볍ㄹ까,Inflect,VA,EF,가볍/VA/*+ㄹ까/EF/*
가볍ㄹ까요,0,0,-500,VA+EF,*,F,가볍ㄹ까요,Inflect,VA,EF,가볍/VA/*+ㄹ까요/EF/*
가볍ㄹ게요,0,0,-500,VA+EF,*,F,가볍ㄹ게요,Inflect,VA,EF,가볍/VA/*+ㄹ게요/EF/*
가볍ㄹ게,0,0,-500,VA+EF,*,F,가볍ㄹ게,Inflect,VA,EF,가볍/VA/*+ㄹ게/EF/*
가볍자,0,0,-500,VA+EF,*,F,가볍자,Inflect,VA,EF,가볍/VA/*+자/EF/*
가볍으세요,0,0,-500,VA+EF,*,F,가볍으세요,Inflect,VA,EF,가볍/VA/*+세요/EF/*
가벼워다,0,0,-500,VA+EP+EF,*,F,가벼워다,Inflect,VA,EF,가볍/VA/*+았/EP/*+다/EF/*
가벼워어요,0,0,-500,VA+EP+EF,*,F,가벼워어요,Inflect,VA,EF,가볍/VA/*+았/EP/*+요/EF/*
가벼웝니다,0,0,-500,VA+EP+EF,*,F,가벼웝니다,Inflect,VA,EF,가볍/VA/*+았/EP/*+ㅂ니다/EF/*
가벼워습니다,0,0,-500,VA+EP+EF,*,F,가벼워습니다,Inflect,VA,EF,가볍/VA/*+았/EP/*+습니다/EF/*
가벼월까,0,0,-500,VA+EP+EF,*,F,가벼월까,Inflect,VA,EF,가볍/VA/*+았/EP/*+ㄹ까/EF/*
가벼월까요,0,0,-500,VA+EP+EF,*,F,가벼월까요,Inflect,VA,EF,가볍/VA/*+았/EP/*+ㄹ까요/EF/*
가벼월게요,0,0,-500,VA+EP+EF,*,F,가벼월게요,Inflect,VA,EF,가볍/VA/*+았/EP/*+ㄹ게요/EF/*
가벼월게,0,0,-500,VA+EP+EF,*,F,가벼월게,Inflect,VA,EF,가볍/VA/*+았/EP/*+ㄹ게/EF/*
가벼워자,0,0,-500,VA+EP+EF,*,F,가벼워자,Inflect,VA,EF,가볍/VA/*+았/EP/*+자/EF/*
가벼워세요,0,0,-500,VA+EP+EF,*,F,가벼워세요,Inflect,VA,EF,가볍/VA/*+았/EP/*+세요/EF/*
가벼워다,0,0,-500,VA+EP+EF,*,F,가벼워다,Inflect,VA,EF,가볍/VA/*+었/EP/*+다/EF/*
가벼워어요,0,0,-500,VA+EP+EF,*,F,가벼워어요,Inflect,VA,EF,가볍/VA/*+었/EP/*+요/EF/*
가벼웝니다,0,0,-500,VA+EP+EF,*,F,가벼웝니다,Inflect,VA,EF,가볍/VA/*+었/EP/*+ㅂ니다/EF/*
가벼워습니다,0,0,-500,VA+EP+EF,*,F,가벼워습니다,Inflect,VA,EF,가볍/VA/*+었/EP/*+습니다/EF/*
가벼월까,0,0,-500,VA+EP+EF,*,F,가벼월까,Inflect,VA,EF,가볍/VA/*+었/EP/*+ㄹ까/EF/*
가벼월까요,0,0,-500,VA+EP+EF,*,F,가벼월까요,Inflect,VA,EF,가볍/VA/*+었/EP/*+ㄹ까요/EF/*
가벼월게요,0,0,-500,VA+EP+EF,*,F,가벼월게요,Inflect,VA,EF,가볍/VA/*+었/EP/*+ㄹ게요/EF/*
가벼월게,0,0,-500,VA+EP+EF,*,F,가벼월게,Inflect,VA,EF,가볍/VA/*+었/EP/*+ㄹ게/EF/*
가벼워자,0,0,-500,VA+EP+EF,*,F,가벼워자,Inflect,VA,EF,가볍/VA/*+었/EP/*+자/EF/*
가벼워세요,0,0,-500,VA+EP+EF,*,F,가벼워세요,Inflect,VA,EF,가볍/VA/*+었/EP/*+세요/EF/*
가볍으시다,0,0,-500,VA+EP+EF,*,F,가볍으시다,Inflect,VA,EF,가볍/VA/*+시/EP/*+다/EF/*
가볍으셔요,0,0,-500,VA+EP+EF,*,F,가볍으셔요,Inflect,VA,EF,가볍/VA/*+시/EP/*+요/EF/*
가볍으십니다,0,0,-500,VA+EP+EF,*,F,가볍으십니다,Inflect,VA,EF,가볍/VA/*+시/EP/*+ㅂ니다/EF/*
가볍으시습니다,0,0,-500,VA+EP+EF,*,F,가볍으시습니다,Inflect,VA,EF,가볍/VA/*+시/EP/*+습니다/EF/*
가볍으실까,0,0,-500,VA+EP+EF,*,F,가볍으실까,Inflect,VA,EF,가볍/VA/*+시/EP/*+ㄹ까/EF/*
가볍으실까요,0,0,-500,VA+EP+EF,*,F,가볍으실까요,Inflect,VA,EF,가볍/VA/*+시/EP/*+ㄹ까요/EF/*
가볍으실게요,0,0,-500,VA+EP+EF,*,F,가볍으실게요,Inflect,VA,EF,가볍/VA/*+시/EP/*+ㄹ게요/EF/*
가볍으실게,0,0,-500,VA+EP+EF,*,F,가볍으실게,Inflect,VA,EF,가볍/VA/*+시/EP/*+ㄹ게/EF/*
가볍으시자,0,0,-500,VA+EP+EF,*,F,가볍으시자,Inflect,VA,EF,가볍/VA/*+시/EP/*+자/EF/*
가볍으시세요,0,0,-500,VA+EP+EF,*,F,가볍으시세요,Inflect,VA,EF,가볍/VA/*+시/EP/*+세요/EF/*
가볍겠다,0,0,-500,VA+EP+EF,*,F,가볍겠다,Inflect,VA,EF,가볍/VA/*+겠/EP/*+다/EF/*
가볍겠어요,0,0,-500,VA+EP+EF,*,F,가볍겠어요,Inflect,VA,EF,가볍/VA/*+겠/EP/*+요/EF/*
가볍겠ㅂ니다,0,0,-500,VA+EP+EF,*,F,가볍겠ㅂ니다,Inflect,VA,EF,가볍/VA/*+겠/EP/*+ㅂ니다/EF/*
가볍겠으습니다,0,0,-500,VA+EP+EF,*,F,가볍겠으습니다,Inflect,VA,EF,가볍/VA/*+겠/EP/*+습니다/EF/*
가볍겠ㄹ까,0,0,-500,VA+EP+EF,*,F,가볍겠ㄹ까,Inflect,VA,EF,가볍/VA/*+겠/EP/*+ㄹ까/EF/*
가볍겠ㄹ까요,0,0,-500,VA+EP+EF,*,F,가볍겠ㄹ까요,Inflect,VA,EF,가볍/VA/*+겠/EP/*+ㄹ까요/EF/*
가볍겠ㄹ게요,0,0,-500,VA+EP+EF,*,F,가볍겠ㄹ게요,Inflect,VA,EF,가볍/VA/*+겠/EP/*+ㄹ게요/EF/*
가볍겠ㄹ게,0,0,-500,VA+EP+EF,*,F,가볍겠ㄹ게,Inflect,VA,EF,가볍/VA/*+겠/EP/*+ㄹ게/EF/*
가볍겠자,0,0,-500,VA+EP+EF,*,F,가볍겠자,Inflect,VA,EF,가볍/VA/*+겠/EP/*+자/EF/*
가볍겠으세요,0,0,-500,VA+EP+EF,*,F,가볍겠으세요,Inflect,VA,EF,가볍/VA/*+겠/EP/*+세요/EF/*
아름답는,0,0,-500,VA+ETM,*,T,아름답는,Inflect,VA,ETM,아름답/VA/*+는/ETM/*
아름답ㄴ,0,0,-500,VA+ETM,*,F,아름답ㄴ,Inflect,VA,ETM,아름답/VA/*+ㄴ/ETM/*
아름답으은,0,0,-500,VA+ETM,*,T,아름답으은,Inflect,VA,ETM,아름답/VA/*+은/ETM/*
아름답ㄹ,0,0,-500,VA+ETM,*,F,아름답ㄹ,Inflect,VA,ETM,아름답/VA/*+ㄹ/ETM/*
아름답으을,0,0,-500,VA+ETM,*,T,아름답으을,Inflect,VA,ETM,아름답/VA/*+을/ETM/*
아름답고,0,0,-500,VA+EC,*,F,아름답고,Inflect,VA,EC,아름답/VA/*+고/EC/*
아름다워,0,0,-500,VA+EC,*,F,아름다워,Inflect,VA,EC,아름답/VA/*+서/EC/*
아름답으니까,0,0,-500,VA+EC,*,F,아름답으니까,Inflect,VA,EC,아름답/VA/*+니까/EC/*
아름답으니,0,0,-500,VA+EC,*,F,아름답으니,Inflect,VA,EC,아름답/VA/*+니/EC/*
아름답으면,0,0,-500,VA+EC,*,T,아름답으면,Inflect,VA,EC,아름답/VA/*+면/EC/*
아름답지만,0,0,-500,VA+EC,*,T,아름답지만,Inflect,VA,EC,아름답/VA/*+지만/EC/*
아름답는데,0,0,-500,VA+EC,*,F,아름답는데,Inflect,VA,EC,아름답/VA/*+는데/EC/*
아름답ㄴ데,0,0,-500,VA+EC,*,F,아름답ㄴ데,Inflect,VA,EC,아름답/VA/*+ㄴ데/EC/*
아름답으은데,0,0,-500,VA+EC,*,F,아름답으은데,Inflect,VA,EC,아름답/VA/*+은데/EC/*
아름답으면서,0,0,-500,VA+EC,*,F,아름답으면서,Inflect,VA,EC,아름답/VA/*+면서/EC/*
아름답으며,0,0,-500,VA+EC,*,F,아름답으며,Inflect,VA,EC,아름답/VA/*+며/EC/*
아름답으러,0,0,-500,VA+EC,*,F,아름답으러,Inflect,VA,EC,아름답/VA/*+러/EC/*
아름답으려고,0,0,-500,VA+EC,*,F,아름답으려고,Inflect,VA,EC,아름답/VA/*+려고/EC/*
아름답으려,0,0,-500,VA+EC,*,F,아름답으려,Inflect,VA,EC,아름답/VA/*+려/EC/*
아름다워,0,0,-500,VA+EC,*,F,아름다워,Inflect,VA,EC,아름답/VA/*+도/EC/*
아름답다가,0,0,-500,VA+EC,*,F,아름답다가,Inflect,VA,EC,아름답/VA/*+다가/EC/*
아름답자,0,0,-500,VA+EC,*,F,아름답자,Inflect,VA,EC,아름답/VA/*+자/EC/*
아름답자마자,0,0,-500,VA+EC,*,F,아름답자마자,Inflect,VA,EC,아름답/VA/*+자마자/EC/*
아름답고서,0,0,-500,VA+EC,*,F,아름답고서,Inflect,VA,EC,아름답/VA/*+고서/EC/*
아름답고나서,0,0,-500,VA+EC,*,F,아름답고나서,Inflect,VA,EC,아름답/VA/*+고나서/EC/*
아름답도록,0,0,-500,VA+EC,*,T,아름답도록,Inflect,VA,EC,아름답/VA/*+도록/EC/*
아름답게,0,0,-500,VA+EC,*,F,아름답게,Inflect,VA,EC,아름답/VA/*+게/EC/*
아름답더라도,0,0,-500,VA+EC,*,F,아름답더라도,Inflect,VA,EC,아름답/VA/*+더라도/EC/*
아름답ㄹ지라도,0,0,-500,VA+EC,*,F,아름답ㄹ지라도,Inflect,VA,EC,아름답/VA/*+ㄹ지라도/EC/*
아름답으을지라도,0,0,-500,VA+EC,*,F,아름답으을지라도,Inflect,VA,EC,아름답/VA/*+을지라도/EC/*
아름답ㄹ수록,0,0,-500,VA+EC,*,T,아름답ㄹ수록,Inflect,VA,EC,아름답/VA/*+ㄹ수록/EC/*
아름답으을수록,0,0,-500,VA+EC,*,T,아름답으을수록,Inflect,VA,EC,아름답/VA/*+을수록/EC/*
아름답다고,0,0,-500,VA+EC,*,F,아름답다고,Inflect,VA,EC,아름답/VA/*+다고/EC/*
아름답라고,0,0,-500,VA+EC,*,F,아름답라고,Inflect,VA,EC,아름답/VA/*+라고/EC/*
아름답냐고,0,0,-500,VA+EC,*,F,아름답냐고,Inflect,VA,EC,아름답/VA/*+냐고/EC/*
아름답지,0,0,-500,VA+EC,*,F,아름답지,Inflect,VA,EC,아름답/VA/*+지/EC/*
아름답거나,0,0,-500,VA+EC,*,F,아름답거나,Inflect,VA,EC,아름답/VA/*+거나/EC/*
아름답든지,0,0,-500,VA+EC,*,F,아름답든지,Inflect,VA,EC,아름답/VA/*+든지/EC/*
아름답듯이,0,0,-500,VA+EC,*,F,아름답듯이,Inflect,VA,EC,아름답/VA/*+듯이/EC/*
아름답듯,0,0,-500,VA+EC,*,T,아름답듯,Inflect,VA,EC,아름답/VA/*+듯/EC/*
아름답다,0,0,-500,VA+EF,*,F,아름답다,Inflect,VA,EF,아름답/VA/*+다/EF/*
아름다워,0,0,-500,VA+EF,*,F,아름다워,Inflect,VA,EF,아름답/VA/*+요/EF/*
아름답ㅂ니다,0,0,-500,VA+EF,*,F,아름답ㅂ니다,Inflect,VA,EF,아름답/VA/*+ㅂ니다/EF/*
아름답으습니다,0,0,-500,VA+EF,*,F,아름답으습니다,Inflect,VA,EF,아름답/VA/*+습니다/EF/*
아름답ㄹ까,0,0,-500,VA+EF,*,F,아름답ㄹ까,Inflect,VA,EF,아름답/VA/*+ㄹ까/EF/*
아름답ㄹ까요,0,0,-500,VA+EF,*,F,아름답ㄹ까요,Inflect,VA,EF,아름답/VA/*+ㄹ까요/EF/*
아름답ㄹ게요,0,0,-500,VA+EF,*,F,아름답ㄹ게요,Inflect,VA,EF,아름답/VA/*+ㄹ게요/EF/*
아름답ㄹ게,0,0,-500,VA+EF,*,F,아름답ㄹ게,Inflect,VA,EF,아름답/VA/*+ㄹ게/EF/*
아름답자,0,0,-500,VA+EF,*,F,아름답자,Inflect,VA,EF,아름답/VA/*+자/EF/*
아름답으세요,0,0,-500,VA+EF,*,F,아름답으세요,Inflect,VA,EF,아름답/VA/*+세요/EF/*
아름다워다,0,0,-500,VA+EP+EF,*,F,아름다워다,Inflect,VA,EF,아름답/VA/*+았/EP/*+다/EF/*
아름다워어요,0,0,-500,VA+EP+EF,*,F,아름다워어요,Inflect,VA,EF,아름답/VA/*+았/EP/*+요/EF/*
아름다웝니다,0,0,-500,VA+EP+EF,*,F,아름다웝니다,Inflect,VA,EF,아름답/VA/*+았/EP/*+ㅂ니다/EF/*
아름다워습니다,0,0,-500,VA+EP+EF,*,F,아름다워습니다,Inflect,VA,EF,아름답/VA/*+았/EP/*+습니다/EF/*
아름다월까,0,0,-500,VA+EP+EF,*,F,아름다월까,Inflect,VA,EF,아름답/VA/*+았/EP/*+ㄹ까/EF/*
아름다월까요,0,0,-500,VA+EP+EF,*,F,아름다월까요,Inflect,VA,EF,아름답/VA/*+았/EP/*+ㄹ까요/EF/*
아름다월게요,0,0,-500,VA+EP+EF,*,F,아름다월게요,Inflect,VA,EF,아름답/VA/*+았/EP/*+ㄹ게요/EF/*
아름다월게,0,0,-500,VA+EP+EF,*,F,아름다월게,Inflect,VA,EF,아름답/VA/*+았/EP/*+ㄹ게/EF/*
아름다워자,0,0,-500,VA+EP+EF,*,F,아름다워자,Inflect,VA,EF,아름답/VA/*+았/EP/*+자/EF/*
아름다워세요,0,0,-500,VA+EP+EF,*,F,아름다워세요,Inflect,VA,EF,아름답/VA/*+았/EP/*+세요/EF/*
아름다워다,0,0,-500,VA+EP+EF,*,F,아름다워다,Inflect,VA,EF,아름답/VA/*+었/EP/*+다/EF/*
아름다워어요,0,0,-500,VA+EP+EF,*,F,아름다워어요,Inflect,VA,EF,아름답/VA/*+었/EP/*+요/EF/*
아름다웝니다,0,0,-500,VA+EP+EF,*,F,아름다웝니다,Inflect,VA,EF,아름답/VA/*+었/EP/*+ㅂ니다/EF/*
아름다워습니다,0,0,-500,VA+EP+EF,*,F,아름다워습니다,Inflect,VA,EF,아름답/VA/*+었/EP/*+습니다/EF/*
아름다월까,0,0,-500,VA+EP+EF,*,F,아름다월까,Inflect,VA,EF,아름답/VA/*+었/EP/*+ㄹ까/EF/*
아름다월까요,0,0,-500,VA+EP+EF,*,F,아름다월까요,Inflect,VA,EF,아름답/VA/*+었/EP/*+ㄹ까요/EF/*
아름다월게요,0,0,-500,VA+EP+EF,*,F,아름다월게요,Inflect,VA,EF,아름답/VA/*+었/EP/*+ㄹ게요/EF/*
아름다월게,0,0,-500,VA+EP+EF,*,F,아름다월게,Inflect,VA,EF,아름답/VA/*+었/EP/*+ㄹ게/EF/*
아름다워자,0,0,-500,VA+EP+EF,*,F,아름다워자,Inflect,VA,EF,아름답/VA/*+었/EP/*+자/EF/*
아름다워세요,0,0,-500,VA+EP+EF,*,F,아름다워세요,Inflect,VA,EF,아름답/VA/*+었/EP/*+세요/EF/*
아름답으시다,0,0,-500,VA+EP+EF,*,F,아름답으시다,Inflect,VA,EF,아름답/VA/*+시/EP/*+다/EF/*
아름답으셔요,0,0,-500,VA+EP+EF,*,F,아름답으셔요,Inflect,VA,EF,아름답/VA/*+시/EP/*+요/EF/*
아름답으십니다,0,0,-500,VA+EP+EF,*,F,아름답으십니다,Inflect,VA,EF,아름답/VA/*+시/EP/*+ㅂ니다/EF/*
아름답으시습니다,0,0,-500,VA+EP+EF,*,F,아름답으시습니다,Inflect,VA,EF,아름답/VA/*+시/EP/*+습니다/EF/*
아름답으실까,0,0,-500,VA+EP+EF,*,F,아름답으실까,Inflect,VA,EF,아름답/VA/*+시/EP/*+ㄹ까/EF/*
아름답으실까요,0,0,-500,VA+EP+EF,*,F,아름답으실까요,Inflect,VA,EF,아름답/VA/*+시/EP/*+ㄹ까요/EF/*
아름답으실게요,0,0,-500,VA+EP+EF,*,F,아름답으실게요,Inflect,VA,EF,아름답/VA/*+시/EP/*+ㄹ게요/EF/*
아름답으실게,0,0,-500,VA+EP+EF,*,F,아름답으실게,Inflect,VA,EF,아름답/VA/*+시/EP/*+ㄹ게/EF/*
아름답으시자,0,0,-500,VA+EP+EF,*,F,아름답으시자,Inflect,VA,EF,아름답/VA/*+시/EP/*+자/EF/*
아름답으시세요,0,0,-500,VA+EP+EF,*,F,아름답으시세요,Inflect,VA,EF,아름답/VA/*+시/EP/*+세요/EF/*
아름답겠다,0,0,-500,VA+EP+EF,*,F,아름답겠다,Inflect,VA,EF,아름답/VA/*+겠/EP/*+다/EF/*
아름답겠어요,0,0,-500,VA+EP+EF,*,F,아름답겠어요,Inflect,VA,EF,아름답/VA/*+겠/EP/*+요/EF/*
아름답겠ㅂ니다,0,0,-500,VA+EP+EF,*,F,아름답겠ㅂ니다,Inflect,VA,EF,아름답/VA/*+겠/EP/*+ㅂ니다/EF/*
아름답겠으습니다,0,0,-500,VA+EP+EF,*,F,아름답겠으습니다,Inflect,VA,EF,아름답/VA/*+겠/EP/*+습니다/EF/*
아름답겠ㄹ까,0,0,-500,VA+EP+EF,*,F,아름답겠ㄹ까,Inflect,VA,EF,아름답/VA/*+겠/EP/*+ㄹ까/EF/*
아름답겠ㄹ까요,0,0,-500,VA+EP+EF,*,F,아름답겠ㄹ까요,Inflect,VA,EF,아름답/VA/*+겠/EP/*+ㄹ까요/EF/*
아름답겠ㄹ게요,0,0,-500,VA+EP+EF,*,F,아름답겠ㄹ게요,Inflect,VA,EF,아름답/VA/*+겠/EP/*+ㄹ게요/EF/*
아름답겠ㄹ게,0,0,-500,VA+EP+EF,*,F,아름답겠ㄹ게,Inflect,VA,EF,아름답/VA/*+겠/EP/*+ㄹ게/EF/*
아름답겠자,0,0,-500,VA+EP+EF,*,F,아름답겠자,Inflect,VA,EF,아름답/VA/*+겠/EP/*+자/EF/*
아름답겠으세요,0,0,-500,VA+EP+EF,*,F,아름답겠으세요,Inflect,VA,EF,아름답/VA/*+겠/EP/*+세요/EF/*
고맙는,0,0,-500,VA+ETM,*,T,고맙는,Inflect,VA,ETM,고맙/VA/*+는/ETM/*
고맙ㄴ,0,0,-500,VA+ETM,*,F,고맙ㄴ,Inflect,VA,ETM,고맙/VA/*+ㄴ/ETM/*
고맙으은,0,0,-500,VA+ETM,*,T,고맙으은,Inflect,VA,ETM,고맙/VA/*+은/ETM/*
고맙ㄹ,0,0,-500,VA+ETM,*,F,고맙ㄹ,Inflect,VA,ETM,고맙/VA/*+ㄹ/ETM/*
고맙으을,0,0,-500,VA+ETM,*,T,고맙으을,Inflect,VA,ETM,고맙/VA/*+을/ETM/*
고맙고,0,0,-500,VA+EC,*,F,고맙고,Inflect,VA,EC,고맙/VA/*+고/EC/*
고마워,0,0,-500,VA+EC,*,F,고마워,Inflect,VA,EC,고맙/VA/*+서/EC/*
고맙으니까,0,0,-500,VA+EC,*,F,고맙으니까,Inflect,VA,EC,고맙/VA/*+니까/EC/*
고맙으니,0,0,-500,VA+EC,*,F,고맙으니,Inflect,VA,EC,고맙/VA/*+니/EC/*
고맙으면,0,0,-500,VA+EC,*,T,고맙으면,Inflect,VA,EC,고맙/VA/*+면/EC/*
고맙지만,0,0,-500,VA+EC,*,T,고맙지만,Inflect,VA,EC,고맙/VA/*+지만/EC/*
고맙는데,0,0,-500,VA+EC,*,F,고맙는데,Inflect,VA,EC,고맙/VA/*+는데/EC/*
고맙ㄴ데,0,0,-500,VA+EC,*,F,고맙ㄴ데,Inflect,VA,EC,고맙/VA/*+ㄴ데/EC/*
고맙으은데,0,0,-500,VA+EC,*,F,고맙으은데,Inflect,VA,EC,고맙/VA/*+은데/EC/*
고맙으면서,0,0,-500,VA+EC,*,F,고맙으면서,Inflect,VA,EC,고맙/VA/*+면서/EC/*
고맙으며,0,0,-500,VA+EC,*,F,고맙으며,Inflect,VA,EC,고맙/VA/*+며/EC/*
고맙으러,0,0,-500,VA+EC,*,F,고맙으러,Inflect,VA,EC,고맙/VA/*+러/EC/*
고맙으려고,0,0,-500,VA+EC,*,F,고맙으려고,Inflect,VA,EC,고맙/VA/*+려고/EC/*
고맙으려,0,0,-500,VA+EC,*,F,고맙으려,Inflect,VA,EC,고맙/VA/*+려/EC/*
고마워,0,0,-500,VA+EC,*,F,고마워,Inflect,VA,EC,고맙/VA/*+도/EC/*
고맙다가,0,0,-500,VA+EC,*,F,고맙다가,Inflect,VA,EC,고맙/VA/*+다가/EC/*
고맙자,0,0,-500,VA+EC,*,F,고맙자,Inflect,VA,EC,고맙/VA/*+자/EC/*
고맙자마자,0,0,-500,VA+EC,*,F,고맙자마자,Inflect,VA,EC,고맙/VA/*+자마자/EC/*
고맙고서,0,0,-500,VA+EC,*,F,고맙고서,Inflect,VA,EC,고맙/VA/*+고서/EC/*
고맙고나서,0,0,-500,VA+EC,*,F,고맙고나서,Inflect,VA,EC,고맙/VA/*+고나서/EC/*
고맙도록,0,0,-500,VA+EC,*,T,고맙도록,Inflect,VA,EC,고맙/VA/*+도록/EC/*
고맙게,0,0,-500,VA+EC,*,F,고맙게,Inflect,VA,EC,고맙/VA/*+게/EC/*
고맙더라도,0,0,-500,VA+EC,*,F,고맙더라도,Inflect,VA,EC,고맙/VA/*+더라도/EC/*
고맙ㄹ지라도,0,0,-500,VA+EC,*,F,고맙ㄹ지라도,Inflect,VA,EC,고맙/VA/*+ㄹ지라도/EC/*
고맙으을지라도,0,0,-500,VA+EC,*,F,고맙으을지라도,Inflect,VA,EC,고맙/VA/*+을지라도/EC/*
고맙ㄹ수록,0,0,-500,VA+EC,*,T,고맙ㄹ수록,Inflect,VA,EC,고맙/VA/*+ㄹ수록/EC/*
고맙으을수록,0,0,-500,VA+EC,*,T,고맙으을수록,Inflect,VA,EC,고맙/VA/*+을수록/EC/*
고맙다고,0,0,-500,VA+EC,*,F,고맙다고,Inflect,VA,EC,고맙/VA/*+다고/EC/*
고맙라고,0,0,-500,VA+EC,*,F,고맙라고,Inflect,VA,EC,고맙/VA/*+라고/EC/*
고맙냐고,0,0,-500,VA+EC,*,F,고맙냐고,Inflect,VA,EC,고맙/VA/*+냐고/EC/*
고맙지,0,0,-500,VA+EC,*,F,고맙지,Inflect,VA,EC,고맙/VA/*+지/EC/*
고맙거나,0,0,-500,VA+EC,*,F,고맙거나,Inflect,VA,EC,고맙/VA/*+거나/EC/*
고맙든지,0,0,-500,VA+EC,*,F,고맙든지,Inflect,VA,EC,고맙/VA/*+든지/EC/*
고맙듯이,0,0,-500,VA+EC,*,F,고맙듯이,Inflect,VA,EC,고맙/VA/*+듯이/EC/*
고맙듯,0,0,-500,VA+EC,*,T,고맙듯,Inflect,VA,EC,고맙/VA/*+듯/EC/*
고맙다,0,0,-500,VA+EF,*,F,고맙다,Inflect,VA,EF,고맙/VA/*+다/EF/*
고마워,0,0,-500,VA+EF,*,F,고마워,Inflect,VA,EF,고맙/VA/*+요/EF/*
고맙ㅂ니다,0,0,-500,VA+EF,*,F,고맙ㅂ니다,Inflect,VA,EF,고맙/VA/*+ㅂ니다/EF/*
고맙으습니다,0,0,-500,VA+EF,*,F,고맙으습니다,Inflect,VA,EF,고맙/VA/*+습니다/EF/*
고맙ㄹ까,0,0,-500,VA+EF,*,F,고맙ㄹ까,Inflect,VA,EF,고맙/VA/*+ㄹ까/EF/*
고맙ㄹ까요,0,0,-500,VA+EF,*,F,고맙ㄹ까요,Inflect,VA,EF,고맙/VA/*+ㄹ까요/EF/*
고맙ㄹ게요,0,0,-500,VA+EF,*,F,고맙ㄹ게요,Inflect,VA,EF,고맙/VA/*+ㄹ게요/EF/*
고맙ㄹ게,0,0,-500,VA+EF,*,F,고맙ㄹ게,Inflect,VA,EF,고맙/VA/*+ㄹ게/EF/*
고맙자,0,0,-500,VA+EF,*,F,고맙자,Inflect,VA,EF,고맙/VA/*+자/EF/*
고맙으세요,0,0,-500,VA+EF,*,F,고맙으세요,Inflect,VA,EF,고맙/VA/*+세요/EF/*
고마워다,0,0,-500,VA+EP+EF,*,F,고마워다,Inflect,VA,EF,고맙/VA/*+았/EP/*+다/EF/*
고마워어요,0,0,-500,VA+EP+EF,*,F,고마워어요,Inflect,VA,EF,고맙/VA/*+았/EP/*+요/EF/*
고마웝니다,0,0,-500,VA+EP+EF,*,F,고마웝니다,Inflect,VA,EF,고맙/VA/*+았/EP/*+ㅂ니다/EF/*
고마워습니다,0,0,-500,VA+EP+EF,*,F,고마워습니다,Inflect,VA,EF,고맙/VA/*+았/EP/*+습니다/EF/*
고마월까,0,0,-500,VA+EP+EF,*,F,고마월까,Inflect,VA,EF,고맙/VA/*+았/EP/*+ㄹ까/EF/*
고마월까요,0,0,-500,VA+EP+EF,*,F,고마월까요,Inflect,VA,EF,고맙/VA/*+았/EP/*+ㄹ까요/EF/*
고마월게요,0,0,-500,VA+EP+EF,*,F,고마월게요,Inflect,VA,EF,고맙/VA/*+았/EP/*+ㄹ게요/EF/*
고마월게,0,0,-500,VA+EP+EF,*,F,고마월게,Inflect,VA,EF,고맙/VA/*+았/EP/*+ㄹ게/EF/*
고마워자,0,0,-500,VA+EP+EF,*,F,고마워자,Inflect,VA,EF,고맙/VA/*+았/EP/*+자/EF/*
고마워세요,0,0,-500,VA+EP+EF,*,F,고마워세요,Inflect,VA,EF,고맙/VA/*+았/EP/*+세요/EF/*
고마워다,0,0,-500,VA+EP+EF,*,F,고마워다,Inflect,VA,EF,고맙/VA/*+었/EP/*+다/EF/*
고마워어요,0,0,-500,VA+EP+EF,*,F,고마워어요,Inflect,VA,EF,고맙/VA/*+었/EP/*+요/EF/*
고마웝니다,0,0,-500,VA+EP+EF,*,F,고마웝니다,Inflect,VA,EF,고맙/VA/*+었/EP/*+ㅂ니다/EF/*
고마워습니다,0,0,-500,VA+EP+EF,*,F,고마워습니다,Inflect,VA,EF,고맙/VA/*+었/EP/*+습니다/EF/*
고마월까,0,0,-500,VA+EP+EF,*,F,고마월까,Inflect,VA,EF,고맙/VA/*+었/EP/*+ㄹ까/EF/*
고마월까요,0,0,-500,VA+EP+EF,*,F,고마월까요,Inflect,VA,EF,고맙/VA/*+었/EP/*+ㄹ까요/EF/*
고마월게요,0,0,-500,VA+EP+EF,*,F,고마월게요,Inflect,VA,EF,고맙/VA/*+었/EP/*+ㄹ게요/EF/*
고마월게,0,0,-500,VA+EP+EF,*,F,고마월게,Inflect,VA,EF,고맙/VA/*+었/EP/*+ㄹ게/EF/*
고마워자,0,0,-500,VA+EP+EF,*,F,고마워자,Inflect,VA,EF,고맙/VA/*+었/EP/*+자/EF/*
고마워세요,0,0,-500,VA+EP+EF,*,F,고마워세요,Inflect,VA,EF,고맙/VA/*+었/EP/*+세요/EF/*
고맙으시다,0,0,-500,VA+EP+EF,*,F,고맙으시다,Inflect,VA,EF,고맙/VA/*+시/EP/*+다/EF/*
고맙으셔요,0,0,-500,VA+EP+EF,*,F,고맙으셔요,Inflect,VA,EF,고맙/VA/*+시/EP/*+요/EF/*
고맙으십니다,0,0,-500,VA+EP+EF,*,F,고맙으십니다,Inflect,VA,EF,고맙/VA/*+시/EP/*+ㅂ니다/EF/*
고맙으시습니다,0,0,-500,VA+EP+EF,*,F,고맙으시습니다,Inflect,VA,EF,고맙/VA/*+시/EP/*+습니다/EF/*
고맙으실까,0,0,-500,VA+EP+EF,*,F,고맙으실까,Inflect,VA,EF,고맙/VA/*+시/EP/*+ㄹ까/EF/*
고맙으실까요,0,0,-500,VA+EP+EF,*,F,고맙으실까요,Inflect,VA,EF,고맙/VA/*+시/EP/*+ㄹ까요/EF/*
고맙으실게요,0,0,-500,VA+EP+EF,*,F,고맙으실게요,Inflect,VA,EF,고맙/VA/*+시/EP/*+ㄹ게요/EF/*
고맙으실게,0,0,-500,VA+EP+EF,*,F,고맙으실게,Inflect,VA,EF,고맙/VA/*+시/EP/*+ㄹ게/EF/*
고맙으시자,0,0,-500,VA+EP+EF,*,F,고맙으시자,Inflect,VA,EF,고맙/VA/*+시/EP/*+자/EF/*
고맙으시세요,0,0,-500,VA+EP+EF,*,F,고맙으시세요,Inflect,VA,EF,고맙/VA/*+시/EP/*+세요/EF/*
고맙겠다,0,0,-500,VA+EP+EF,*,F,고맙겠다,Inflect,VA,EF,고맙/VA/*+겠/EP/*+다/EF/*
고맙겠어요,0,0,-500,VA+EP+EF,*,F,고맙겠어요,Inflect,VA,EF,고맙/VA/*+겠/EP/*+요/EF/*
고맙겠ㅂ니다,0,0,-500,VA+EP+EF,*,F,고맙겠ㅂ니다,Inflect,VA,EF,고맙/VA/*+겠/EP/*+ㅂ니다/EF/*
고맙겠으습니다,0,0,-500,VA+EP+EF,*,F,고맙겠으습니다,Inflect,VA,EF,고맙/VA/*+겠/EP/*+습니다/EF/*
고맙겠ㄹ까,0,0,-500,VA+EP+EF,*,F,고맙겠ㄹ까,Inflect,VA,EF,고맙/VA/*+겠/EP/*+ㄹ까/EF/*
고맙겠ㄹ까요,0,0,-500,VA+EP+EF,*,F,고맙겠ㄹ까요,Inflect,VA,EF,고맙/VA/*+겠/EP/*+ㄹ까요/EF/*
고맙겠ㄹ게요,0,0,-500,VA+EP+EF,*,F,고맙겠ㄹ게요,Inflect,VA,EF,고맙/VA/*+겠/EP/*+ㄹ게요/EF/*
고맙겠ㄹ게,0,0,-500,VA+EP+EF,*,F,고맙겠ㄹ게,Inflect,VA,EF,고맙/VA/*+겠/EP/*+ㄹ게/EF/*
고맙겠자,0,0,-500,VA+EP+EF,*,F,고맙겠자,Inflect,VA,EF,고맙/VA/*+겠/EP/*+자/EF/*
고맙겠으세요,0,0,-500,VA+EP+EF,*,F,고맙겠으세요,Inflect,VA,EF,고맙/VA/*+겠/EP/*+세요/EF/*
사는,0,0,-500,VV+ETM,*,T,사는,Inflect,VV,ETM,살/VV/*+는/ETM/*
사ㄴ,0,0,-500,VV+ETM,*,F,사ㄴ,Inflect,VV,ETM,살/VV/*+ㄴ/ETM/*
살은,0,0,-500,VV+ETM,*,T,살은,Inflect,VV,ETM,살/VV/*+은/ETM/*
살ㄹ,0,0,-500,VV+ETM,*,F,살ㄹ,Inflect,VV,ETM,살/VV/*+ㄹ/ETM/*
살을,0,0,-500,VV+ETM,*,T,살을,Inflect,VV,ETM,살/VV/*+을/ETM/*
살고,0,0,-500,VV+EC,*,F,살고,Inflect,VV,EC,살/VV/*+고/EC/*
살아서,0,0,-500,VV+EC,*,F,살아서,Inflect,VV,EC,살/VV/*+서/EC/*
살니까,0,0,-500,VV+EC,*,F,살니까,Inflect,VV,EC,살/VV/*+니까/EC/*
살니,0,0,-500,VV+EC,*,F,살니,Inflect,VV,EC,살/VV/*+니/EC/*
살면,0,0,-500,VV+EC,*,T,살면,Inflect,VV,EC,살/VV/*+면/EC/*
살지만,0,0,-500,VV+EC,*,T,살지만,Inflect,VV,EC,살/VV/*+지만/EC/*
사는데,0,0,-500,VV+EC,*,F,사는데,Inflect,VV,EC,살/VV/*+는데/EC/*
사ㄴ데,0,0,-500,VV+EC,*,F,사ㄴ데,Inflect,VV,EC,살/VV/*+ㄴ데/EC/*
살은데,0,0,-500,VV+EC,*,F,살은데,Inflect,VV,EC,살/VV/*+은데/EC/*
살면서,0,0,-500,VV+EC,*,F,살면서,Inflect,VV,EC,살/VV/*+면서/EC/*
살며,0,0,-500,VV+EC,*,F,살며,Inflect,VV,EC,살/VV/*+며/EC/*
살러,0,0,-500,VV+EC,*,F,살러,Inflect,VV,EC,살/VV/*+러/EC/*
살려고,0,0,-500,VV+EC,*,F,살려고,Inflect,VV,EC,살/VV/*+려고/EC/*
살려,0,0,-500,VV+EC,*,F,살려,Inflect,VV,EC,살/VV/*+려/EC/*
살아도,0,0,-500,VV+EC,*,F,살아도,Inflect,VV,EC,살/VV/*+도/EC/*
살다가,0,0,-500,VV+EC,*,F,살다가,Inflect,VV,EC,살/VV/*+다가/EC/*
살자,0,0,-500,VV+EC,*,F,살자,Inflect,VV,EC,살/VV/*+자/EC/*
살자마자,0,0,-500,VV+EC,*,F,살자마자,Inflect,VV,EC,살/VV/*+자마자/EC/*
살고서,0,0,-500,VV+EC,*,F,살고서,Inflect,VV,EC,살/VV/*+고서/EC/*
살고나서,0,0,-500,VV+EC,*,F,살고나서,Inflect,VV,EC,살/VV/*+고나서/EC/*
살도록,0,0,-500,VV+EC,*,T,살도록,Inflect,VV,EC,살/VV/*+도록/EC/*
살게,0,0,-500,VV+EC,*,F,살게,Inflect,VV,EC,살/VV/*+게/EC/*
살더라도,0,0,-500,VV+EC,*,F,살더라도,Inflect,VV,EC,살/VV/*+더라도/EC/*
살ㄹ지라도,0,0,-500,VV+EC,*,F,살ㄹ지라도,Inflect,VV,EC,살/VV/*+ㄹ지라도/EC/*
살을지라도,0,0,-500,VV+EC,*,F,살을지라도,Inflect,VV,EC,살/VV/*+을지라도/EC/*
살ㄹ수록,0,0,-500,VV+EC,*,T,살ㄹ수록,Inflect,VV,EC,살/VV/*+ㄹ수록/EC/*
살을수록,0,0,-500,VV+EC,*,T,살을수록,Inflect,VV,EC,살/VV/*+을수록/EC/*
살다고,0,0,-500,VV+EC,*,F,살다고,Inflect,VV,EC,살/VV/*+다고/EC/*
살라고,0,0,-500,VV+EC,*,F,살라고,Inflect,VV,EC,살/VV/*+라고/EC/*
살냐고,0,0,-500,VV+EC,*,F,살냐고,Inflect,VV,EC,살/VV/*+냐고/EC/*
살지,0,0,-500,VV+EC,*,F,살지,Inflect,VV,EC,살/VV/*+지/EC/*
살거나,0,0,-500,VV+EC,*,F,살거나,Inflect,VV,EC,살/VV/*+거나/EC/*
살든지,0,0,-500,VV+EC,*,F,살든지,Inflect,VV,EC,살/VV/*+든지/EC/*
살듯이,0,0,-500,VV+EC,*,F,살듯이,Inflect,VV,EC,살/VV/*+듯이/EC/*
살듯,0,0,-500,VV+EC,*,T,살듯,Inflect,VV,EC,살/VV/*+듯/EC/*
살다,0,0,-500,VV+EF,*,F,살다,Inflect,VV,EF,살/VV/*+다/EF/*
살아요,0,0,-500,VV+EF,*,F,살아요,Inflect,VV,EF,살/VV/*+요/EF/*
사ㅂ니다,0,0,-500,VV+EF,*,F,사ㅂ니다,Inflect,VV,EF,살/VV/*+ㅂ니다/EF/*
살습니다,0,0,-500,VV+EF,*,F,살습니다,Inflect,VV,EF,살/VV/*+습니다/EF/*
살ㄹ까,0,0,-500,VV+EF,*,F,살ㄹ까,Inflect,VV,EF,살/VV/*+ㄹ까/EF/*
살ㄹ까요,0,0,-500,VV+EF,*,F,살ㄹ까요,Inflect,VV,EF,살/VV/*+ㄹ까요/EF/*
살ㄹ게요,0,0,-500,VV+EF,*,F,살ㄹ게요,Inflect,VV,EF,살/VV/*+ㄹ게요/EF/*
살ㄹ게,0,0,-500,VV+EF,*,F,살ㄹ게,Inflect,VV,EF,살/VV/*+ㄹ게/EF/*
살자,0,0,-500,VV+EF,*,F,살자,Inflect,VV,EF,살/VV/*+자/EF/*
살세요,0,0,-500,VV+EF,*,F,살세요,Inflect,VV,EF,살/VV/*+세요/EF/*
살았다,0,0,-500,VV+EP+EF,*,F,살았다,Inflect,VV,EF,살/VV/*+았/EP/*+다/EF/*
살았아요,0,0,-500,VV+EP+EF,*,F,살았아요,Inflect,VV,EF,살/VV/*+았/EP/*+요/EF/*
살았ㅂ니다,0,0,-500,VV+EP+EF,*,F,살았ㅂ니다,Inflect,VV,EF,살/VV/*+았/EP/*+ㅂ니다/EF/*
살았으습니다,0,0,-500,VV+EP+EF,*,F,살았으습니다,Inflect,VV,EF,살/VV/*+았/EP/*+습니다/EF/*
살았ㄹ까,0,0,-500,VV+EP+EF,*,F,살았ㄹ까,Inflect,VV,EF,살/VV/*+았/EP/*+ㄹ까/EF/*
살았ㄹ까요,0,0,-500,VV+EP+EF,*,F,살았ㄹ까요,Inflect,VV,EF,살/VV/*+았/EP/*+ㄹ까요/EF/*
살았ㄹ게요,0,0,-500,VV+EP+EF,*,F,살았ㄹ게요,Inflect,VV,EF,살/VV/*+았/EP/*+ㄹ게요/EF/*
살았ㄹ게,0,0,-500,VV+EP+EF,*,F,살았ㄹ게,Inflect,VV,EF,살/VV/*+았/EP/*+ㄹ게/EF/*
살았자,0,0,-500,VV+EP+EF,*,F,살았자,Inflect,VV,EF,살/VV/*+았/EP/*+자/EF/*
살았으세요,0,0,-500,VV+EP+EF,*,F,살았으세요,Inflect,VV,EF,살/VV/*+았/EP/*+세요/EF/*
살았다,0,0,-500,VV+EP+EF,*,F,살았다,Inflect,VV,EF,살/VV/*+었/EP/*+다/EF/*
살았아요,0,0,-500,VV+EP+EF,*,F,살았아요,Inflect,VV,EF,살/VV/*+었/EP/*+요/EF/*
살았ㅂ니다,0,0,-500,VV+EP+EF,*,F,살았ㅂ니다,Inflect,VV,EF,살/VV/*+었/EP/*+ㅂ니다/EF/*
살았으습니다,0,0,-500,VV+EP+EF,*,F,살았으습니다,Inflect,VV,EF,살/VV/*+었/EP/*+습니다/EF/*
살았ㄹ까,0,0,-500,VV+EP+EF,*,F,살았ㄹ까,Inflect,VV,EF,살/VV/*+었/EP/*+ㄹ까/EF/*
살았ㄹ까요,0,0,-500,VV+EP+EF,*,F,살았ㄹ까요,Inflect,VV,EF,살/VV/*+었/EP/*+ㄹ까요/EF/*
살았ㄹ게요,0,0,-500,VV+EP+EF,*,F,살았ㄹ게요,Inflect,VV,EF,살/VV/*+었/EP/*+ㄹ게요/EF/*
살았ㄹ게,0,0,-500,VV+EP+EF,*,F,살았ㄹ게,Inflect,VV,EF,살/VV/*+었/EP/*+ㄹ게/EF/*
살았자,0,0,-500,VV+EP+EF,*,F,살았자,Inflect,VV,EF,살/VV/*+었/EP/*+자/EF/*
살았으세요,0,0,-500,VV+EP+EF,*,F,살았으세요,Inflect,VV,EF,살/VV/*+었/EP/*+세요/EF/*
살시다,0,0,-500,VV+EP+EF,*,F,살시다,Inflect,VV,EF,살/VV/*+시/EP/*+다/EF/*
살셔요,0,0,-500,VV+EP+EF,*,F,살셔요,Inflect,VV,EF,살/VV/*+시/EP/*+요/EF/*
살십니다,0,0,-500,VV+EP+EF,*,F,살십니다,Inflect,VV,EF,살/VV/*+시/EP/*+ㅂ니다/EF/*
살시습니다,0,0,-500,VV+EP+EF,*,F,살시습니다,Inflect,VV,EF,살/VV/*+시/EP/*+습니다/EF/*
살실까,0,0,-500,VV+EP+EF,*,F,살실까,Inflect,VV,EF,살/VV/*+시/EP/*+ㄹ까/EF/*
살실까요,0,0,-500,VV+EP+EF,*,F,살실까요,Inflect,VV,EF,살/VV/*+시/EP/*+ㄹ까요/EF/*
살실게요,0,0,-500,VV+EP+EF,*,F,살실게요,Inflect,VV,EF,살/VV/*+시/EP/*+ㄹ게요/EF/*
살실게,0,0,-500,VV+EP+EF,*,F,살실게,Inflect,VV,EF,살/VV/*+시/EP/*+ㄹ게/EF/*
살시자,0,0,-500,VV+EP+EF,*,F,살시자,Inflect,VV,EF,살/VV/*+시/EP/*+자/EF/*
살시세요,0,0,-500,VV+EP+EF,*,F,살시세요,Inflect,VV,EF,살/VV/*+시/EP/*+세요/EF/*
살겠다,0,0,-500,VV+EP+EF,*,F,살겠다,Inflect,VV,EF,살/VV/*+겠/EP/*+다/EF/*
살겠어요,0,0,-500,VV+EP+EF,*,F,살겠어요,Inflect,VV,EF,살/VV/*+겠/EP/*+요/EF/*
살겠ㅂ니다,0,0,-500,VV+EP+EF,*,F,살겠ㅂ니다,Inflect,VV,EF,살/VV/*+겠/EP/*+ㅂ니다/EF/*
살겠으습니다,0,0,-500,VV+EP+EF,*,F,살겠으습니다,Inflect,VV,EF,살/VV/*+겠/EP/*+습니다/EF/*
살겠ㄹ까,0,0,-500,VV+EP+EF,*,F,살겠ㄹ까,Inflect,VV,EF,살/VV/*+겠/EP/*+ㄹ까/EF/*
살겠ㄹ까요,0,0,-500,VV+EP+EF,*,F,살겠ㄹ까요,Inflect,VV,EF,살/VV/*+겠/EP/*+ㄹ까요/EF/*
살겠ㄹ게요,0,0,-500,VV+EP+EF,*,F,살겠ㄹ게요,Inflect,VV,EF,살/VV/*+겠/EP/*+ㄹ게요/EF/*
살겠ㄹ게,0,0,-500,VV+EP+EF,*,F,살겠ㄹ게,Inflect,VV,EF,살/VV/*+겠/EP/*+ㄹ게/EF/*
살겠자,0,0,-500,VV+EP+EF,*,F,살겠자,Inflect,VV,EF,살/VV/*+겠/EP/*+자/EF/*
살겠으세요,0,0,-500,VV+EP+EF,*,F,살겠으세요,Inflect,VV,EF,살/VV/*+겠/EP/*+세요/EF/*
아는,0,0,-500,VV+ETM,*,T,아는,Inflect,VV,ETM,알/VV/*+는/ETM/*
아ㄴ,0,0,-500,VV+ETM,*,F,아ㄴ,Inflect,VV,ETM,알/VV/*+ㄴ/ETM/*
알은,0,0,-500,VV+ETM,*,T,알은,Inflect,VV,ETM,알/VV/*+은/ETM/*
알ㄹ,0,0,-500,VV+ETM,*,F,알ㄹ,Inflect,VV,ETM,알/VV/*+ㄹ/ETM/*
알을,0,0,-500,VV+ETM,*,T,알을,Inflect,VV,ETM,알/VV/*+을/ETM/*
알고,0,0,-500,VV+EC,*,F,알고,Inflect,VV,EC,알/VV/*+고/EC/*
알아서,0,0,-500,VV+EC,*,F,알아서,Inflect,VV,EC,알/VV/*+서/EC/*
알니까,0,0,-500,VV+EC,*,F,알니까,Inflect,VV,EC,알/VV/*+니까/EC/*
알니,0,0,-500,VV+EC,*,F,알니,Inflect,VV,EC,알/VV/*+니/EC/*
알면,0,0,-500,VV+EC,*,T,알면,Inflect,VV,EC,알/VV/*+면/EC/*
알지만,0,0,-500,VV+EC,*,T,알지만,Inflect,VV,EC,알/VV/*+지만/EC/*
아는데,0,0,-500,VV+EC,*,F,아는데,Inflect,VV,EC,알/VV/*+는데/EC/*
아ㄴ데,0,0,-500,VV+EC,*,F,아ㄴ데,Inflect,VV,EC,알/VV/*+ㄴ데/EC/*
알은데,0,0,-500,VV+EC,*,F,알은데,Inflect,VV,EC,알/VV/*+은데/EC/*
알면서,0,0,-500,VV+EC,*,F,알면서,Inflect,VV,EC,알/VV/*+면서/EC/*
알며,0,0,-500,VV+EC,*,F,알며,Inflect,VV,EC,알/VV/*+며/EC/*
알러,0,0,-500,VV+EC,*,F,알러,Inflect,VV,EC,알/VV/*+러/EC/*
알려고,0,0,-500,VV+EC,*,F,알려고,Inflect,VV,EC,알/VV/*+려고/EC/*
알려,0,0,-500,VV+EC,*,F,알려,Inflect,VV,EC,알/VV/*+려/EC/*
알아도,0,0,-500,VV+EC,*,F,알아도,Inflect,VV,EC,알/VV/*+도/EC/*
알다가,0,0,-500,VV+EC,*,F,알다가,Inflect,VV,EC,알/VV/*+다가/EC/*
알자,0,0,-500,VV+EC,*,F,알자,Inflect,VV,EC,알/VV/*+자/EC/*
알자마자,0,0,-500,VV+EC,*,F,알자마자,Inflect,VV,EC,알/VV/*+자마자/EC/*
알고서,0,0,-500,VV+EC,*,F,알고서,Inflect,VV,EC,알/VV/*+고서/EC/*
알고나서,0,0,-500,VV+EC,*,F,알고나서,Inflect,VV,EC,알/VV/*+고나서/EC/*
알도록,0,0,-500,VV+EC,*,T,알도록,Inflect,VV,EC,알/VV/*+도록/EC/*
알게,0,0,-500,VV+EC,*,F,알게,Inflect,VV,EC,알/VV/*+게/EC/*
알더라도,0,0,-500,VV+EC,*,F,알더라도,Inflect,VV,EC,알/VV/*+더라도/EC/*
알ㄹ지라도,0,0,-500,VV+EC,*,F,알ㄹ지라도,Inflect,VV,EC,알/VV/*+ㄹ지라도/EC/*
알을지라도,0,0,-500,VV+EC,*,F,알을지라도,Inflect,VV,EC,알/VV/*+을지라도/EC/*
알ㄹ수록,0,0,-500,VV+EC,*,T,알ㄹ수록,Inflect,VV,EC,알/VV/*+ㄹ수록/EC/*
알을수록,0,0,-500,VV+EC,*,T,알을수록,Inflect,VV,EC,알/VV/*+을수록/EC/*
알다고,0,0,-500,VV+EC,*,F,알다고,Inflect,VV,EC,알/VV/*+다고/EC/*
알라고,0,0,-500,VV+EC,*,F,알라고,Inflect,VV,EC,알/VV/*+라고/EC/*
알냐고,0,0,-500,VV+EC,*,F,알냐고,Inflect,VV,EC,알/VV/*+냐고/EC/*
알지,0,0,-500,VV+EC,*,F,알지,Inflect,VV,EC,알/VV/*+지/EC/*
알거나,0,0,-500,VV+EC,*,F,알거나,Inflect,VV,EC,알/VV/*+거나/EC/*
알든지,0,0,-500,VV+EC,*,F,알든지,Inflect,VV,EC,알/VV/*+든지/EC/*
알듯이,0,0,-500,VV+EC,*,F,알듯이,Inflect,VV,EC,알/VV/*+듯이/EC/*
알듯,0,0,-500,VV+EC,*,T,알듯,Inflect,VV,EC,알/VV/*+듯/EC/*
알다,0,0,-500,VV+EF,*,F,알다,Inflect,VV,EF,알/VV/*+다/EF/*
알아요,0,0,-500,VV+EF,*,F,알아요,Inflect,VV,EF,알/VV/*+요/EF/*
아ㅂ니다,0,0,-500,VV+EF,*,F,아ㅂ니다,Inflect,VV,EF,알/VV/*+ㅂ니다/EF/*
알습니다,0,0,-500,VV+EF,*,F,알습니다,Inflect,VV,EF,알/VV/*+습니다/EF/*
알ㄹ까,0,0,-500,VV+EF,*,F,알ㄹ까,Inflect,VV,EF,알/VV/*+ㄹ까/EF/*
알ㄹ까요,0,0,-500,VV+EF,*,F,알ㄹ까요,Inflect,VV,EF,알/VV/*+ㄹ까요/EF/*
알ㄹ게요,0,0,-500,VV+EF,*,F,알ㄹ게요,Inflect,VV,EF,알/VV/*+ㄹ게요/EF/*
알ㄹ게,0,0,-500,VV+EF,*,F,알ㄹ게,Inflect,VV,EF,알/VV/*+ㄹ게/EF/*
알자,0,0,-500,VV+EF,*,F,알자,Inflect,VV,EF,알/VV/*+자/EF/*
알세요,0,0,-500,VV+EF,*,F,알세요,Inflect,VV,EF,알/VV/*+세요/EF/*
알았다,0,0,-500,VV+EP+EF,*,F,알았다,Inflect,VV,EF,알/VV/*+았/EP/*+다/EF/*
알았아요,0,0,-500,VV+EP+EF,*,F,알았아요,Inflect,VV,EF,알/VV/*+았/EP/*+요/EF/*
알았ㅂ니다,0,0,-500,VV+EP+EF,*,F,알았ㅂ니다,Inflect,VV,EF,알/VV/*+았/EP/*+ㅂ니다/EF/*
알았으습니다,0,0,-500,VV+EP+EF,*,F,알았으습니다,Inflect,VV,EF,알/VV/*+았/EP/*+습니다/EF/*
알았ㄹ까,0,0,-500,VV+EP+EF,*,F,알았ㄹ까,Inflect,VV,EF,알/VV/*+았/EP/*+ㄹ까/EF/*
알았ㄹ까요,0,0,-500,VV+EP+EF,*,F,알았ㄹ까요,Inflect,VV,EF,알/VV/*+았/EP/*+ㄹ까요/EF/*
알았ㄹ게요,0,0,-500,VV+EP+EF,*,F,알았ㄹ게요,Inflect,VV,EF,알/VV/*+았/EP/*+ㄹ게요/EF/*
알았ㄹ게,0,0,-500,VV+EP+EF,*,F,알았ㄹ게,Inflect,VV,EF,알/VV/*+았/EP/*+ㄹ게/EF/*
알았자,0,0,-500,VV+EP+EF,*,F,알았자,Inflect,VV,EF,알/VV/*+았/EP/*+자/EF/*
알았으세요,0,0,-500,VV+EP+EF,*,F,알았으세요,Inflect,VV,EF,알/VV/*+았/EP/*+세요/EF/*
알았다,0,0,-500,VV+EP+EF,*,F,알았다,Inflect,VV,EF,알/VV/*+었/EP/*+다/EF/*
알았아요,0,0,-500,VV+EP+EF,*,F,알았아요,Inflect,VV,EF,알/VV/*+었/EP/*+요/EF/*
알았ㅂ니다,0,0,-500,VV+EP+EF,*,F,알았ㅂ니다,Inflect,VV,EF,알/VV/*+었/EP/*+ㅂ니다/EF/*
알았으습니다,0,0,-500,VV+EP+EF,*,F,알았으습니다,Inflect,VV,EF,알/VV/*+었/EP/*+습니다/EF/*
알았ㄹ까,0,0,-500,VV+EP+EF,*,F,알았ㄹ까,Inflect,VV,EF,알/VV/*+었/EP/*+ㄹ까/EF/*
알았ㄹ까요,0,0,-500,VV+EP+EF,*,F,알았ㄹ까요,Inflect,VV,EF,알/VV/*+었/EP/*+ㄹ까요/EF/*
알았ㄹ게요,0,0,-500,VV+EP+EF,*,F,알았ㄹ게요,Inflect,VV,EF,알/VV/*+었/EP/*+ㄹ게요/EF/*
알았ㄹ게,0,0,-500,VV+EP+EF,*,F,알았ㄹ게,Inflect,VV,EF,알/VV/*+었/EP/*+ㄹ게/EF/*
알았자,0,0,-500,VV+EP+EF,*,F,알았자,Inflect,VV,EF,알/VV/*+었/EP/*+자/EF/*
알았으세요,0,0,-500,VV+EP+EF,*,F,알았으세요,Inflect,VV,EF,알/VV/*+었/EP/*+세요/EF/*
알시다,0,0,-500,VV+EP+EF,*,F,알시다,Inflect,VV,EF,알/VV/*+시/EP/*+다/EF/*
알셔요,0,0,-500,VV+EP+EF,*,F,알셔요,Inflect,VV,EF,알/VV/*+시/EP/*+요/EF/*
알십니다,0,0,-500,VV+EP+EF,*,F,알십니다,Inflect,VV,EF,알/VV/*+시/EP/*+ㅂ니다/EF/*
알시습니다,0,0,-500,VV+EP+EF,*,F,알시습니다,Inflect,VV,EF,알/VV/*+시/EP/*+습니다/EF/*
알실까,0,0,-500,VV+EP+EF,*,F,알실까,Inflect,VV,EF,알/VV/*+시/EP/*+ㄹ까/EF/*
알실까요,0,0,-500,VV+EP+EF,*,F,알실까요,Inflect,VV,EF,알/VV/*+시/EP/*+ㄹ까요/EF/*
알실게요,0,0,-500,VV+EP+EF,*,F,알실게요,Inflect,VV,EF,알/VV/*+시/EP/*+ㄹ게요/EF/*
알실게,0,0,-500,VV+EP+EF,*,F,알실게,Inflect,VV,EF,알/VV/*+시/EP/*+ㄹ게/EF/*
알시자,0,0,-500,VV+EP+EF,*,F,알시자,Inflect,VV,EF,알/VV/*+시/EP/*+자/EF/*
알시세요,0,0,-500,VV+EP+EF,*,F,알시세요,Inflect,VV,EF,알/VV/*+시/EP/*+세요/EF/*
알겠다,0,0,-500,VV+EP+EF,*,F,알겠다,Inflect,VV,EF,알/VV/*+겠/EP/*+다/EF/*
알겠어요,0,0,-500,VV+EP+EF,*,F,알겠어요,Inflect,VV,EF,알/VV/*+겠/EP/*+요/EF/*
알겠ㅂ니다,0,0,-500,VV+EP+EF,*,F,알겠ㅂ니다,Inflect,VV,EF,알/VV/*+겠/EP/*+ㅂ니다/EF/*
알겠으습니다,0,0,-500,VV+EP+EF,*,F,알겠으습니다,Inflect,VV,EF,알/VV/*+겠/EP/*+습니다/EF/*
알겠ㄹ까,0,0,-500,VV+EP+EF,*,F,알겠ㄹ까,Inflect,VV,EF,알/VV/*+겠/EP/*+ㄹ까/EF/*
알겠ㄹ까요,0,0,-500,VV+EP+EF,*,F,알겠ㄹ까요,Inflect,VV,EF,알/VV/*+겠/EP/*+ㄹ까요/EF/*
알겠ㄹ게요,0,0,-500,VV+EP+EF,*,F,알겠ㄹ게요,Inflect,VV,EF,알/VV/*+겠/EP/*+ㄹ게요/EF/*
알겠ㄹ게,0,0,-500,VV+EP+EF,*,F,알겠ㄹ게,Inflect,VV,EF,알/VV/*+겠/EP/*+ㄹ게/EF/*
알겠자,0,0,-500,VV+EP+EF,*,F,알겠자,Inflect,VV,EF,알/VV/*+겠/EP/*+자/EF/*
알겠으세요,0,0,-500,VV+EP+EF,*,F,알겠으세요,Inflect,VV,EF,알/VV/*+겠/EP/*+세요/EF/*
만드는,0,0,-500,VV+ETM,*,T,만드는,Inflect,VV,ETM,만들/VV/*+는/ETM/*
만드ㄴ,0,0,-500,VV+ETM,*,F,만드ㄴ,Inflect,VV,ETM,만들/VV/*+ㄴ/ETM/*
만들은,0,0,-500,VV+ETM,*,T,만들은,Inflect,VV,ETM,만들/VV/*+은/ETM/*
만들ㄹ,0,0,-500,VV+ETM,*,F,만들ㄹ,Inflect,VV,ETM,만들/VV/*+ㄹ/ETM/*
만들을,0,0,-500,VV+ETM,*,T,만들을,Inflect,VV,ETM,만들/VV/*+을/ETM/*
만들고,0,0,-500,VV+EC,*,F,만들고,Inflect,VV,EC,만들/VV/*+고/EC/*
만들어서,0,0,-500,VV+EC,*,F,만들어서,Inflect,VV,EC,만들/VV/*+서/EC/*
만들니까,0,0,-500,VV+EC,*,F,만들니까,Inflect,VV,EC,만들/VV/*+니까/EC/*
만들니,0,0,-500,VV+EC,*,F,만들니,Inflect,VV,EC,만들/VV/*+니/EC/*
만들면,0,0,-500,VV+EC,*,T,만들면,Inflect,VV,EC,만들/VV/*+면/EC/*
만들지만,0,0,-500,VV+EC,*,T,만들지만,Inflect,VV,EC,만들/VV/*+지만/EC/*
만드는데,0,0,-500,VV+EC,*,F,만드는데,Inflect,VV,EC,만들/VV/*+는데/EC/*
만드ㄴ데,0,0,-500,VV+EC,*,F,만드ㄴ데,Inflect,VV,EC,만들/VV/*+ㄴ데/EC/*
만들은데,0,0,-500,VV+EC,*,F,만들은데,Inflect,VV,EC,만들/VV/*+은데/EC/*
만들면서,0,0,-500,VV+EC,*,F,만들면서,Inflect,VV,EC,만들/VV/*+면서/EC/*
만들며,0,0,-500,VV+EC,*,F,만들며,Inflect,VV,EC,만들/VV/*+며/EC/*
만들러,0,0,-500,VV+EC,*,F,만들러,Inflect,VV,EC,만들/VV/*+러/EC/*
만들려고,0,0,-500,VV+EC,*,F,만들려고,Inflect,VV,EC,만들/VV/*+려고/EC/*
만들려,0,0,-500,VV+EC,*,F,만들려,Inflect,VV,EC,만들/VV/*+려/EC/*
만들어도,0,0,-500,VV+EC,*,F,만들어도,Inflect,VV,EC,만들/VV/*+도/EC/*
만들다가,0,0,-500,VV+EC,*,F,만들다가,Inflect,VV,EC,만들/VV/*+다가/EC/*
만들자,0,0,-500,VV+EC,*,F,만들자,Inflect,VV,EC,만들/VV/*+자/EC/*
만들자마자,0,0,-500,VV+EC,*,F,만들자마자,Inflect,VV,EC,만들/VV/*+자마자/EC/*
만들고서,0,0,-500,VV+EC,*,F,만들고서,Inflect,VV,EC,만들/VV/*+고서/EC/*
만들고나서,0,0,-500,VV+EC,*,F,만들고나서,Inflect,VV,EC,만들/VV/*+고나서/EC/*
만들도록,0,0,-500,VV+EC,*,T,만들도록,Inflect,VV,EC,만들/VV/*+도록/EC/*
만들게,0,0,-500,VV+EC,*,F,만들게,Inflect,VV,EC,만들/VV/*+게/EC/*
만들더라도,0,0,-500,VV+EC,*,F,만들더라도,Inflect,VV,EC,만들/VV/*+더라도/EC/*
만들ㄹ지라도,0,0,-500,VV+EC,*,F,만들ㄹ지라도,Inflect,VV,EC,만들/VV/*+ㄹ지라도/EC/*
만들을지라도,0,0,-500,VV+EC,*,F,만들을지라도,Inflect,VV,EC,만들/VV/*+을지라도/EC/*
만들ㄹ수록,0,0,-500,VV+EC,*,T,만들ㄹ수록,Inflect,VV,EC,만들/VV/*+ㄹ수록/EC/*
만들을수록,0,0,-500,VV+EC,*,T,만들을수록,Inflect,VV,EC,만들/VV/*+을수록/EC/*
만들다고,0,0,-500,VV+EC,*,F,만들다고,Inflect,VV,EC,만들/VV/*+다고/EC/*
만들라고,0,0,-500,VV+EC,*,F,만들라고,Inflect,VV,EC,만들/VV/*+라고/EC/*
만들냐고,0,0,-500,VV+EC,*,F,만들냐고,Inflect,VV,EC,만들/VV/*+냐고/EC/*
만들지,0,0,-500,VV+EC,*,F,만들지,Inflect,VV,EC,만들/VV/*+지/EC/*
만들거나,0,0,-500,VV+EC,*,F,만들거나,Inflect,VV,EC,만들/VV/*+거나/EC/*
만들든지,0,0,-500,VV+EC,*,F,만들든지,Inflect,VV,EC,만들/VV/*+든지/EC/*
만들듯이,0,0,-500,VV+EC,*,F,만들듯이,Inflect,VV,EC,만들/VV/*+듯이/EC/*
만들듯,0,0,-500,VV+EC,*,T,만들듯,Inflect,VV,EC,만들/VV/*+듯/EC/*
만들다,0,0,-500,VV+EF,*,F,만들다,Inflect,VV,EF,만들/VV/*+다/EF/*
만들어요,0,0,-500,VV+EF,*,F,만들어요,Inflect,VV,EF,만들/VV/*+요/EF/*
만드ㅂ니다,0,0,-500,VV+EF,*,F,만드ㅂ니다,Inflect,VV,EF,만들/VV/*+ㅂ니다/EF/*
만들습니다,0,0,-500,VV+EF,*,F,만들습니다,Inflect,VV,EF,만들/VV/*+습니다/EF/*
만들ㄹ까,0,0,-500,VV+EF,*,F,만들ㄹ까,Inflect,VV,EF,만들/VV/*+ㄹ까/EF/*
만들ㄹ까요,0,0,-500,VV+EF,*,F,만들ㄹ까요,Inflect,VV,EF,만들/VV/*+ㄹ까요/EF/*
만들ㄹ게요,0,0,-500,VV+EF,*,F,만들ㄹ게요,Inflect,VV,EF,만들/VV/*+ㄹ게요/EF/*
만들ㄹ게,0,0,-500,VV+EF,*,F,만들ㄹ게,Inflect,VV,EF,만들/VV/*+ㄹ게/EF/*
만들자,0,0,-500,VV+EF,*,F,만들자,Inflect,VV,EF,만들/VV/*+자/EF/*
만들세요,0,0,-500,VV+EF,*,F,만들세요,Inflect,VV,EF,만들/VV/*+세요/EF/*
만들었다,0,0,-500,VV+EP+EF,*,F,만들었다,Inflect,VV,EF,만들/VV/*+았/EP/*+다/EF/*
만들었어요,0,0,-500,VV+EP+EF,*,F,만들었어요,Inflect,VV,EF,만들/VV/*+았/EP/*+요/EF/*
만들었ㅂ니다,0,0,-500,VV+EP+EF,*,F,만들었ㅂ니다,Inflect,VV,EF,만들/VV/*+았/EP/*+ㅂ니다/EF/*
만들었으습니다,0,0,-500,VV+EP+EF,*,F,만들었으습니다,Inflect,VV,EF,만들/VV/*+았/EP/*+습니다/EF/*
만들었ㄹ까,0,0,-500,VV+EP+EF,*,F,만들었ㄹ까,Inflect,VV,EF,만들/VV/*+았/EP/*+ㄹ까/EF/*
만들었ㄹ까요,0,0,-500,VV+EP+EF,*,F,만들었ㄹ까요,Inflect,VV,EF,만들/VV/*+았/EP/*+ㄹ까요/EF/*
만들었ㄹ게요,0,0,-500,VV+EP+EF,*,F,만들었ㄹ게요,Inflect,VV,EF,만들/VV/*+았/EP/*+ㄹ게요/EF/*
만들었ㄹ게,0,0,-500,VV+EP+EF,*,F,만들었ㄹ게,Inflect,VV,EF,만들/VV/*+았/EP/*+ㄹ게/EF/*
만들었자,0,0,-500,VV+EP+EF,*,F,만들었자,Inflect,VV,EF,만들/VV/*+았/EP/*+자/EF/*
만들었으세요,0,0,-500,VV+EP+EF,*,F,만들었으세요,Inflect,VV,EF,만들/VV/*+았/EP/*+세요/EF/*
만들었다,0,0,-500,VV+EP+EF,*,F,만들었다,Inflect,VV,EF,만들/VV/*+었/EP/*+다/EF/*
만들었어요,0,0,-500,VV+EP+EF,*,F,만들었어요,Inflect,VV,EF,만들/VV/*+었/EP/*+요/EF/*
만들었ㅂ니다,0,0,-500,VV+EP+EF,*,F,만들었ㅂ니다,Inflect,VV,EF,만들/VV/*+었/EP/*+ㅂ니다/EF/*
만들었으습니다,0,0,-500,VV+EP+EF,*,F,만들었으습니다,Inflect,VV,EF,만들/VV/*+었/EP/*+습니다/EF/*
만들었ㄹ까,0,0,-500,VV+EP+EF,*,F,만들었ㄹ까,Inflect,VV,EF,만들/VV/*+었/EP/*+ㄹ까/EF/*
만들었ㄹ까요,0,0,-500,VV+EP+EF,*,F,만들었ㄹ까요,Inflect,VV,EF,만들/VV/*+었/EP/*+ㄹ까요/EF/*
만들었ㄹ게요,0,0,-500,VV+EP+EF,*,F,만들었ㄹ게요,Inflect,VV,EF,만들/VV/*+었/EP/*+ㄹ게요/EF/*
만들었ㄹ게,0,0,-500,VV+EP+EF,*,F,만들었ㄹ게,Inflect,VV,EF,만들/VV/*+었/EP/*+ㄹ게/EF/*
만들었자,0,0,-500,VV+EP+EF,*,F,만들었자,Inflect,VV,EF,만들/VV/*+었/EP/*+자/EF/*
만들었으세요,0,0,-500,VV+EP+EF,*,F,만들었으세요,Inflect,VV,EF,만들/VV/*+었/EP/*+세요/EF/*
만들시다,0,0,-500,VV+EP+EF,*,F,만들시다,Inflect,VV,EF,만들/VV/*+시/EP/*+다/EF/*
만들셔요,0,0,-500,VV+EP+EF,*,F,만들셔요,Inflect,VV,EF,만들/VV/*+시/EP/*+요/EF/*
만들십니다,0,0,-500,VV+EP+EF,*,F,만들십니다,Inflect,VV,EF,만들/VV/*+시/EP/*+ㅂ니다/EF/*
만들시습니다,0,0,-500,VV+EP+EF,*,F,만들시습니다,Inflect,VV,EF,만들/VV/*+시/EP/*+습니다/EF/*
만들실까,0,0,-500,VV+EP+EF,*,F,만들실까,Inflect,VV,EF,만들/VV/*+시/EP/*+ㄹ까/EF/*
만들실까요,0,0,-500,VV+EP+EF,*,F,만들실까요,Inflect,VV,EF,만들/VV/*+시/EP/*+ㄹ까요/EF/*
만들실게요,0,0,-500,VV+EP+EF,*,F,만들실게요,Inflect,VV,EF,만들/VV/*+시/EP/*+ㄹ게요/EF/*
만들실게,0,0,-500,VV+EP+EF,*,F,만들실게,Inflect,VV,EF,만들/VV/*+시/EP/*+ㄹ게/EF/*
만들시자,0,0,-500,VV+EP+EF,*,F,만들시자,Inflect,VV,EF,만들/VV/*+시/EP/*+자/EF/*
만들시세요,0,0,-500,VV+EP+EF,*,F,만들시세요,Inflect,VV,EF,만들/VV/*+시/EP/*+세요/EF/*
만들겠다,0,0,-500,VV+EP+EF,*,F,만들겠다,Inflect,VV,EF,만들/VV/*+겠/EP/*+다/EF/*
만들겠어요,0,0,-500,VV+EP+EF,*,F,만들겠어요,Inflect,VV,EF,만들/VV/*+겠/EP/*+요/EF/*
만들겠ㅂ니다,0,0,-500,VV+EP+EF,*,F,만들겠ㅂ니다,Inflect,VV,EF,만들/VV/*+겠/EP/*+ㅂ니다/EF/*
만들겠으습니다,0,0,-500,VV+EP+EF,*,F,만들겠으습니다,Inflect,VV,EF,만들/VV/*+겠/EP/*+습니다/EF/*
만들겠ㄹ까,0,0,-500,VV+EP+EF,*,F,만들겠ㄹ까,Inflect,VV,EF,만들/VV/*+겠/EP/*+ㄹ까/EF/*
만들겠ㄹ까요,0,0,-500,VV+EP+EF,*,F,만들겠ㄹ까요,Inflect,VV,EF,만들/VV/*+겠/EP/*+ㄹ까요/EF/*
만들겠ㄹ게요,0,0,-500,VV+EP+EF,*,F,만들겠ㄹ게요,Inflect,VV,EF,만들/VV/*+겠/EP/*+ㄹ게요/EF/*
만들겠ㄹ게,0,0,-500,VV+EP+EF,*,F,만들겠ㄹ게,Inflect,VV,EF,만들/VV/*+겠/EP/*+ㄹ게/EF/*
만들겠자,0,0,-500,VV+EP+EF,*,F,만들겠자,Inflect,VV,EF,만들/VV/*+겠/EP/*+자/EF/*
만들겠으세요,0,0,-500,VV+EP+EF,*,F,만들겠으세요,Inflect,VV,EF,만들/VV/*+겠/EP/*+세요/EF/*
여는,0,0,-500,VV+ETM,*,T,여는,Inflect,VV,ETM,열/VV/*+는/ETM/*
여ㄴ,0,0,-500,VV+ETM,*,F,여ㄴ,Inflect,VV,ETM,열/VV/*+ㄴ/ETM/*
열은,0,0,-500,VV+ETM,*,T,열은,Inflect,VV,ETM,열/VV/*+은/ETM/*
열ㄹ,0,0,-500,VV+ETM,*,F,열ㄹ,Inflect,VV,ETM,열/VV/*+ㄹ/ETM/*
열을,0,0,-500,VV+ETM,*,T,열을,Inflect,VV,ETM,열/VV/*+을/ETM/*
열고,0,0,-500,VV+EC,*,F,열고,Inflect,VV,EC,열/VV/*+고/EC/*
열어서,0,0,-500,VV+EC,*,F,열어서,Inflect,VV,EC,열/VV/*+서/EC/*
열니까,0,0,-500,VV+EC,*,F,열니까,Inflect,VV,EC,열/VV/*+니까/EC/*
열니,0,0,-500,VV+EC,*,F,열니,Inflect,VV,EC,열/VV/*+니/EC/*
열면,0,0,-500,VV+EC,*,T,열면,Inflect,VV,EC,열/VV/*+면/EC/*
열지만,0,0,-500,VV+EC,*,T,열지만,Inflect,VV,EC,열/VV/*+지만/EC/*
여는데,0,0,-500,VV+EC,*,F,여는데,Inflect,VV,EC,열/VV/*+는데/EC/*
여ㄴ데,0,0,-500,VV+EC,*,F,여ㄴ데,Inflect,VV,EC,열/VV/*+ㄴ데/EC/*
열은데,0,0,-500,VV+EC,*,F,열은데,Inflect,VV,EC,열/VV/*+은데/EC/*
열면서,0,0,-500,VV+EC,*,F,열면서,Inflect,VV,EC,열/VV/*+면서/EC/*
열며,0,0,-500,VV+EC,*,F,열며,Inflect,VV,EC,열/VV/*+며/EC/*
열러,0,0,-500,VV+EC,*,F,열러,Inflect,VV,EC,열/VV/*+러/EC/*
열려고,0,0,-500,VV+EC,*,F,열려고,Inflect,VV,EC,열/VV/*+려고/EC/*
열려,0,0,-500,VV+EC,*,F,열려,Inflect,VV,EC,열/VV/*+려/EC/*
열어도,0,0,-500,VV+EC,*,F,열어도,Inflect,VV,EC,열/VV/*+도/EC/*
열다가,0,0,-500,VV+EC,*,F,열다가,Inflect,VV,EC,열/VV/*+다가/EC/*
열자,0,0,-500,VV+EC,*,F,열자,Inflect,VV,EC,열/VV/*+자/EC/*
열자마자,0,0,-500,VV+EC,*,F,열자마자,Inflect,VV,EC,열/VV/*+자마자/EC/*
열고서,0,0,-500,VV+EC,*,F,열고서,Inflect,VV,EC,열/VV/*+고서/EC/*
열고나서,0,0,-500,VV+EC,*,F,열고나서,Inflect,VV,EC,열/VV/*+고나서/EC/*
열도록,0,0,-500,VV+EC,*,T,열도록,Inflect,VV,EC,열/VV/*+도록/EC/*
열게,0,0,-500,VV+EC,*,F,열게,Inflect,VV,EC,열/VV/*+게/EC/*
열더라도,0,0,-500,VV+EC,*,F,열더라도,Inflect,VV,EC,열/VV/*+더라도/EC/*
열ㄹ지라도,0,0,-500,VV+EC,*,F,열ㄹ지라도,Inflect,VV,EC,열/VV/*+ㄹ지라도/EC/*
열을지라도,0,0,-500,VV+EC,*,F,열을지라도,Inflect,VV,EC,열/VV/*+을지라도/EC/*
열ㄹ수록,0,0,-500,VV+EC,*,T,열ㄹ수록,Inflect,VV,EC,열/VV/*+ㄹ수록/EC/*
열을수록,0,0,-500,VV+EC,*,T,열을수록,Inflect,VV,EC,열/VV/*+을수록/EC/*
열다고,0,0,-500,VV+EC,*,F,열다고,Inflect,VV,EC,열/VV/*+다고/EC/*
열라고,0,0,-500,VV+EC,*,F,열라고,Inflect,VV,EC,열/VV/*+라고/EC/*
열냐고,0,0,-500,VV+EC,*,F,열냐고,Inflect,VV,EC,열/VV/*+냐고/EC/*
열지,0,0,-500,VV+EC,*,F,열지,Inflect,VV,EC,열/VV/*+지/EC/*
열거나,0,0,-500,VV+EC,*,F,열거나,Inflect,VV,EC,열/VV/*+거나/EC/*
열든지,0,0,-500,VV+EC,*,F,열든지,Inflect,VV,EC,열/VV/*+든지/EC/*
열듯이,0,0,-500,VV+EC,*,F,열듯이,Inflect,VV,EC,열/VV/*+듯이/EC/*
열듯,0,0,-500,VV+EC,*,T,열듯,Inflect,VV,EC,열/VV/*+듯/EC/*
열다,0,0,-500,VV+EF,*,F,열다,Inflect,VV,EF,열/VV/*+다/EF/*
열어요,0,0,-500,VV+EF,*,F,열어요,Inflect,VV,EF,열/VV/*+요/EF/*
여ㅂ니다,0,0,-500,VV+EF,*,F,여ㅂ니다,Inflect,VV,EF,열/VV/*+ㅂ니다/EF/*
열습니다,0,0,-500,VV+EF,*,F,열습니다,Inflect,VV,EF,열/VV/*+습니다/EF/*
열ㄹ까,0,0,-500,VV+EF,*,F,열ㄹ까,Inflect,VV,EF,열/VV/*+ㄹ까/EF/*
열ㄹ까요,0,0,-500,VV+EF,*,F,열ㄹ까요,Inflect,VV,EF,열/VV/*+ㄹ까요/EF/*
열ㄹ게요,0,0,-500,VV+EF,*,F,열ㄹ게요,Inflect,VV,EF,열/VV/*+ㄹ게요/EF/*
열ㄹ게,0,0,-500,VV+EF,*,F,열ㄹ게,Inflect,VV,EF,열/VV/*+ㄹ게/EF/*
열자,0,0,-500,VV+EF,*,F,열자,Inflect,VV,EF,열/VV/*+자/EF/*
열세요,0,0,-500,VV+EF,*,F,열세요,Inflect,VV,EF,열/VV/*+세요/EF/*
열었다,0,0,-500,VV+EP+EF,*,F,열었다,Inflect,VV,EF,열/VV/*+았/EP/*+다/EF/*
열었어요,0,0,-500,VV+EP+EF,*,F,열었어요,Inflect,VV,EF,열/VV/*+았/EP/*+요/EF/*
열었ㅂ니다,0,0,-500,VV+EP+EF,*,F,열었ㅂ니다,Inflect,VV,EF,열/VV/*+았/EP/*+ㅂ니다/EF/*
열었으습니다,0,0,-500,VV+EP+EF,*,F,열었으습니다,Inflect,VV,EF,열/VV/*+았/EP/*+습니다/EF/*
열었ㄹ까,0,0,-500,VV+EP+EF,*,F,열었ㄹ까,Inflect,VV,EF,열/VV/*+았/EP/*+ㄹ까/EF/*
열었ㄹ까요,0,0,-500,VV+EP+EF,*,F,열었ㄹ까요,Inflect,VV,EF,열/VV/*+았/EP/*+ㄹ까요/EF/*
열었ㄹ게요,0,0,-500,VV+EP+EF,*,F,열었ㄹ게요,Inflect,VV,EF,열/VV/*+았/EP/*+ㄹ게요/EF/*
열었ㄹ게,0,0,-500,VV+EP+EF,*,F,열었ㄹ게,Inflect,VV,EF,열/VV/*+았/EP/*+ㄹ게/EF/*
열었자,0,0,-500,VV+EP+EF,*,F,열었자,Inflect,VV,EF,열/VV/*+았/EP/*+자/EF/*
열었으세요,0,0,-500,VV+EP+EF,*,F,열었으세요,Inflect,VV,EF,열/VV/*+았/EP/*+세요/EF/*
열었다,0,0,-500,VV+EP+EF,*,F,열었다,Inflect,VV,EF,열/VV/*+었/EP/*+다/EF/*
열었어요,0,0,-500,VV+EP+EF,*,F,열었어요,Inflect,VV,EF,열/VV/*+었/EP/*+요/EF/*
열었ㅂ니다,0,0,-500,VV+EP+EF,*,F,열었ㅂ니다,Inflect,VV,EF,열/VV/*+었/EP/*+ㅂ니다/EF/*
열었으습니다,0,0,-500,VV+EP+EF,*,F,열었으습니다,Inflect,VV,EF,열/VV/*+었/EP/*+습니다/EF/*
열었ㄹ까,0,0,-500,VV+EP+EF,*,F,열었ㄹ까,Inflect,VV,EF,열/VV/*+었/EP/*+ㄹ까/EF/*
열었ㄹ까요,0,0,-500,VV+EP+EF,*,F,열었ㄹ까요,Inflect,VV,EF,열/VV/*+었/EP/*+ㄹ까요/EF/*
열었ㄹ게요,0,0,-500,VV+EP+EF,*,F,열었ㄹ게요,Inflect,VV,EF,열/VV/*+었/EP/*+ㄹ게요/EF/*
열었ㄹ게,0,0,-500,VV+EP+EF,*,F,열었ㄹ게,Inflect,VV,EF,열/VV/*+었/EP/*+ㄹ게/EF/*
열었자,0,0,-500,VV+EP+EF,*,F,열었자,Inflect,VV,EF,열/VV/*+었/EP/*+자/EF/*
열었으세요,0,0,-500,VV+EP+EF,*,F,열었으세요,Inflect,VV,EF,열/VV/*+었/EP/*+세요/EF/*
열시다,0,0,-500,VV+EP+EF,*,F,열시다,Inflect,VV,EF,열/VV/*+시/EP/*+다/EF/*
열셔요,0,0,-500,VV+EP+EF,*,F,열셔요,Inflect,VV,EF,열/VV/*+시/EP/*+요/EF/*
열십니다,0,0,-500,VV+EP+EF,*,F,열십니다,Inflect,VV,EF,열/VV/*+시/EP/*+ㅂ니다/EF/*
열시습니다,0,0,-500,VV+EP+EF,*,F,열시습니다,Inflect,VV,EF,열/VV/*+시/EP/*+습니다/EF/*
열실까,0,0,-500,VV+EP+EF,*,F,열실까,Inflect,VV,EF,열/VV/*+시/EP/*+ㄹ까/EF/*
열실까요,0,0,-500,VV+EP+EF,*,F,열실까요,Inflect,VV,EF,열/VV/*+시/EP/*+ㄹ까요/EF/*
열실게요,0,0,-500,VV+EP+EF,*,F,열실게요,Inflect,VV,EF,열/VV/*+시/EP/*+ㄹ게요/EF/*
열실게,0,0,-500,VV+EP+EF,*,F,열실게,Inflect,VV,EF,열/VV/*+시/EP/*+ㄹ게/EF/*
열시자,0,0,-500,VV+EP+EF,*,F,열시자,Inflect,VV,EF,열/VV/*+시/EP/*+자/EF/*
열시세요,0,0,-500,VV+EP+EF,*,F,열시세요,Inflect,VV,EF,열/VV/*+시/EP/*+세요/EF/*
열겠다,0,0,-500,VV+EP+EF,*,F,열겠다,Inflect,VV,EF,열/VV/*+겠/EP/*+다/EF/*
열겠어요,0,0,-500,VV+EP+EF,*,F,열겠어요,Inflect,VV,EF,열/VV/*+겠/EP/*+요/EF/*
열겠ㅂ니다,0,0,-500,VV+EP+EF,*,F,열겠ㅂ니다,Inflect,VV,EF,열/VV/*+겠/EP/*+ㅂ니다/EF/*
열겠으습니다,0,0,-500,VV+EP+EF,*,F,열겠으습니다,Inflect,VV,EF,열/VV/*+겠/EP/*+습니다/EF/*
열겠ㄹ까,0,0,-500,VV+EP+EF,*,F,열겠ㄹ까,Inflect,VV,EF,열/VV/*+겠/EP/*+ㄹ까/EF/*
열겠ㄹ까요,0,0,-500,VV+EP+EF,*,F,열겠ㄹ까요,Inflect,VV,EF,열/VV/*+겠/EP/*+ㄹ까요/EF/*
열겠ㄹ게요,0,0,-500,VV+EP+EF,*,F,열겠ㄹ게요,Inflect,VV,EF,열/VV/*+겠/EP/*+ㄹ게요/EF/*
열겠ㄹ게,0,0,-500,VV+EP+EF,*,F,열겠ㄹ게,Inflect,VV,EF,열/VV/*+겠/EP/*+ㄹ게/EF/*
열겠자,0,0,-500,VV+EP+EF,*,F,열겠자,Inflect,VV,EF,열/VV/*+겠/EP/*+자/EF/*
열겠으세요,0,0,-500,VV+EP+EF,*,F,열겠으세요,Inflect,VV,EF,열/VV/*+겠/EP/*+세요/EF/*
다는,0,0,-500,VV+ETM,*,T,다는,Inflect,VV,ETM,닫/VV/*+는/ETM/*
다ㄴ,0,0,-500,VV+ETM,*,F,다ㄴ,Inflect,VV,ETM,닫/VV/*+ㄴ/ETM/*
닫은,0,0,-500,VV+ETM,*,T,닫은,Inflect,VV,ETM,닫/VV/*+은/ETM/*
닫ㄹ,0,0,-500,VV+ETM,*,F,닫ㄹ,Inflect,VV,ETM,닫/VV/*+ㄹ/ETM/*
닫을,0,0,-500,VV+ETM,*,T,닫을,Inflect,VV,ETM,닫/VV/*+을/ETM/*
닫고,0,0,-500,VV+EC,*,F,닫고,Inflect,VV,EC,닫/VV/*+고/EC/*
닫아서,0,0,-500,VV+EC,*,F,닫아서,Inflect,VV,EC,닫/VV/*+서/EC/*
닫니까,0,0,-500,VV+EC,*,F,닫니까,Inflect,VV,EC,닫/VV/*+니까/EC/*
닫니,0,0,-500,VV+EC,*,F,닫니,Inflect,VV,EC,닫/VV/*+니/EC/*
닫면,0,0,-500,VV+EC,*,T,닫면,Inflect,VV,EC,닫/VV/*+면/EC/*
닫지만,0,0,-500,VV+EC,*,T,닫지만,Inflect,VV,EC,닫/VV/*+지만/EC/*
다는데,0,0,-500,VV+EC,*,F,다는데,Inflect,VV,EC,닫/VV/*+는데/EC/*
다ㄴ데,0,0,-500,VV+EC,*,F,다ㄴ데,Inflect,VV,EC,닫/VV/*+ㄴ데/EC/*
닫은데,0,0,-500,VV+EC,*,F,닫은데,Inflect,VV,EC,닫/VV/*+은데/EC/*
닫면서,0,0,-500,VV+EC,*,F,닫면서,Inflect,VV,EC,닫/VV/*+면서/EC/*
닫며,0,0,-500,VV+EC,*,F,닫며,Inflect,VV,EC,닫/VV/*+며/EC/*
닫러,0,0,-500,VV+EC,*,F,닫러,Inflect,VV,EC,닫/VV/*+러/EC/*
닫려고,0,0,-500,VV+EC,*,F,닫려고,Inflect,VV,EC,닫/VV/*+려고/EC/*
닫려,0,0,-500,VV+EC,*,F,닫려,Inflect,VV,EC,닫/VV/*+려/EC/*
닫아도,0,0,-500,VV+EC,*,F,닫아도,Inflect,VV,EC,닫/VV/*+도/EC/*
닫다가,0,0,-500,VV+EC,*,F,닫다가,Inflect,VV,EC,닫/VV/*+다가/EC/*
닫자,0,0,-500,VV+EC,*,F,닫자,Inflect,VV,EC,닫/VV/*+자/EC/*
닫자마자,0,0,-500,VV+EC,*,F,닫자마자,Inflect,VV,EC,닫/VV/*+자마자/EC/*
닫고서,0,0,-500,VV+EC,*,F,닫고서,Inflect,VV,EC,닫/VV/*+고서/EC/*
닫고나서,0,0,-500,VV+EC,*,F,닫고나서,Inflect,VV,EC,닫/VV/*+고나서/EC/*
닫도록,0,0,-500,VV+EC,*,T,닫도록,Inflect,VV,EC,닫/VV/*+도록/EC/*
닫게,0,0,-500,VV+EC,*,F,닫게,Inflect,VV,EC,닫/VV/*+게/EC/*
닫더라도,0,0,-500,VV+EC,*,F,닫더라도,Inflect,VV,EC,닫/VV/*+더라도/EC/*
닫ㄹ지라도,0,0,-500,VV+EC,*,F,닫ㄹ지라도,Inflect,VV,EC,닫/VV/*+ㄹ지라도/EC/*
닫을지라도,0,0,-500,VV+EC,*,F,닫을지라도,Inflect,VV,EC,닫/VV/*+을지라도/EC/*
닫ㄹ수록,0,0,-500,VV+EC,*,T,닫ㄹ수록,Inflect,VV,EC,닫/VV/*+ㄹ수록/EC/*
닫을수록,0,0,-500,VV+EC,*,T,닫을수록,Inflect,VV,EC,닫/VV/*+을수록/EC/*
닫다고,0,0,-500,VV+EC,*,F,닫다고,Inflect,VV,EC,닫/VV/*+다고/EC/*
닫라고,0,0,-500,VV+EC,*,F,닫라고,Inflect,VV,EC,닫/VV/*+라고/EC/*
닫냐고,0,0,-500,VV+EC,*,F,닫냐고,Inflect,VV,EC,닫/VV/*+냐고/EC/*
닫지,0,0,-500,VV+EC,*,F,닫지,Inflect,VV,EC,닫/VV/*+지/EC/*
닫거나,0,0,-500,VV+EC,*,F,닫거나,Inflect,VV,EC,닫/VV/*+거나/EC/*
닫든지,0,0,-500,VV+EC,*,F,닫든지,Inflect,VV,EC,닫/VV/*+든지/EC/*
닫듯이,0,0,-500,VV+EC,*,F,닫듯이,Inflect,VV,EC,닫/VV/*+듯이/EC/*
닫듯,0,0,-500,VV+EC,*,T,닫듯,Inflect,VV,EC,닫/VV/*+듯/EC/*
닫다,0,0,-500,VV+EF,*,F,닫다,Inflect,VV,EF,닫/VV/*+다/EF/*
닫아요,0,0,-500,VV+EF,*,F,닫아요,Inflect,VV,EF,닫/VV/*+요/EF/*
다ㅂ니다,0,0,-500,VV+EF,*,F,다ㅂ니다,Inflect,VV,EF,닫/VV/*+ㅂ니다/EF/*
닫습니다,0,0,-500,VV+EF,*,F,닫습니다,Inflect,VV,EF,닫/VV/*+습니다/EF/*
닫ㄹ까,0,0,-500,VV+EF,*,F,닫ㄹ까,Inflect,VV,EF,닫/VV/*+ㄹ까/EF/*
닫ㄹ까요,0,0,-500,VV+EF,*,F,닫ㄹ까요,Inflect,VV,EF,닫/VV/*+ㄹ까요/EF/*
닫ㄹ게요,0,0,-500,VV+EF,*,F,닫ㄹ게요,Inflect,VV,EF,닫/VV/*+ㄹ게요/EF/*
닫ㄹ게,0,0,-500,VV+EF,*,F,닫ㄹ게,Inflect,VV,EF,닫/VV/*+ㄹ게/EF/*
닫자,0,0,-500,VV+EF,*,F,닫자,Inflect,VV,EF,닫/VV/*+자/EF/*
닫세요,0,0,-500,VV+EF,*,F,닫세요,Inflect,VV,EF,닫/VV/*+세요/EF/*
닫았다,0,0,-500,VV+EP+EF,*,F,닫았다,Inflect,VV,EF,닫/VV/*+았/EP/*+다/EF/*
닫았아요,0,0,-500,VV+EP+EF,*,F,닫았아요,Inflect,VV,EF,닫/VV/*+았/EP/*+요/EF/*
닫았ㅂ니다,0,0,-500,VV+EP+EF,*,F,닫았ㅂ니다,Inflect,VV,EF,닫/VV/*+았/EP/*+ㅂ니다/EF/*
닫았으습니다,0,0,-500,VV+EP+EF,*,F,닫았으습니다,Inflect,VV,EF,닫/VV/*+았/EP/*+습니다/EF/*
닫았ㄹ까,0,0,-500,VV+EP+EF,*,F,닫았ㄹ까,Inflect,VV,EF,닫/VV/*+았/EP/*+ㄹ까/EF/*
닫았ㄹ까요,0,0,-500,VV+EP+EF,*,F,닫았ㄹ까요,Inflect,VV,EF,닫/VV/*+았/EP/*+ㄹ까요/EF/*
닫았ㄹ게요,0,0,-500,VV+EP+EF,*,F,닫았ㄹ게요,Inflect,VV,EF,닫/VV/*+았/EP/*+ㄹ게요/EF/*
닫았ㄹ게,0,0,-500,VV+EP+EF,*,F,닫았ㄹ게,Inflect,VV,EF,닫/VV/*+았/EP/*+ㄹ게/EF/*
닫았자,0,0,-500,VV+EP+EF,*,F,닫았자,Inflect,VV,EF,닫/VV/*+았/EP/*+자/EF/*
닫았으세요,0,0,-500,VV+EP+EF,*,F,닫았으세요,Inflect,VV,EF,닫/VV/*+았/EP/*+세요/EF/*
닫았다,0,0,-500,VV+EP+EF,*,F,닫았다,Inflect,VV,EF,닫/VV/*+었/EP/*+다/EF/*
닫았아요,0,0,-500,VV+EP+EF,*,F,닫았아요,Inflect,VV,EF,닫/VV/*+었/EP/*+요/EF/*
닫았ㅂ니다,0,0,-500,VV+EP+EF,*,F,닫았ㅂ니다,Inflect,VV,EF,닫/VV/*+었/EP/*+ㅂ니다/EF/*
닫았으습니다,0,0,-500,VV+EP+EF,*,F,닫았으습니다,Inflect,VV,EF,닫/VV/*+었/EP/*+습니다/EF/*
닫았ㄹ까,0,0,-500,VV+EP+EF,*,F,닫았ㄹ까,Inflect,VV,EF,닫/VV/*+었/EP/*+ㄹ까/EF/*
닫았ㄹ까요,0,0,-500,VV+EP+EF,*,F,닫았ㄹ까요,Inflect,VV,EF,닫/VV/*+었/EP/*+ㄹ까요/EF/*
닫았ㄹ게요,0,0,-500,VV+EP+EF,*,F,닫았ㄹ게요,Inflect,VV,EF,닫/VV/*+었/EP/*+ㄹ게요/EF/*
닫았ㄹ게,0,0,-500,VV+EP+EF,*,F,닫았ㄹ게,Inflect,VV,EF,닫/VV/*+었/EP/*+ㄹ게/EF/*
닫았자,0,0,-500,VV+EP+EF,*,F,닫았자,Inflect,VV,EF,닫/VV/*+었/EP/*+자/EF/*
닫았으세요,0,0,-500,VV+EP+EF,*,F,닫았으세요,Inflect,VV,EF,닫/VV/*+었/EP/*+세요/EF/*
닫시다,0,0,-500,VV+EP+EF,*,F,닫시다,Inflect,VV,EF,닫/VV/*+시/EP/*+다/EF/*
닫셔요,0,0,-500,VV+EP+EF,*,F,닫셔요,Inflect,VV,EF,닫/VV/*+시/EP/*+요/EF/*
닫십니다,0,0,-500,VV+EP+EF,*,F,닫십니다,Inflect,VV,EF,닫/VV/*+시/EP/*+ㅂ니다/EF/*
닫시습니다,0,0,-500,VV+EP+EF,*,F,닫시습니다,Inflect,VV,EF,닫/VV/*+시/EP/*+습니다/EF/*
닫실까,0,0,-500,VV+EP+EF,*,F,닫실까,Inflect,VV,EF,닫/VV/*+시/EP/*+ㄹ까/EF/*
닫실까요,0,0,-500,VV+EP+EF,*,F,닫실까요,Inflect,VV,EF,닫/VV/*+시/EP/*+ㄹ까요/EF/*
닫실게요,0,0,-500,VV+EP+EF,*,F,닫실게요,Inflect,VV,EF,닫/VV/*+시/EP/*+ㄹ게요/EF/*
닫실게,0,0,-500,VV+EP+EF,*,F,닫실게,Inflect,VV,EF,닫/VV/*+시/EP/*+ㄹ게/EF/*
닫시자,0,0,-500,VV+EP+EF,*,F,닫시자,Inflect,VV,EF,닫/VV/*+시/EP/*+자/EF/*
닫시세요,0,0,-500,VV+EP+EF,*,F,닫시세요,Inflect,VV,EF,닫/VV/*+시/EP/*+세요/EF/*
닫겠다,0,0,-500,VV+EP+EF,*,F,닫겠다,Inflect,VV,EF,닫/VV/*+겠/EP/*+다/EF/*
닫겠어요,0,0,-500,VV+EP+EF,*,F,닫겠어요,Inflect,VV,EF,닫/VV/*+겠/EP/*+요/EF/*
닫겠ㅂ니다,0,0,-500,VV+EP+EF,*,F,닫겠ㅂ니다,Inflect,VV,EF,닫/VV/*+겠/EP/*+ㅂ니다/EF/*
닫겠으습니다,0,0,-500,VV+EP+EF,*,F,닫겠으습니다,Inflect,VV,EF,닫/VV/*+겠/EP/*+습니다/EF/*
닫겠ㄹ까,0,0,-500,VV+EP+EF,*,F,닫겠ㄹ까,Inflect,VV,EF,닫/VV/*+겠/EP/*+ㄹ까/EF/*
닫겠ㄹ까요,0,0,-500,VV+EP+EF,*,F,닫겠ㄹ까요,Inflect,VV,EF,닫/VV/*+겠/EP/*+ㄹ까요/EF/*
닫겠ㄹ게요,0,0,-500,VV+EP+EF,*,F,닫겠ㄹ게요,Inflect,VV,EF,닫/VV/*+겠/EP/*+ㄹ게요/EF/*
닫겠ㄹ게,0,0,-500,VV+EP+EF,*,F,닫겠ㄹ게,Inflect,VV,EF,닫/VV/*+겠/EP/*+ㄹ게/EF/*
닫겠자,0,0,-500,VV+EP+EF,*,F,닫겠자,Inflect,VV,EF,닫/VV/*+겠/EP/*+자/EF/*
닫겠으세요,0,0,-500,VV+EP+EF,*,F,닫겠으세요,Inflect,VV,EF,닫/VV/*+겠/EP/*+세요/EF/*
파는,0,0,-500,VV+ETM,*,T,파는,Inflect,VV,ETM,팔/VV/*+는/ETM/*
파ㄴ,0,0,-500,VV+ETM,*,F,파ㄴ,Inflect,VV,ETM,팔/VV/*+ㄴ/ETM/*
팔은,0,0,-500,VV+ETM,*,T,팔은,Inflect,VV,ETM,팔/VV/*+은/ETM/*
팔ㄹ,0,0,-500,VV+ETM,*,F,팔ㄹ,Inflect,VV,ETM,팔/VV/*+ㄹ/ETM/*
팔을,0,0,-500,VV+ETM,*,T,팔을,Inflect,VV,ETM,팔/VV/*+을/ETM/*
팔고,0,0,-500,VV+EC,*,F,팔고,Inflect,VV,EC,팔/VV/*+고/EC/*
팔아서,0,0,-500,VV+EC,*,F,팔아서,Inflect,VV,EC,팔/VV/*+서/EC/*
팔니까,0,0,-500,VV+EC,*,F,팔니까,Inflect,VV,EC,팔/VV/*+니까/EC/*
팔니,0,0,-500,VV+EC,*,F,팔니,Inflect,VV,EC,팔/VV/*+니/EC/*
팔면,0,0,-500,VV+EC,*,T,팔면,Inflect,VV,EC,팔/VV/*+면/EC/*
팔지만,0,0,-500,VV+EC,*,T,팔지만,Inflect,VV,EC,팔/VV/*+지만/EC/*
파는데,0,0,-500,VV+EC,*,F,파는데,Inflect,VV,EC,팔/VV/*+는데/EC/*
파ㄴ데,0,0,-500,VV+EC,*,F,파ㄴ데,Inflect,VV,EC,팔/VV/*+ㄴ데/EC/*
팔은데,0,0,-500,VV+EC,*,F,팔은데,Inflect,VV,EC,팔/VV/*+은데/EC/*
팔면서,0,0,-500,VV+EC,*,F,팔면서,Inflect,VV,EC,팔/VV/*+면서/EC/*
팔며,0,0,-500,VV+EC,*,F,팔며,Inflect,VV,EC,팔/VV/*+며/EC/*
팔러,0,0,-500,VV+EC,*,F,팔러,Inflect,VV,EC,팔/VV/*+러/EC/*
팔려고,0,0,-500,VV+EC,*,F,팔려고,Inflect,VV,EC,팔/VV/*+려고/EC/*
팔려,0,0,-500,VV+EC,*,F,팔려,Inflect,VV,EC,팔/VV/*+려/EC/*
팔아도,0,0,-500,VV+EC,*,F,팔아도,Inflect,VV,EC,팔/VV/*+도/EC/*
팔다가,0,0,-500,VV+EC,*,F,팔다가,Inflect,VV,EC,팔/VV/*+다가/EC/*
팔자,0,0,-500,VV+EC,*,F,팔자,Inflect,VV,EC,팔/VV/*+자/EC/*
팔자마자,0,0,-500,VV+EC,*,F,팔자마자,Inflect,VV,EC,팔/VV/*+자마자/EC/*
팔고서,0,0,-500,VV+EC,*,F,팔고서,Inflect,VV,EC,팔/VV/*+고서/EC/*
팔고나서,0,0,-500,VV+EC,*,F,팔고나서,Inflect,VV,EC,팔/VV/*+고나서/EC/*
팔도록,0,0,-500,VV+EC,*,T,팔도록,Inflect,VV,EC,팔/VV/*+도록/EC/*
팔게,0,0,-500,VV+EC,*,F,팔게,Inflect,VV,EC,팔/VV/*+게/EC/*
팔더라도,0,0,-500,VV+EC,*,F,팔더라도,Inflect,VV,EC,팔/VV/*+더라도/EC/*
팔ㄹ지라도,0,0,-500,VV+EC,*,F,팔ㄹ지라도,Inflect,VV,EC,팔/VV/*+ㄹ지라도/EC/*
팔을지라도,0,0,-500,VV+EC,*,F,팔을지라도,Inflect,VV,EC,팔/VV/*+을지라도/EC/*
팔ㄹ수록,0,0,-500,VV+EC,*,T,팔ㄹ수록,Inflect,VV,EC,팔/VV/*+ㄹ수록/EC/*
팔을수록,0,0,-500,VV+EC,*,T,팔을수록,Inflect,VV,EC,팔/VV/*+을수록/EC/*
팔다고,0,0,-500,VV+EC,*,F,팔다고,Inflect,VV,EC,팔/VV/*+다고/EC/*
팔라고,0,0,-500,VV+EC,*,F,팔라고,Inflect,VV,EC,팔/VV/*+라고/EC/*
팔냐고,0,0,-500,VV+EC,*,F,팔냐고,Inflect,VV,EC,팔/VV/*+냐고/EC/*
팔지,0,0,-500,VV+EC,*,F,팔지,Inflect,VV,EC,팔/VV/*+지/EC/*
팔거나,0,0,-500,VV+EC,*,F,팔거나,Inflect,VV,EC,팔/VV/*+거나/EC/*
팔든지,0,0,-500,VV+EC,*,F,팔든지,Inflect,VV,EC,팔/VV/*+든지/EC/*
팔듯이,0,0,-500,VV+EC,*,F,팔듯이,Inflect,VV,EC,팔/VV/*+듯이/EC/*
팔듯,0,0,-500,VV+EC,*,T,팔듯,Inflect,VV,EC,팔/VV/*+듯/EC/*
팔다,0,0,-500,VV+EF,*,F,팔다,Inflect,VV,EF,팔/VV/*+다/EF/*
팔아요,0,0,-500,VV+EF,*,F,팔아요,Inflect,VV,EF,팔/VV/*+요/EF/*
파ㅂ니다,0,0,-500,VV+EF,*,F,파ㅂ니다,Inflect,VV,EF,팔/VV/*+ㅂ니다/EF/*
팔습니다,0,0,-500,VV+EF,*,F,팔습니다,Inflect,VV,EF,팔/VV/*+습니다/EF/*
팔ㄹ까,0,0,-500,VV+EF,*,F,팔ㄹ까,Inflect,VV,EF,팔/VV/*+ㄹ까/EF/*
팔ㄹ까요,0,0,-500,VV+EF,*,F,팔ㄹ까요,Inflect,VV,EF,팔/VV/*+ㄹ까요/EF/*
팔ㄹ게요,0,0,-500,VV+EF,*,F,팔ㄹ게요,Inflect,VV,EF,팔/VV/*+ㄹ게요/EF/*
팔ㄹ게,0,0,-500,VV+EF,*,F,팔ㄹ게,Inflect,VV,EF,팔/VV/*+ㄹ게/EF/*
팔자,0,0,-500,VV+EF,*,F,팔자,Inflect,VV,EF,팔/VV/*+자/EF/*
팔세요,0,0,-500,VV+EF,*,F,팔세요,Inflect,VV,EF,팔/VV/*+세요/EF/*
팔았다,0,0,-500,VV+EP+EF,*,F,팔았다,Inflect,VV,EF,팔/VV/*+았/EP/*+다/EF/*
팔았아요,0,0,-500,VV+EP+EF,*,F,팔았아요,Inflect,VV,EF,팔/VV/*+았/EP/*+요/EF/*
팔았ㅂ니다,0,0,-500,VV+EP+EF,*,F,팔았ㅂ니다,Inflect,VV,EF,팔/VV/*+았/EP/*+ㅂ니다/EF/*
팔았으습니다,0,0,-500,VV+EP+EF,*,F,팔았으습니다,Inflect,VV,EF,팔/VV/*+았/EP/*+습니다/EF/*
팔았ㄹ까,0,0,-500,VV+EP+EF,*,F,팔았ㄹ까,Inflect,VV,EF,팔/VV/*+았/EP/*+ㄹ까/EF/*
팔았ㄹ까요,0,0,-500,VV+EP+EF,*,F,팔았ㄹ까요,Inflect,VV,EF,팔/VV/*+았/EP/*+ㄹ까요/EF/*
팔았ㄹ게요,0,0,-500,VV+EP+EF,*,F,팔았ㄹ게요,Inflect,VV,EF,팔/VV/*+았/EP/*+ㄹ게요/EF/*
팔았ㄹ게,0,0,-500,VV+EP+EF,*,F,팔았ㄹ게,Inflect,VV,EF,팔/VV/*+았/EP/*+ㄹ게/EF/*
팔았자,0,0,-500,VV+EP+EF,*,F,팔았자,Inflect,VV,EF,팔/VV/*+았/EP/*+자/EF/*
팔았으세요,0,0,-500,VV+EP+EF,*,F,팔았으세요,Inflect,VV,EF,팔/VV/*+았/EP/*+세요/EF/*
팔았다,0,0,-500,VV+EP+EF,*,F,팔았다,Inflect,VV,EF,팔/VV/*+었/EP/*+다/EF/*
팔았아요,0,0,-500,VV+EP+EF,*,F,팔았아요,Inflect,VV,EF,팔/VV/*+었/EP/*+요/EF/*
팔았ㅂ니다,0,0,-500,VV+EP+EF,*,F,팔았ㅂ니다,Inflect,VV,EF,팔/VV/*+었/EP/*+ㅂ니다/EF/*
팔았으습니다,0,0,-500,VV+EP+EF,*,F,팔았으습니다,Inflect,VV,EF,팔/VV/*+었/EP/*+습니다/EF/*
팔았ㄹ까,0,0,-500,VV+EP+EF,*,F,팔았ㄹ까,Inflect,VV,EF,팔/VV/*+었/EP/*+ㄹ까/EF/*
팔았ㄹ까요,0,0,-500,VV+EP+EF,*,F,팔았ㄹ까요,Inflect,VV,EF,팔/VV/*+었/EP/*+ㄹ까요/EF/*
팔았ㄹ게요,0,0,-500,VV+EP+EF,*,F,팔았ㄹ게요,Inflect,VV,EF,팔/VV/*+었/EP/*+ㄹ게요/EF/*
팔았ㄹ게,0,0,-500,VV+EP+EF,*,F,팔았ㄹ게,Inflect,VV,EF,팔/VV/*+었/EP/*+ㄹ게/EF/*
팔았자,0,0,-500,VV+EP+EF,*,F,팔았자,Inflect,VV,EF,팔/VV/*+었/EP/*+자/EF/*
팔았으세요,0,0,-500,VV+EP+EF,*,F,팔았으세요,Inflect,VV,EF,팔/VV/*+었/EP/*+세요/EF/*
팔시다,0,0,-500,VV+EP+EF,*,F,팔시다,Inflect,VV,EF,팔/VV/*+시/EP/*+다/EF/*
팔셔요,0,0,-500,VV+EP+EF,*,F,팔셔요,Inflect,VV,EF,팔/VV/*+시/EP/*+요/EF/*
팔십니다,0,0,-500,VV+EP+EF,*,F,팔십니다,Inflect,VV,EF,팔/VV/*+시/EP/*+ㅂ니다/EF/*
팔시습니다,0,0,-500,VV+EP+EF,*,F,팔시습니다,Inflect,VV,EF,팔/VV/*+시/EP/*+습니다/EF/*
팔실까,0,0,-500,VV+EP+EF,*,F,팔실까,Inflect,VV,EF,팔/VV/*+시/EP/*+ㄹ까/EF/*
팔실까요,0,0,-500,VV+EP+EF,*,F,팔실까요,Inflect,VV,EF,팔/VV/*+시/EP/*+ㄹ까요/EF/*
팔실게요,0,0,-500,VV+EP+EF,*,F,팔실게요,Inflect,VV,EF,팔/VV/*+시/EP/*+ㄹ게요/EF/*
팔실게,0,0,-500,VV+EP+EF,*,F,팔실게,Inflect,VV,EF,팔/VV/*+시/EP/*+ㄹ게/EF/*
팔시자,0,0,-500,VV+EP+EF,*,F,팔시자,Inflect,VV,EF,팔/VV/*+시/EP/*+자/EF/*
팔시세요,0,0,-500,VV+EP+EF,*,F,팔시세요,Inflect,VV,EF,팔/VV/*+시/EP/*+세요/EF/*
팔겠다,0,0,-500,VV+EP+EF,*,F,팔겠다,Inflect,VV,EF,팔/VV/*+겠/EP/*+다/EF/*
팔겠어요,0,0,-500,VV+EP+EF,*,F,팔겠어요,Inflect,VV,EF,팔/VV/*+겠/EP/*+요/EF/*
팔겠ㅂ니다,0,0,-500,VV+EP+EF,*,F,팔겠ㅂ니다,Inflect,VV,EF,팔/VV/*+겠/EP/*+ㅂ니다/EF/*
팔겠으습니다,0,0,-500,VV+EP+EF,*,F,팔겠으습니다,Inflect,VV,EF,팔/VV/*+겠/EP/*+습니다/EF/*
팔겠ㄹ까,0,0,-500,VV+EP+EF,*,F,팔겠ㄹ까,Inflect,VV,EF,팔/VV/*+겠/EP/*+ㄹ까/EF/*
팔겠ㄹ까요,0,0,-500,VV+EP+EF,*,F,팔겠ㄹ까요,Inflect,VV,EF,팔/VV/*+겠/EP/*+ㄹ까요/EF/*
팔겠ㄹ게요,0,0,-500,VV+EP+EF,*,F,팔겠ㄹ게요,Inflect,VV,EF,팔/VV/*+겠/EP/*+ㄹ게요/EF/*
팔겠ㄹ게,0,0,-500,VV+EP+EF,*,F,팔겠ㄹ게,Inflect,VV,EF,팔/VV/*+겠/EP/*+ㄹ게/EF/*
팔겠자,0,0,-500,VV+EP+EF,*,F,팔겠자,Inflect,VV,EF,팔/VV/*+겠/EP/*+자/EF/*
팔겠으세요,0,0,-500,VV+EP+EF,*,F,팔겠으세요,Inflect,VV,EF,팔/VV/*+겠/EP/*+세요/EF/*
노는,0,0,-500,VV+ETM,*,T,노는,Inflect,VV,ETM,놀/VV/*+는/ETM/*
노ㄴ,0,0,-500,VV+ETM,*,F,노ㄴ,Inflect,VV,ETM,놀/VV/*+ㄴ/ETM/*
놀은,0,0,-500,VV+ETM,*,T,놀은,Inflect,VV,ETM,놀/VV/*+은/ETM/*
놀ㄹ,0,0,-500,VV+ETM,*,F,놀ㄹ,Inflect,VV,ETM,놀/VV/*+ㄹ/ETM/*
놀을,0,0,-500,VV+ETM,*,T,놀을,Inflect,VV,ETM,놀/VV/*+을/ETM/*
놀고,0,0,-500,VV+EC,*,F,놀고,Inflect,VV,EC,놀/VV/*+고/EC/*
놀아서,0,0,-500,VV+EC,*,F,놀아서,Inflect,VV,EC,놀/VV/*+서/EC/*
놀니까,0,0,-500,VV+EC,*,F,놀니까,Inflect,VV,EC,놀/VV/*+니까/EC/*
놀니,0,0,-500,VV+EC,*,F,놀니,Inflect,VV,EC,놀/VV/*+니/EC/*
놀면,0,0,-500,VV+EC,*,T,놀면,Inflect,VV,EC,놀/VV/*+면/EC/*
놀지만,0,0,-500,VV+EC,*,T,놀지만,Inflect,VV,EC,놀/VV/*+지만/EC/*
노는데,0,0,-500,VV+EC,*,F,노는데,Inflect,VV,EC,놀/VV/*+는데/EC/*
노ㄴ데,0,0,-500,VV+EC,*,F,노ㄴ데,Inflect,VV,EC,놀/VV/*+ㄴ데/EC/*
놀은데,0,0,-500,VV+EC,*,F,놀은데,Inflect,VV,EC,놀/VV/*+은데/EC/*
놀면서,0,0,-500,VV+EC,*,F,놀면서,Inflect,VV,EC,놀/VV/*+면서/EC/*
놀며,0,0,-500,VV+EC,*,F,놀며,Inflect,VV,EC,놀/VV/*+며/EC/*
놀러,0,0,-500,VV+EC,*,F,놀러,Inflect,VV,EC,놀/VV/*+러/EC/*
놀려고,0,0,-500,VV+EC,*,F,놀려고,Inflect,VV,EC,놀/VV/*+려고/EC/*
놀려,0,0,-500,VV+EC,*,F,놀려,Inflect,VV,EC,놀/VV/*+려/EC/*
놀아도,0,0,-500,VV+EC,*,F,놀아도,Inflect,VV,EC,놀/VV/*+도/EC/*
놀다가,0,0,-500,VV+EC,*,F,놀다가,Inflect,VV,EC,놀/VV/*+다가/EC/*
놀자,0,0,-500,VV+EC,*,F,놀자,Inflect,VV,EC,놀/VV/*+자/EC/*
놀자마자,0,0,-500,VV+EC,*,F,놀자마자,Inflect,VV,EC,놀/VV/*+자마자/EC/*
놀고서,0,0,-500,VV+EC,*,F,놀고서,Inflect,VV,EC,놀/VV/*+고서/EC/*
놀고나서,0,0,-500,VV+EC,*,F,놀고나서,Inflect,VV,EC,놀/VV/*+고나서/EC/*
놀도록,0,0,-500,VV+EC,*,T,놀도록,Inflect,VV,EC,놀/VV/*+도록/EC/*
놀게,0,0,-500,VV+EC,*,F,놀게,Inflect,VV,EC,놀/VV/*+게/EC/*
놀더라도,0,0,-500,VV+EC,*,F,놀더라도,Inflect,VV,EC,놀/VV/*+더라도/EC/*
놀ㄹ지라도,0,0,-500,VV+EC,*,F,놀ㄹ지라도,Inflect,VV,EC,놀/VV/*+ㄹ지라도/EC/*
놀을지라도,0,0,-500,VV+EC,*,F,놀을지라도,Inflect,VV,EC,놀/VV/*+을지라도/EC/*
놀ㄹ수록,0,0,-500,VV+EC,*,T,놀ㄹ수록,Inflect,VV,EC,놀/VV/*+ㄹ수록/EC/*
놀을수록,0,0,-500,VV+EC,*,T,놀을수록,Inflect,VV,EC,놀/VV/*+을수록/EC/*
놀다고,0,0,-500,VV+EC,*,F,놀다고,Inflect,VV,EC,놀/VV/*+다고/EC/*
놀라고,0,0,-500,VV+EC,*,F,놀라고,Inflect,VV,EC,놀/VV/*+라고/EC/*
놀냐고,0,0,-500,VV+EC,*,F,놀냐고,Inflect,VV,EC,놀/VV/*+냐고/EC/*
놀지,0,0,-500,VV+EC,*,F,놀지,Inflect,VV,EC,놀/VV/*+지/EC/*
놀거나,0,0,-500,VV+EC,*,F,놀거나,Inflect,VV,EC,놀/VV/*+거나/EC/*
놀든지,0,0,-500,VV+EC,*,F,놀든지,Inflect,VV,EC,놀/VV/*+든지/EC/*
놀듯이,0,0,-500,VV+EC,*,F,놀듯이,Inflect,VV,EC,놀/VV/*+듯이/EC/*
놀듯,0,0,-500,VV+EC,*,T,놀듯,Inflect,VV,EC,놀/VV/*+듯/EC/*
놀다,0,0,-500,VV+EF,*,F,놀다,Inflect,VV,EF,놀/VV/*+다/EF/*
놀아요,0,0,-500,VV+EF,*,F,놀아요,Inflect,VV,EF,놀/VV/*+요/EF/*
노ㅂ니다,0,0,-500,VV+EF,*,F,노ㅂ니다,Inflect,VV,EF,놀/VV/*+ㅂ니다/EF/*
놀습니다,0,0,-500,VV+EF,*,F,놀습니다,Inflect,VV,EF,놀/VV/*+습니다/EF/*
놀ㄹ까,0,0,-500,VV+EF,*,F,놀ㄹ까,Inflect,VV,EF,놀/VV/*+ㄹ까/EF/*
놀ㄹ까요,0,0,-500,VV+EF,*,F,놀ㄹ까요,Inflect,VV,EF,놀/VV/*+ㄹ까요/EF/*
놀ㄹ게요,0,0,-500,VV+EF,*,F,놀ㄹ게요,Inflect,VV,EF,놀/VV/*+ㄹ게요/EF/*
놀ㄹ게,0,0,-500,VV+EF,*,F,놀ㄹ게,Inflect,VV,EF,놀/VV/*+ㄹ게/EF/*
놀자,0,0,-500,VV+EF,*,F,놀자,Inflect,VV,EF,놀/VV/*+자/EF/*
놀세요,0,0,-500,VV+EF,*,F,놀세요,Inflect,VV,EF,놀/VV/*+세요/EF/*
놀았다,0,0,-500,VV+EP+EF,*,F,놀았다,Inflect,VV,EF,놀/VV/*+았/EP/*+다/EF/*
놀았아요,0,0,-500,VV+EP+EF,*,F,놀았아요,Inflect,VV,EF,놀/VV/*+았/EP/*+요/EF/*
놀았ㅂ니다,0,0,-500,VV+EP+EF,*,F,놀았ㅂ니다,Inflect,VV,EF,놀/VV/*+았/EP/*+ㅂ니다/EF/*
놀았으습니다,0,0,-500,VV+EP+EF,*,F,놀았으습니다,Inflect,VV,EF,놀/VV/*+았/EP/*+습니다/EF/*
놀았ㄹ까,0,0,-500,VV+EP+EF,*,F,놀았ㄹ까,Inflect,VV,EF,놀/VV/*+았/EP/*+ㄹ까/EF/*
놀았ㄹ까요,0,0,-500,VV+EP+EF,*,F,놀았ㄹ까요,Inflect,VV,EF,놀/VV/*+았/EP/*+ㄹ까요/EF/*
놀았ㄹ게요,0,0,-500,VV+EP+EF,*,F,놀았ㄹ게요,Inflect,VV,EF,놀/VV/*+았/EP/*+ㄹ게요/EF/*
놀았ㄹ게,0,0,-500,VV+EP+EF,*,F,놀았ㄹ게,Inflect,VV,EF,놀/VV/*+았/EP/*+ㄹ게/EF/*
놀았자,0,0,-500,VV+EP+EF,*,F,놀았자,Inflect,VV,EF,놀/VV/*+았/EP/*+자/EF/*
놀았으세요,0,0,-500,VV+EP+EF,*,F,놀았으세요,Inflect,VV,EF,놀/VV/*+았/EP/*+세요/EF/*
놀았다,0,0,-500,VV+EP+EF,*,F,놀았다,Inflect,VV,EF,놀/VV/*+었/EP/*+다/EF/*
놀았아요,0,0,-500,VV+EP+EF,*,F,놀았아요,Inflect,VV,EF,놀/VV/*+었/EP/*+요/EF/*
놀았ㅂ니다,0,0,-500,VV+EP+EF,*,F,놀았ㅂ니다,Inflect,VV,EF,놀/VV/*+었/EP/*+ㅂ니다/EF/*
놀았으습니다,0,0,-500,VV+EP+EF,*,F,놀았으습니다,Inflect,VV,EF,놀/VV/*+었/EP/*+습니다/EF/*
놀았ㄹ까,0,0,-500,VV+EP+EF,*,F,놀았ㄹ까,Inflect,VV,EF,놀/VV/*+었/EP/*+ㄹ까/EF/*
놀았ㄹ까요,0,0,-500,VV+EP+EF,*,F,놀았ㄹ까요,Inflect,VV,EF,놀/VV/*+었/EP/*+ㄹ까요/EF/*
놀았ㄹ게요,0,0,-500,VV+EP+EF,*,F,놀았ㄹ게요,Inflect,VV,EF,놀/VV/*+었/EP/*+ㄹ게요/EF/*
놀았ㄹ게,0,0,-500,VV+EP+EF,*,F,놀았ㄹ게,Inflect,VV,EF,놀/VV/*+었/EP/*+ㄹ게/EF/*
놀았자,0,0,-500,VV+EP+EF,*,F,놀았자,Inflect,VV,EF,놀/VV/*+었/EP/*+자/EF/*
놀았으세요,0,0,-500,VV+EP+EF,*,F,놀았으세요,Inflect,VV,EF,놀/VV/*+었/EP/*+세요/EF/*
놀시다,0,0,-500,VV+EP+EF,*,F,놀시다,Inflect,VV,EF,놀/VV/*+시/EP/*+다/EF/*
놀셔요,0,0,-500,VV+EP+EF,*,F,놀셔요,Inflect,VV,EF,놀/VV/*+시/EP/*+요/EF/*
놀십니다,0,0,-500,VV+EP+EF,*,F,놀십니다,Inflect,VV,EF,놀/VV/*+시/EP/*+ㅂ니다/EF/*
놀시습니다,0,0,-500,VV+EP+EF,*,F,놀시습니다,Inflect,VV,EF,놀/VV/*+시/EP/*+습니다/EF/*
놀실까,0,0,-500,VV+EP+EF,*,F,놀실까,Inflect,VV,EF,놀/VV/*+시/EP/*+ㄹ까/EF/*
놀실까요,0,0,-500,VV+EP+EF,*,F,놀실까요,Inflect,VV,EF,놀/VV/*+시/EP/*+ㄹ까요/EF/*
놀실게요,0,0,-500,VV+EP+EF,*,F,놀실게요,Inflect,VV,EF,놀/VV/*+시/EP/*+ㄹ게요/EF/*
놀실게,0,0,-500,VV+EP+EF,*,F,놀실게,Inflect,VV,EF,놀/VV/*+시/EP/*+ㄹ게/EF/*
놀시자,0,0,-500,VV+EP+EF,*,F,놀시자,Inflect,VV,EF,놀/VV/*+시/EP/*+자/EF/*
놀시세요,0,0,-500,VV+EP+EF,*,F,놀시세요,Inflect,VV,EF,놀/VV/*+시/EP/*+세요/EF/*
놀겠다,0,0,-500,VV+EP+EF,*,F,놀겠다,Inflect,VV,EF,놀/VV/*+겠/EP/*+다/EF/*
놀겠어요,0,0,-500,VV+EP+EF,*,F,놀겠어요,Inflect,VV,EF,놀/VV/*+겠/EP/*+요/EF/*
놀겠ㅂ니다,0,0,-500,VV+EP+EF,*,F,놀겠ㅂ니다,Inflect,VV,EF,놀/VV/*+겠/EP/*+ㅂ니다/EF/*
놀겠으습니다,0,0,-500,VV+EP+EF,*,F,놀겠으습니다,Inflect,VV,EF,놀/VV/*+겠/EP/*+습니다/EF/*
놀겠ㄹ까,0,0,-500,VV+EP+EF,*,F,놀겠ㄹ까,Inflect,VV,EF,놀/VV/*+겠/EP/*+ㄹ까/EF/*
놀겠ㄹ까요,0,0,-500,VV+EP+EF,*,F,놀겠ㄹ까요,Inflect,VV,EF,놀/VV/*+겠/EP/*+ㄹ까요/EF/*
놀겠ㄹ게요,0,0,-500,VV+EP+EF,*,F,놀겠ㄹ게요,Inflect,VV,EF,놀/VV/*+겠/EP/*+ㄹ게요/EF/*
놀겠ㄹ게,0,0,-500,VV+EP+EF,*,F,놀겠ㄹ게,Inflect,VV,EF,놀/VV/*+겠/EP/*+ㄹ게/EF/*
놀겠자,0,0,-500,VV+EP+EF,*,F,놀겠자,Inflect,VV,EF,놀/VV/*+겠/EP/*+자/EF/*
놀겠으세요,0,0,-500,VV+EP+EF,*,F,놀겠으세요,Inflect,VV,EF,놀/VV/*+겠/EP/*+세요/EF/*
우는,0,0,-500,VV+ETM,*,T,우는,Inflect,VV,ETM,울/VV/*+는/ETM/*
우ㄴ,0,0,-500,VV+ETM,*,F,우ㄴ,Inflect,VV,ETM,울/VV/*+ㄴ/ETM/*
울은,0,0,-500,VV+ETM,*,T,울은,Inflect,VV,ETM,울/VV/*+은/ETM/*
울ㄹ,0,0,-500,VV+ETM,*,F,울ㄹ,Inflect,VV,ETM,울/VV/*+ㄹ/ETM/*
울을,0,0,-500,VV+ETM,*,T,울을,Inflect,VV,ETM,울/VV/*+을/ETM/*
울고,0,0,-500,VV+EC,*,F,울고,Inflect,VV,EC,울/VV/*+고/EC/*
울어서,0,0,-500,VV+EC,*,F,울어서,Inflect,VV,EC,울/VV/*+서/EC/*
울니까,0,0,-500,VV+EC,*,F,울니까,Inflect,VV,EC,울/VV/*+니까/EC/*
울니,0,0,-500,VV+EC,*,F,울니,Inflect,VV,EC,울/VV/*+니/EC/*
울면,0,0,-500,VV+EC,*,T,울면,Inflect,VV,EC,울/VV/*+면/EC/*
울지만,0,0,-500,VV+EC,*,T,울지만,Inflect,VV,EC,울/VV/*+지만/EC/*
우는데,0,0,-500,VV+EC,*,F,우는데,Inflect,VV,EC,울/VV/*+는데/EC/*
우ㄴ데,0,0,-500,VV+EC,*,F,우ㄴ데,Inflect,VV,EC,울/VV/*+ㄴ데/EC/*
울은데,0,0,-500,VV+EC,*,F,울은데,Inflect,VV,EC,울/VV/*+은데/EC/*
울면서,0,0,-500,VV+EC,*,F,울면서,Inflect,VV,EC,울/VV/*+면서/EC/*
울며,0,0,-500,VV+EC,*,F,울며,Inflect,VV,EC,울/VV/*+며/EC/*
울러,0,0,-500,VV+EC,*,F,울러,Inflect,VV,EC,울/VV/*+러/EC/*
울려고,0,0,-500,VV+EC,*,F,울려고,Inflect,VV,EC,울/VV/*+려고/EC/*
울려,0,0,-500,VV+EC,*,F,울려,Inflect,VV,EC,울/VV/*+려/EC/*
울어도,0,0,-500,VV+EC,*,F,울어도,Inflect,VV,EC,울/VV/*+도/EC/*
울다가,0,0,-500,VV+EC,*,F,울다가,Inflect,VV,EC,울/VV/*+다가/EC/*
울자,0,0,-500,VV+EC,*,F,울자,Inflect,VV,EC,울/VV/*+자/EC/*
울자마자,0,0,-500,VV+EC,*,F,울자마자,Inflect,VV,EC,울/VV/*+자마자/EC/*
울고서,0,0,-500,VV+EC,*,F,울고서,Inflect,VV,EC,울/VV/*+고서/EC/*
울고나서,0,0,-500,VV+EC,*,F,울고나서,Inflect,VV,EC,울/VV/*+고나서/EC/*
울도록,0,0,-500,VV+EC,*,T,울도록,Inflect,VV,EC,울/VV/*+도록/EC/*
울게,0,0,-500,VV+EC,*,F,울게,Inflect,VV,EC,울/VV/*+게/EC/*
울더라도,0,0,-500,VV+EC,*,F,울더라도,Inflect,VV,EC,울/VV/*+더라도/EC/*
울ㄹ지라도,0,0,-500,VV+EC,*,F,울ㄹ지라도,Inflect,VV,EC,울/VV/*+ㄹ지라도/EC/*
울을지라도,0,0,-500,VV+EC,*,F,울을지라도,Inflect,VV,EC,울/VV/*+을지라도/EC/*
울ㄹ수록,0,0,-500,VV+EC,*,T,울ㄹ수록,Inflect,VV,EC,울/VV/*+ㄹ수록/EC/*
울을수록,0,0,-500,VV+EC,*,T,울을수록,Inflect,VV,EC,울/VV/*+을수록/EC/*
울다고,0,0,-500,VV+EC,*,F,울다고,Inflect,VV,EC,울/VV/*+다고/EC/*
울라고,0,0,-500,VV+EC,*,F,울라고,Inflect,VV,EC,울/VV/*+라고/EC/*
울냐고,0,0,-500,VV+EC,*,F,울냐고,Inflect,VV,EC,울/VV/*+냐고/EC/*
울지,0,0,-500,VV+EC,*,F,울지,Inflect,VV,EC,울/VV/*+지/EC/*
울거나,0,0,-500,VV+EC,*,F,울거나,Inflect,VV,EC,울/VV/*+거나/EC/*
울든지,0,0,-500,VV+EC,*,F,울든지,Inflect,VV,EC,울/VV/*+든지/EC/*
울듯이,0,0,-500,VV+EC,*,F,울듯이,Inflect,VV,EC,울/VV/*+듯이/EC/*
울듯,0,0,-500,VV+EC,*,T,울듯,Inflect,VV,EC,울/VV/*+듯/EC/*
울다,0,0,-500,VV+EF,*,F,울다,Inflect,VV,EF,울/VV/*+다/EF/*
울어요,0,0,-500,VV+EF,*,F,울어요,Inflect,VV,EF,울/VV/*+요/EF/*
우ㅂ니다,0,0,-500,VV+EF,*,F,우ㅂ니다,Inflect,VV,EF,울/VV/*+ㅂ니다/EF/*
울습니다,0,0,-500,VV+EF,*,F,울습니다,Inflect,VV,EF,울/VV/*+습니다/EF/*
울ㄹ까,0,0,-500,VV+EF,*,F,울ㄹ까,Inflect,VV,EF,울/VV/*+ㄹ까/EF/*
울ㄹ까요,0,0,-500,VV+EF,*,F,울ㄹ까요,Inflect,VV,EF,울/VV/*+ㄹ까요/EF/*
울ㄹ게요,0,0,-500,VV+EF,*,F,울ㄹ게요,Inflect,VV,EF,울/VV/*+ㄹ게요/EF/*
울ㄹ게,0,0,-500,VV+EF,*,F,울ㄹ게,Inflect,VV,EF,울/VV/*+ㄹ게/EF/*
울자,0,0,-500,VV+EF,*,F,울자,Inflect,VV,EF,울/VV/*+자/EF/*
울세요,0,0,-500,VV+EF,*,F,울세요,Inflect,VV,EF,울/VV/*+세요/EF/*
울었다,0,0,-500,VV+EP+EF,*,F,울었다,Inflect,VV,EF,울/VV/*+았/EP/*+다/EF/*
울었어요,0,0,-500,VV+EP+EF,*,F,울었어요,Inflect,VV,EF,울/VV/*+았/EP/*+요/EF/*
울었ㅂ니다,0,0,-500,VV+EP+EF,*,F,울었ㅂ니다,Inflect,VV,EF,울/VV/*+았/EP/*+ㅂ니다/EF/*
울었으습니다,0,0,-500,VV+EP+EF,*,F,울었으습니다,Inflect,VV,EF,울/VV/*+았/EP/*+습니다/EF/*
울었ㄹ까,0,0,-500,VV+EP+EF,*,F,울었ㄹ까,Inflect,VV,EF,울/VV/*+았/EP/*+ㄹ까/EF/*
울었ㄹ까요,0,0,-500,VV+EP+EF,*,F,울었ㄹ까요,Inflect,VV,EF,울/VV/*+았/EP/*+ㄹ까요/EF/*
울었ㄹ게요,0,0,-500,VV+EP+EF,*,F,울었ㄹ게요,Inflect,VV,EF,울/VV/*+았/EP/*+ㄹ게요/EF/*
울었ㄹ게,0,0,-500,VV+EP+EF,*,F,울었ㄹ게,Inflect,VV,EF,울/VV/*+았/EP/*+ㄹ게/EF/*
울었자,0,0,-500,VV+EP+EF,*,F,울었자,Inflect,VV,EF,울/VV/*+았/EP/*+자/EF/*
울었으세요,0,0,-500,VV+EP+EF,*,F,울었으세요,Inflect,VV,EF,울/VV/*+았/EP/*+세요/EF/*
울었다,0,0,-500,VV+EP+EF,*,F,울었다,Inflect,VV,EF,울/VV/*+었/EP/*+다/EF/*
울었어요,0,0,-500,VV+EP+EF,*,F,울었어요,Inflect,VV,EF,울/VV/*+었/EP/*+요/EF/*
울었ㅂ니다,0,0,-500,VV+EP+EF,*,F,울었ㅂ니다,Inflect,VV,EF,울/VV/*+었/EP/*+ㅂ니다/EF/*
울었으습니다,0,0,-500,VV+EP+EF,*,F,울었으습니다,Inflect,VV,EF,울/VV/*+었/EP/*+습니다/EF/*
울었ㄹ까,0,0,-500,VV+EP+EF,*,F,울었ㄹ까,Inflect,VV,EF,울/VV/*+었/EP/*+ㄹ까/EF/*
울었ㄹ까요,0,0,-500,VV+EP+EF,*,F,울었ㄹ까요,Inflect,VV,EF,울/VV/*+었/EP/*+ㄹ까요/EF/*
울었ㄹ게요,0,0,-500,VV+EP+EF,*,F,울었ㄹ게요,Inflect,VV,EF,울/VV/*+었/EP/*+ㄹ게요/EF/*
울었ㄹ게,0,0,-500,VV+EP+EF,*,F,울었ㄹ게,Inflect,VV,EF,울/VV/*+었/EP/*+ㄹ게/EF/*
울었자,0,0,-500,VV+EP+EF,*,F,울었자,Inflect,VV,EF,울/VV/*+었/EP/*+자/EF/*
울었으세요,0,0,-500,VV+EP+EF,*,F,울었으세요,Inflect,VV,EF,울/VV/*+었/EP/*+세요/EF/*
울시다,0,0,-500,VV+EP+EF,*,F,울시다,Inflect,VV,EF,울/VV/*+시/EP/*+다/EF/*
울셔요,0,0,-500,VV+EP+EF,*,F,울셔요,Inflect,VV,EF,울/VV/*+시/EP/*+요/EF/*
울십니다,0,0,-500,VV+EP+EF,*,F,울십니다,Inflect,VV,EF,울/VV/*+시/EP/*+ㅂ니다/EF/*
울시습니다,0,0,-500,VV+EP+EF,*,F,울시습니다,Inflect,VV,EF,울/VV/*+시/EP/*+습니다/EF/*
울실까,0,0,-500,VV+EP+EF,*,F,울실까,Inflect,VV,EF,울/VV/*+시/EP/*+ㄹ까/EF/*
울실까요,0,0,-500,VV+EP+EF,*,F,울실까요,Inflect,VV,EF,울/VV/*+시/EP/*+ㄹ까요/EF/*
울실게요,0,0,-500,VV+EP+EF,*,F,울실게요,Inflect,VV,EF,울/VV/*+시/EP/*+ㄹ게요/EF/*
울실게,0,0,-500,VV+EP+EF,*,F,울실게,Inflect,VV,EF,울/VV/*+시/EP/*+ㄹ게/EF/*
울시자,0,0,-500,VV+EP+EF,*,F,울시자,Inflect,VV,EF,울/VV/*+시/EP/*+자/EF/*
울시세요,0,0,-500,VV+EP+EF,*,F,울시세요,Inflect,VV,EF,울/VV/*+시/EP/*+세요/EF/*
울겠다,0,0,-500,VV+EP+EF,*,F,울겠다,Inflect,VV,EF,울/VV/*+겠/EP/*+다/EF/*
울겠어요,0,0,-500,VV+EP+EF,*,F,울겠어요,Inflect,VV,EF,울/VV/*+겠/EP/*+요/EF/*
울겠ㅂ니다,0,0,-500,VV+EP+EF,*,F,울겠ㅂ니다,Inflect,VV,EF,울/VV/*+겠/EP/*+ㅂ니다/EF/*
울겠으습니다,0,0,-500,VV+EP+EF,*,F,울겠으습니다,Inflect,VV,EF,울/VV/*+겠/EP/*+습니다/EF/*
울겠ㄹ까,0,0,-500,VV+EP+EF,*,F,울겠ㄹ까,Inflect,VV,EF,울/VV/*+겠/EP/*+ㄹ까/EF/*
울겠ㄹ까요,0,0,-500,VV+EP+EF,*,F,울겠ㄹ까요,Inflect,VV,EF,울/VV/*+겠/EP/*+ㄹ까요/EF/*
울겠ㄹ게요,0,0,-500,VV+EP+EF,*,F,울겠ㄹ게요,Inflect,VV,EF,울/VV/*+겠/EP/*+ㄹ게요/EF/*
울겠ㄹ게,0,0,-500,VV+EP+EF,*,F,울겠ㄹ게,Inflect,VV,EF,울/VV/*+겠/EP/*+ㄹ게/EF/*
울겠자,0,0,-500,VV+EP+EF,*,F,울겠자,Inflect,VV,EF,울/VV/*+겠/EP/*+자/EF/*
울겠으세요,0,0,-500,VV+EP+EF,*,F,울겠으세요,Inflect,VV,EF,울/VV/*+겠/EP/*+세요/EF/*
푸는,0,0,-500,VV+ETM,*,T,푸는,Inflect,VV,ETM,풀/VV/*+는/ETM/*
푸ㄴ,0,0,-500,VV+ETM,*,F,푸ㄴ,Inflect,VV,ETM,풀/VV/*+ㄴ/ETM/*
풀은,0,0,-500,VV+ETM,*,T,풀은,Inflect,VV,ETM,풀/VV/*+은/ETM/*
풀ㄹ,0,0,-500,VV+ETM,*,F,풀ㄹ,Inflect,VV,ETM,풀/VV/*+ㄹ/ETM/*
풀을,0,0,-500,VV+ETM,*,T,풀을,Inflect,VV,ETM,풀/VV/*+을/ETM/*
풀고,0,0,-500,VV+EC,*,F,풀고,Inflect,VV,EC,풀/VV/*+고/EC/*
풀어서,0,0,-500,VV+EC,*,F,풀어서,Inflect,VV,EC,풀/VV/*+서/EC/*
풀니까,0,0,-500,VV+EC,*,F,풀니까,Inflect,VV,EC,풀/VV/*+니까/EC/*
풀니,0,0,-500,VV+EC,*,F,풀니,Inflect,VV,EC,풀/VV/*+니/EC/*
풀면,0,0,-500,VV+EC,*,T,풀면,Inflect,VV,EC,풀/VV/*+면/EC/*
풀지만,0,0,-500,VV+EC,*,T,풀지만,Inflect,VV,EC,풀/VV/*+지만/EC/*
푸는데,0,0,-500,VV+EC,*,F,푸는데,Inflect,VV,EC,풀/VV/*+는데/EC/*
푸ㄴ데,0,0,-500,VV+EC,*,F,푸ㄴ데,Inflect,VV,EC,풀/VV/*+ㄴ데/EC/*
풀은데,0,0,-500,VV+EC,*,F,풀은데,Inflect,VV,EC,풀/VV/*+은데/EC/*
풀면서,0,0,-500,VV+EC,*,F,풀면서,Inflect,VV,EC,풀/VV/*+면서/EC/*
풀며,0,0,-500,VV+EC,*,F,풀며,Inflect,VV,EC,풀/VV/*+며/EC/*
풀러,0,0,-500,VV+EC,*,F,풀러,Inflect,VV,EC,풀/VV/*+러/EC/*
풀려고,0,0,-500,VV+EC,*,F,풀려고,Inflect,VV,EC,풀/VV/*+려고/EC/*
풀려,0,0,-500,VV+EC,*,F,풀려,Inflect,VV,EC,풀/VV/*+려/EC/*
풀어도,0,0,-500,VV+EC,*,F,풀어도,Inflect,VV,EC,풀/VV/*+도/EC/*
풀다가,0,0,-500,VV+EC,*,F,풀다가,Inflect,VV,EC,풀/VV/*+다가/EC/*
풀자,0,0,-500,VV+EC,*,F,풀자,Inflect,VV,EC,풀/VV/*+자/EC/*
풀자마자,0,0,-500,VV+EC,*,F,풀자마자,Inflect,VV,EC,풀/VV/*+자마자/EC/*
풀고서,0,0,-500,VV+EC,*,F,풀고서,Inflect,VV,EC,풀/VV/*+고서/EC/*
풀고나서,0,0,-500,VV+EC,*,F,풀고나서,Inflect,VV,EC,풀/VV/*+고나서/EC/*
풀도록,0,0,-500,VV+EC,*,T,풀도록,Inflect,VV,EC,풀/VV/*+도록/EC/*
풀게,0,0,-500,VV+EC,*,F,풀게,Inflect,VV,EC,풀/VV/*+게/EC/*
풀더라도,0,0,-500,VV+EC,*,F,풀더라도,Inflect,VV,EC,풀/VV/*+더라도/EC/*
풀ㄹ지라도,0,0,-500,VV+EC,*,F,풀ㄹ지라도,Inflect,VV,EC,풀/VV/*+ㄹ지라도/EC/*
풀을지라도,0,0,-500,VV+EC,*,F,풀을지라도,Inflect,VV,EC,풀/VV/*+을지라도/EC/*
풀ㄹ수록,0,0,-500,VV+EC,*,T,풀ㄹ수록,Inflect,VV,EC,풀/VV/*+ㄹ수록/EC/*
풀을수록,0,0,-500,VV+EC,*,T,풀을수록,Inflect,VV,EC,풀/VV/*+을수록/EC/*
풀다고,0,0,-500,VV+EC,*,F,풀다고,Inflect,VV,EC,풀/VV/*+다고/EC/*
풀라고,0,0,-500,VV+EC,*,F,풀라고,Inflect,VV,EC,풀/VV/*+라고/EC/*
풀냐고,0,0,-500,VV+EC,*,F,풀냐고,Inflect,VV,EC,풀/VV/*+냐고/EC/*
풀지,0,0,-500,VV+EC,*,F,풀지,Inflect,VV,EC,풀/VV/*+지/EC/*
풀거나,0,0,-500,VV+EC,*,F,풀거나,Inflect,VV,EC,풀/VV/*+거나/EC/*
풀든지,0,0,-500,VV+EC,*,F,풀든지,Inflect,VV,EC,풀/VV/*+든지/EC/*
풀듯이,0,0,-500,VV+EC,*,F,풀듯이,Inflect,VV,EC,풀/VV/*+듯이/EC/*
풀듯,0,0,-500,VV+EC,*,T,풀듯,Inflect,VV,EC,풀/VV/*+듯/EC/*
풀다,0,0,-500,VV+EF,*,F,풀다,Inflect,VV,EF,풀/VV/*+다/EF/*
풀어요,0,0,-500,VV+EF,*,F,풀어요,Inflect,VV,EF,풀/VV/*+요/EF/*
푸ㅂ니다,0,0,-500,VV+EF,*,F,푸ㅂ니다,Inflect,VV,EF,풀/VV/*+ㅂ니다/EF/*
풀습니다,0,0,-500,VV+EF,*,F,풀습니다,Inflect,VV,EF,풀/VV/*+습니다/EF/*
풀ㄹ까,0,0,-500,VV+EF,*,F,풀ㄹ까,Inflect,VV,EF,풀/VV/*+ㄹ까/EF/*
풀ㄹ까요,0,0,-500,VV+EF,*,F,풀ㄹ까요,Inflect,VV,EF,풀/VV/*+ㄹ까요/EF/*
풀ㄹ게요,0,0,-500,VV+EF,*,F,풀ㄹ게요,Inflect,VV,EF,풀/VV/*+ㄹ게요/EF/*
풀ㄹ게,0,0,-500,VV+EF,*,F,풀ㄹ게,Inflect,VV,EF,풀/VV/*+ㄹ게/EF/*
풀자,0,0,-500,VV+EF,*,F,풀자,Inflect,VV,EF,풀/VV/*+자/EF/*
풀세요,0,0,-500,VV+EF,*,F,풀세요,Inflect,VV,EF,풀/VV/*+세요/EF/*
풀었다,0,0,-500,VV+EP+EF,*,F,풀었다,Inflect,VV,EF,풀/VV/*+았/EP/*+다/EF/*
풀었어요,0,0,-500,VV+EP+EF,*,F,풀었어요,Inflect,VV,EF,풀/VV/*+았/EP/*+요/EF/*
풀었ㅂ니다,0,0,-500,VV+EP+EF,*,F,풀었ㅂ니다,Inflect,VV,EF,풀/VV/*+았/EP/*+ㅂ니다/EF/*
풀었으습니다,0,0,-500,VV+EP+EF,*,F,풀었으습니다,Inflect,VV,EF,풀/VV/*+았/EP/*+습니다/EF/*
풀었ㄹ까,0,0,-500,VV+EP+EF,*,F,풀었ㄹ까,Inflect,VV,EF,풀/VV/*+았/EP/*+ㄹ까/EF/*
풀었ㄹ까요,0,0,-500,VV+EP+EF,*,F,풀었ㄹ까요,Inflect,VV,EF,풀/VV/*+았/EP/*+ㄹ까요/EF/*
풀었ㄹ게요,0,0,-500,VV+EP+EF,*,F,풀었ㄹ게요,Inflect,VV,EF,풀/VV/*+았/EP/*+ㄹ게요/EF/*
풀었ㄹ게,0,0,-500,VV+EP+EF,*,F,풀었ㄹ게,Inflect,VV,EF,풀/VV/*+았/EP/*+ㄹ게/EF/*
풀었자,0,0,-500,VV+EP+EF,*,F,풀었자,Inflect,VV,EF,풀/VV/*+았/EP/*+자/EF/*
풀었으세요,0,0,-500,VV+EP+EF,*,F,풀었으세요,Inflect,VV,EF,풀/VV/*+았/EP/*+세요/EF/*
풀었다,0,0,-500,VV+EP+EF,*,F,풀었다,Inflect,VV,EF,풀/VV/*+었/EP/*+다/EF/*
풀었어요,0,0,-500,VV+EP+EF,*,F,풀었어요,Inflect,VV,EF,풀/VV/*+었/EP/*+요/EF/*
풀었ㅂ니다,0,0,-500,VV+EP+EF,*,F,풀었ㅂ니다,Inflect,VV,EF,풀/VV/*+었/EP/*+ㅂ니다/EF/*
풀었으습니다,0,0,-500,VV+EP+EF,*,F,풀었으습니다,Inflect,VV,EF,풀/VV/*+었/EP/*+습니다/EF/*
풀었ㄹ까,0,0,-500,VV+EP+EF,*,F,풀었ㄹ까,Inflect,VV,EF,풀/VV/*+었/EP/*+ㄹ까/EF/*
풀었ㄹ까요,0,0,-500,VV+EP+EF,*,F,풀었ㄹ까요,Inflect,VV,EF,풀/VV/*+었/EP/*+ㄹ까요/EF/*
풀었ㄹ게요,0,0,-500,VV+EP+EF,*,F,풀었ㄹ게요,Inflect,VV,EF,풀/VV/*+었/EP/*+ㄹ게요/EF/*
풀었ㄹ게,0,0,-500,VV+EP+EF,*,F,풀었ㄹ게,Inflect,VV,EF,풀/VV/*+었/EP/*+ㄹ게/EF/*
풀었자,0,0,-500,VV+EP+EF,*,F,풀었자,Inflect,VV,EF,풀/VV/*+었/EP/*+자/EF/*
풀었으세요,0,0,-500,VV+EP+EF,*,F,풀었으세요,Inflect,VV,EF,풀/VV/*+었/EP/*+세요/EF/*
풀시다,0,0,-500,VV+EP+EF,*,F,풀시다,Inflect,VV,EF,풀/VV/*+시/EP/*+다/EF/*
풀셔요,0,0,-500,VV+EP+EF,*,F,풀셔요,Inflect,VV,EF,풀/VV/*+시/EP/*+요/EF/*
풀십니다,0,0,-500,VV+EP+EF,*,F,풀십니다,Inflect,VV,EF,풀/VV/*+시/EP/*+ㅂ니다/EF/*
풀시습니다,0,0,-500,VV+EP+EF,*,F,풀시습니다,Inflect,VV,EF,풀/VV/*+시/EP/*+습니다/EF/*
풀실까,0,0,-500,VV+EP+EF,*,F,풀실까,Inflect,VV,EF,풀/VV/*+시/EP/*+ㄹ까/EF/*
풀실까요,0,0,-500,VV+EP+EF,*,F,풀실까요,Inflect,VV,EF,풀/VV/*+시/EP/*+ㄹ까요/EF/*
풀실게요,0,0,-500,VV+EP+EF,*,F,풀실게요,Inflect,VV,EF,풀/VV/*+시/EP/*+ㄹ게요/EF/*
풀실게,0,0,-500,VV+EP+EF,*,F,풀실게,Inflect,VV,EF,풀/VV/*+시/EP/*+ㄹ게/EF/*
풀시자,0,0,-500,VV+EP+EF,*,F,풀시자,Inflect,VV,EF,풀/VV/*+시/EP/*+자/EF/*
풀시세요,0,0,-500,VV+EP+EF,*,F,풀시세요,Inflect,VV,EF,풀/VV/*+시/EP/*+세요/EF/*
풀겠다,0,0,-500,VV+EP+EF,*,F,풀겠다,Inflect,VV,EF,풀/VV/*+겠/EP/*+다/EF/*
풀겠어요,0,0,-500,VV+EP+EF,*,F,풀겠어요,Inflect,VV,EF,풀/VV/*+겠/EP/*+요/EF/*
풀겠ㅂ니다,0,0,-500,VV+EP+EF,*,F,풀겠ㅂ니다,Inflect,VV,EF,풀/VV/*+겠/EP/*+ㅂ니다/EF/*
풀겠으습니다,0,0,-500,VV+EP+EF,*,F,풀겠으습니다,Inflect,VV,EF,풀/VV/*+겠/EP/*+습니다/EF/*
풀겠ㄹ까,0,0,-500,VV+EP+EF,*,F,풀겠ㄹ까,Inflect,VV,EF,풀/VV/*+겠/EP/*+ㄹ까/EF/*
풀겠ㄹ까요,0,0,-500,VV+EP+EF,*,F,풀겠ㄹ까요,Inflect,VV,EF,풀/VV/*+겠/EP/*+ㄹ까요/EF/*
풀겠ㄹ게요,0,0,-500,VV+EP+EF,*,F,풀겠ㄹ게요,Inflect,VV,EF,풀/VV/*+겠/EP/*+ㄹ게요/EF/*
풀겠ㄹ게,0,0,-500,VV+EP+EF,*,F,풀겠ㄹ게,Inflect,VV,EF,풀/VV/*+겠/EP/*+ㄹ게/EF/*
풀겠자,0,0,-500,VV+EP+EF,*,F,풀겠자,Inflect,VV,EF,풀/VV/*+겠/EP/*+자/EF/*
풀겠으세요,0,0,-500,VV+EP+EF,*,F,풀겠으세요,Inflect,VV,EF,풀/VV/*+겠/EP/*+세요/EF/*
기는,0,0,-500,VA+ETM,*,T,기는,Inflect,VA,ETM,길/VA/*+는/ETM/*
기ㄴ,0,0,-500,VA+ETM,*,F,기ㄴ,Inflect,VA,ETM,길/VA/*+ㄴ/ETM/*
길은,0,0,-500,VA+ETM,*,T,길은,Inflect,VA,ETM,길/VA/*+은/ETM/*
길ㄹ,0,0,-500,VA+ETM,*,F,길ㄹ,Inflect,VA,ETM,길/VA/*+ㄹ/ETM/*
길을,0,0,-500,VA+ETM,*,T,길을,Inflect,VA,ETM,길/VA/*+을/ETM/*
길고,0,0,-500,VA+EC,*,F,길고,Inflect,VA,EC,길/VA/*+고/EC/*
길어서,0,0,-500,VA+EC,*,F,길어서,Inflect,VA,EC,길/VA/*+서/EC/*
길니까,0,0,-500,VA+EC,*,F,길니까,Inflect,VA,EC,길/VA/*+니까/EC/*
길니,0,0,-500,VA+EC,*,F,길니,Inflect,VA,EC,길/VA/*+니/EC/*
길면,0,0,-500,VA+EC,*,T,길면,Inflect,VA,EC,길/VA/*+면/EC/*
길지만,0,0,-500,VA+EC,*,T,길지만,Inflect,VA,EC,길/VA/*+지만/EC/*
기는데,0,0,-500,VA+EC,*,F,기는데,Inflect,VA,EC,길/VA/*+는데/EC/*
기ㄴ데,0,0,-500,VA+EC,*,F,기ㄴ데,Inflect,VA,EC,길/VA/*+ㄴ데/EC/*
길은데,0,0,-500,VA+EC,*,F,길은데,Inflect,VA,EC,길/VA/*+은데/EC/*
길면서,0,0,-500,VA+EC,*,F,길면서,Inflect,VA,EC,길/VA/*+면서/EC/*
길며,0,0,-500,VA+EC,*,F,길며,Inflect,VA,EC,길/VA/*+며/EC/*
길러,0,0,-500,VA+EC,*,F,길러,Inflect,VA,EC,길/VA/*+러/EC/*
길려고,0,0,-500,VA+EC,*,F,길려고,Inflect,VA,EC,길/VA/*+려고/EC/*
길려,0,0,-500,VA+EC,*,F,길려,Inflect,VA,EC,길/VA/*+려/EC/*
길어도,0,0,-500,VA+EC,*,F,길어도,Inflect,VA,EC,길/VA/*+도/EC/*
길다가,0,0,-500,VA+EC,*,F,길다가,Inflect,VA,EC,길/VA/*+다가/EC/*
길자,0,0,-500,VA+EC,*,F,길자,Inflect,VA,EC,길/VA/*+자/EC/*
길자마자,0,0,-500,VA+EC,*,F,길자마자,Inflect,VA,EC,길/VA/*+자마자/EC/*
길고서,0,0,-500,VA+EC,*,F,길고서,Inflect,VA,EC,길/VA/*+고서/EC/*
길고나서,0,0,-500,VA+EC,*,F,길고나서,Inflect,VA,EC,길/VA/*+고나서/EC/*
길도록,0,0,-500,VA+EC,*,T,길도록,Inflect,VA,EC,길/VA/*+도록/EC/*
길게,0,0,-500,VA+EC,*,F,길게,Inflect,VA,EC,길/VA/*+게/EC/*
길더라도,0,0,-500,VA+EC,*,F,길더라도,Inflect,VA,EC,길/VA/*+더라도/EC/*
길ㄹ지라도,0,0,-500,VA+EC,*,F,길ㄹ지라도,Inflect,VA,EC,길/VA/*+ㄹ지라도/EC/*
길을지라도,0,0,-500,VA+EC,*,F,길을지라도,Inflect,VA,EC,길/VA/*+을지라도/EC/*
길ㄹ수록,0,0,-500,VA+EC,*,T,길ㄹ수록,Inflect,VA,EC,길/VA/*+ㄹ수록/EC/*
길을수록,0,0,-500,VA+EC,*,T,길을수록,Inflect,VA,EC,길/VA/*+을수록/EC/*
길다고,0,0,-500,VA+EC,*,F,길다고,Inflect,VA,EC,길/VA/*+다고/EC/*
길라고,0,0,-500,VA+EC,*,F,길라고,Inflect,VA,EC,길/VA/*+라고/EC/*
길냐고,0,0,-500,VA+EC,*,F,길냐고,Inflect,VA,EC,길/VA/*+냐고/EC/*
길지,0,0,-500,VA+EC,*,F,길지,Inflect,VA,EC,길/VA/*+지/EC/*
길거나,0,0,-500,VA+EC,*,F,길거나,Inflect,VA,EC,길/VA/*+거나/EC/*
길든지,0,0,-500,VA+EC,*,F,길든지,Inflect,VA,EC,길/VA/*+든지/EC/*
길듯이,0,0,-500,VA+EC,*,F,길듯이,Inflect,VA,EC,길/VA/*+듯이/EC/*
길듯,0,0,-500,VA+EC,*,T,길듯,Inflect,VA,EC,길/VA/*+듯/EC/*
길다,0,0,-500,VA+EF,*,F,길다,Inflect,VA,EF,길/VA/*+다/EF/*
길어요,0,0,-500,VA+EF,*,F,길어요,Inflect,VA,EF,길/VA/*+요/EF/*
기ㅂ니다,0,0,-500,VA+EF,*,F,기ㅂ니다,Inflect,VA,EF,길/VA/*+ㅂ니다/EF/*
길습니다,0,0,-500,VA+EF,*,F,길습니다,Inflect,VA,EF,길/VA/*+습니다/EF/*
길ㄹ까,0,0,-500,VA+EF,*,F,길ㄹ까,Inflect,VA,EF,길/VA/*+ㄹ까/EF/*
길ㄹ까요,0,0,-500,VA+EF,*,F,길ㄹ까요,Inflect,VA,EF,길/VA/*+ㄹ까요/EF/*
길ㄹ게요,0,0,-500,VA+EF,*,F,길ㄹ게요,Inflect,VA,EF,길/VA/*+ㄹ게요/EF/*
길ㄹ게,0,0,-500,VA+EF,*,F,길ㄹ게,Inflect,VA,EF,길/VA/*+ㄹ게/EF/*
길자,0,0,-500,VA+EF,*,F,길자,Inflect,VA,EF,길/VA/*+자/EF/*
길세요,0,0,-500,VA+EF,*,F,길세요,Inflect,VA,EF,길/VA/*+세요/EF/*
길었다,0,0,-500,VA+EP+EF,*,F,길었다,Inflect,VA,EF,길/VA/*+았/EP/*+다/EF/*
길었어요,0,0,-500,VA+EP+EF,*,F,길었어요,Inflect,VA,EF,길/VA/*+았/EP/*+요/EF/*
길었ㅂ니다,0,0,-500,VA+EP+EF,*,F,길었ㅂ니다,Inflect,VA,EF,길/VA/*+았/EP/*+ㅂ니다/EF/*
길었으습니다,0,0,-500,VA+EP+EF,*,F,길었으습니다,Inflect,VA,EF,길/VA/*+았/EP/*+습니다/EF/*
길었ㄹ까,0,0,-500,VA+EP+EF,*,F,길었ㄹ까,Inflect,VA,EF,길/VA/*+았/EP/*+ㄹ까/EF/*
길었ㄹ까요,0,0,-500,VA+EP+EF,*,F,길었ㄹ까요,Inflect,VA,EF,길/VA/*+았/EP/*+ㄹ까요/EF/*
길었ㄹ게요,0,0,-500,VA+EP+EF,*,F,길었ㄹ게요,Inflect,VA,EF,길/VA/*+았/EP/*+ㄹ게요/EF/*
길었ㄹ게,0,0,-500,VA+EP+EF,*,F,길었ㄹ게,Inflect,VA,EF,길/VA/*+았/EP/*+ㄹ게/EF/*
길었자,0,0,-500,VA+EP+EF,*,F,길었자,Inflect,VA,EF,길/VA/*+았/EP/*+자/EF/*
길었으세요,0,0,-500,VA+EP+EF,*,F,길었으세요,Inflect,VA,EF,길/VA/*+았/EP/*+세요/EF/*
길었다,0,0,-500,VA+EP+EF,*,F,길었다,Inflect,VA,EF,길/VA/*+었/EP/*+다/EF/*
길었어요,0,0,-500,VA+EP+EF,*,F,길었어요,Inflect,VA,EF,길/VA/*+었/EP/*+요/EF/*
길었ㅂ니다,0,0,-500,VA+EP+EF,*,F,길었ㅂ니다,Inflect,VA,EF,길/VA/*+었/EP/*+ㅂ니다/EF/*
길었으습니다,0,0,-500,VA+EP+EF,*,F,길었으습니다,Inflect,VA,EF,길/VA/*+었/EP/*+습니다/EF/*
길었ㄹ까,0,0,-500,VA+EP+EF,*,F,길었ㄹ까,Inflect,VA,EF,길/VA/*+었/EP/*+ㄹ까/EF/*
길었ㄹ까요,0,0,-500,VA+EP+EF,*,F,길었ㄹ까요,Inflect,VA,EF,길/VA/*+었/EP/*+ㄹ까요/EF/*
길었ㄹ게요,0,0,-500,VA+EP+EF,*,F,길었ㄹ게요,Inflect,VA,EF,길/VA/*+었/EP/*+ㄹ게요/EF/*
길었ㄹ게,0,0,-500,VA+EP+EF,*,F,길었ㄹ게,Inflect,VA,EF,길/VA/*+었/EP/*+ㄹ게/EF/*
길었자,0,0,-500,VA+EP+EF,*,F,길었자,Inflect,VA,EF,길/VA/*+었/EP/*+자/EF/*
길었으세요,0,0,-500,VA+EP+EF,*,F,길었으세요,Inflect,VA,EF,길/VA/*+었/EP/*+세요/EF/*
길시다,0,0,-500,VA+EP+EF,*,F,길시다,Inflect,VA,EF,길/VA/*+시/EP/*+다/EF/*
길셔요,0,0,-500,VA+EP+EF,*,F,길셔요,Inflect,VA,EF,길/VA/*+시/EP/*+요/EF/*
길십니다,0,0,-500,VA+EP+EF,*,F,길십니다,Inflect,VA,EF,길/VA/*+시/EP/*+ㅂ니다/EF/*
길시습니다,0,0,-500,VA+EP+EF,*,F,길시습니다,Inflect,VA,EF,길/VA/*+시/EP/*+습니다/EF/*
길실까,0,0,-500,VA+EP+EF,*,F,길실까,Inflect,VA,EF,길/VA/*+시/EP/*+ㄹ까/EF/*
길실까요,0,0,-500,VA+EP+EF,*,F,길실까요,Inflect,VA,EF,길/VA/*+시/EP/*+ㄹ까요/EF/*
길실게요,0,0,-500,VA+EP+EF,*,F,길실게요,Inflect,VA,EF,길/VA/*+시/EP/*+ㄹ게요/EF/*
길실게,0,0,-500,VA+EP+EF,*,F,길실게,Inflect,VA,EF,길/VA/*+시/EP/*+ㄹ게/EF/*
길시자,0,0,-500,VA+EP+EF,*,F,길시자,Inflect,VA,EF,길/VA/*+시/EP/*+자/EF/*
길시세요,0,0,-500,VA+EP+EF,*,F,길시세요,Inflect,VA,EF,길/VA/*+시/EP/*+세요/EF/*
길겠다,0,0,-500,VA+EP+EF,*,F,길겠다,Inflect,VA,EF,길/VA/*+겠/EP/*+다/EF/*
길겠어요,0,0,-500,VA+EP+EF,*,F,길겠어요,Inflect,VA,EF,길/VA/*+겠/EP/*+요/EF/*
길겠ㅂ니다,0,0,-500,VA+EP+EF,*,F,길겠ㅂ니다,Inflect,VA,EF,길/VA/*+겠/EP/*+ㅂ니다/EF/*
길겠으습니다,0,0,-500,VA+EP+EF,*,F,길겠으습니다,Inflect,VA,EF,길/VA/*+겠/EP/*+습니다/EF/*
길겠ㄹ까,0,0,-500,VA+EP+EF,*,F,길겠ㄹ까,Inflect,VA,EF,길/VA/*+겠/EP/*+ㄹ까/EF/*
길겠ㄹ까요,0,0,-500,VA+EP+EF,*,F,길겠ㄹ까요,Inflect,VA,EF,길/VA/*+겠/EP/*+ㄹ까요/EF/*
길겠ㄹ게요,0,0,-500,VA+EP+EF,*,F,길겠ㄹ게요,Inflect,VA,EF,길/VA/*+겠/EP/*+ㄹ게요/EF/*
길겠ㄹ게,0,0,-500,VA+EP+EF,*,F,길겠ㄹ게,Inflect,VA,EF,길/VA/*+겠/EP/*+ㄹ게/EF/*
길겠자,0,0,-500,VA+EP+EF,*,F,길겠자,Inflect,VA,EF,길/VA/*+겠/EP/*+자/EF/*
길겠으세요,0,0,-500,VA+EP+EF,*,F,길겠으세요,Inflect,VA,EF,길/VA/*+겠/EP/*+세요/EF/*
머는,0,0,-500,VA+ETM,*,T,머는,Inflect,VA,ETM,멀/VA/*+는/ETM/*
머ㄴ,0,0,-500,VA+ETM,*,F,머ㄴ,Inflect,VA,ETM,멀/VA/*+ㄴ/ETM/*
멀은,0,0,-500,VA+ETM,*,T,멀은,Inflect,VA,ETM,멀/VA/*+은/ETM/*
멀ㄹ,0,0,-500,VA+ETM,*,F,멀ㄹ,Inflect,VA,ETM,멀/VA/*+ㄹ/ETM/*
멀을,0,0,-500,VA+ETM,*,T,멀을,Inflect,VA,ETM,멀/VA/*+을/ETM/*
멀고,0,0,-500,VA+EC,*,F,멀고,Inflect,VA,EC,멀/VA/*+고/EC/*
멀어서,0,0,-500,VA+EC,*,F,멀어서,Inflect,VA,EC,멀/VA/*+서/EC/*
멀니까,0,0,-500,VA+EC,*,F,멀니까,Inflect,VA,EC,멀/VA/*+니까/EC/*
멀니,0,0,-500,VA+EC,*,F,멀니,Inflect,VA,EC,멀/VA/*+니/EC/*
멀면,0,0,-500,VA+EC,*,T,멀면,Inflect,VA,EC,멀/VA/*+면/EC/*
멀지만,0,0,-500,VA+EC,*,T,멀지만,Inflect,VA,EC,멀/VA/*+지만/EC/*
머는데,0,0,-500,VA+EC,*,F,머는데,Inflect,VA,EC,멀/VA/*+는데/EC/*
머ㄴ데,0,0,-500,VA+EC,*,F,머ㄴ데,Inflect,VA,EC,멀/VA/*+ㄴ데/EC/*
멀은데,0,0,-500,VA+EC,*,F,멀은데,Inflect,VA,EC,멀/VA/*+은데/EC/*
멀면서,0,0,-500,VA+EC,*,F,멀면서,Inflect,VA,EC,멀/VA/*+면서/EC/*
멀며,0,0,-500,VA+EC,*,F,멀며,Inflect,VA,EC,멀/VA/*+며/EC/*
멀러,0,0,-500,VA+EC,*,F,멀러,Inflect,VA,EC,멀/VA/*+러/EC/*
멀려고,0,0,-500,VA+EC,*,F,멀려고,Inflect,VA,EC,멀/VA/*+려고/EC/*
멀려,0,0,-500,VA+EC,*,F,멀려,Inflect,VA,EC,멀/VA/*+려/EC/*
멀어도,0,0,-500,VA+EC,*,F,멀어도,Inflect,VA,EC,멀/VA/*+도/EC/*
멀다가,0,0,-500,VA+EC,*,F,멀다가,Inflect,VA,EC,멀/VA/*+다가/EC/*
멀자,0,0,-500,VA+EC,*,F,멀자,Inflect,VA,EC,멀/VA/*+자/EC/*
멀자마자,0,0,-500,VA+EC,*,F,멀자마자,Inflect,VA,EC,멀/VA/*+자마자/EC/*
멀고서,0,0,-500,VA+EC,*,F,멀고서,Inflect,VA,EC,멀/VA/*+고서/EC/*
멀고나서,0,0,-500,VA+EC,*,F,멀고나서,Inflect,VA,EC,멀/VA/*+고나서/EC/*
멀도록,0,0,-500,VA+EC,*,T,멀도록,Inflect,VA,EC,멀/VA/*+도록/EC/*
멀게,0,0,-500,VA+EC,*,F,멀게,Inflect,VA,EC,멀/VA/*+게/EC/*
멀더라도,0,0,-500,VA+EC,*,F,멀더라도,Inflect,VA,EC,멀/VA/*+더라도/EC/*
멀ㄹ지라도,0,0,-500,VA+EC,*,F,멀ㄹ지라도,Inflect,VA,EC,멀/VA/*+ㄹ지라도/EC/*
멀을지라도,0,0,-500,VA+EC,*,F,멀을지라도,Inflect,VA,EC,멀/VA/*+을지라도/EC/*
멀ㄹ수록,0,0,-500,VA+EC,*,T,멀ㄹ수록,Inflect,VA,EC,멀/VA/*+ㄹ수록/EC/*
멀을수록,0,0,-500,VA+EC,*,T,멀을수록,Inflect,VA,EC,멀/VA/*+을수록/EC/*
멀다고,0,0,-500,VA+EC,*,F,멀다고,Inflect,VA,EC,멀/VA/*+다고/EC/*
멀라고,0,0,-500,VA+EC,*,F,멀라고,Inflect,VA,EC,멀/VA/*+라고/EC/*
멀냐고,0,0,-500,VA+EC,*,F,멀냐고,Inflect,VA,EC,멀/VA/*+냐고/EC/*
멀지,0,0,-500,VA+EC,*,F,멀지,Inflect,VA,EC,멀/VA/*+지/EC/*
멀거나,0,0,-500,VA+EC,*,F,멀거나,Inflect,VA,EC,멀/VA/*+거나/EC/*
멀든지,0,0,-500,VA+EC,*,F,멀든지,Inflect,VA,EC,멀/VA/*+든지/EC/*
멀듯이,0,0,-500,VA+EC,*,F,멀듯이,Inflect,VA,EC,멀/VA/*+듯이/EC/*
멀듯,0,0,-500,VA+EC,*,T,멀듯,Inflect,VA,EC,멀/VA/*+듯/EC/*
멀다,0,0,-500,VA+EF,*,F,멀다,Inflect,VA,EF,멀/VA/*+다/EF/*
멀어요,0,0,-500,VA+EF,*,F,멀어요,Inflect,VA,EF,멀/VA/*+요/EF/*
머ㅂ니다,0,0,-500,VA+EF,*,F,머ㅂ니다,Inflect,VA,EF,멀/VA/*+ㅂ니다/EF/*
멀습니다,0,0,-500,VA+EF,*,F,멀습니다,Inflect,VA,EF,멀/VA/*+습니다/EF/*
멀ㄹ까,0,0,-500,VA+EF,*,F,멀ㄹ까,Inflect,VA,EF,멀/VA/*+ㄹ까/EF/*
멀ㄹ까요,0,0,-500,VA+EF,*,F,멀ㄹ까요,Inflect,VA,EF,멀/VA/*+ㄹ까요/EF/*
멀ㄹ게요,0,0,-500,VA+EF,*,F,멀ㄹ게요,Inflect,VA,EF,멀/VA/*+ㄹ게요/EF/*
멀ㄹ게,0,0,-500,VA+EF,*,F,멀ㄹ게,Inflect,VA,EF,멀/VA/*+ㄹ게/EF/*
멀자,0,0,-500,VA+EF,*,F,멀자,Inflect,VA,EF,멀/VA/*+자/EF/*
멀세요,0,0,-500,VA+EF,*,F,멀세요,Inflect,VA,EF,멀/VA/*+세요/EF/*
멀었다,0,0,-500,VA+EP+EF,*,F,멀었다,Inflect,VA,EF,멀/VA/*+았/EP/*+다/EF/*
멀었어요,0,0,-500,VA+EP+EF,*,F,멀었어요,Inflect,VA,EF,멀/VA/*+았/EP/*+요/EF/*
멀었ㅂ니다,0,0,-500,VA+EP+EF,*,F,멀었ㅂ니다,Inflect,VA,EF,멀/VA/*+았/EP/*+ㅂ니다/EF/*
멀었으습니다,0,0,-500,VA+EP+EF,*,F,멀었으습니다,Inflect,VA,EF,멀/VA/*+았/EP/*+습니다/EF/*
멀었ㄹ까,0,0,-500,VA+EP+EF,*,F,멀었ㄹ까,Inflect,VA,EF,멀/VA/*+았/EP/*+ㄹ까/EF/*
멀었ㄹ까요,0,0,-500,VA+EP+EF,*,F,멀었ㄹ까요,Inflect,VA,EF,멀/VA/*+았/EP/*+ㄹ까요/EF/*
멀었ㄹ게요,0,0,-500,VA+EP+EF,*,F,멀었ㄹ게요,Inflect,VA,EF,멀/VA/*+았/EP/*+ㄹ게요/EF/*
멀었ㄹ게,0,0,-500,VA+EP+EF,*,F,멀었ㄹ게,Inflect,VA,EF,멀/VA/*+았/EP/*+ㄹ게/EF/*
멀었자,0,0,-500,VA+EP+EF,*,F,멀었자,Inflect,VA,EF,멀/VA/*+았/EP/*+자/EF/*
멀었으세요,0,0,-500,VA+EP+EF,*,F,멀었으세요,Inflect,VA,EF,멀/VA/*+았/EP/*+세요/EF/*
멀었다,0,0,-500,VA+EP+EF,*,F,멀었다,Inflect,VA,EF,멀/VA/*+었/EP/*+다/EF/*
멀었어요,0,0,-500,VA+EP+EF,*,F,멀었어요,Inflect,VA,EF,멀/VA/*+었/EP/*+요/EF/*
멀었ㅂ니다,0,0,-500,VA+EP+EF,*,F,멀었ㅂ니다,Inflect,VA,EF,멀/VA/*+었/EP/*+ㅂ니다/EF/*
멀었으습니다,0,0,-500,VA+EP+EF,*,F,멀었으습니다,Inflect,VA,EF,멀/VA/*+었/EP/*+습니다/EF/*
멀었ㄹ까,0,0,-500,VA+EP+EF,*,F,멀었ㄹ까,Inflect,VA,EF,멀/VA/*+었/EP/*+ㄹ까/EF/*
멀었ㄹ까요,0,0,-500,VA+EP+EF,*,F,멀었ㄹ까요,Inflect,VA,EF,멀/VA/*+었/EP/*+ㄹ까요/EF/*
멀었ㄹ게요,0,0,-500,VA+EP+EF,*,F,멀었ㄹ게요,Inflect,VA,EF,멀/VA/*+었/EP/*+ㄹ게요/EF/*
멀었ㄹ게,0,0,-500,VA+EP+EF,*,F,멀었ㄹ게,Inflect,VA,EF,멀/VA/*+었/EP/*+ㄹ게/EF/*
멀었자,0,0,-500,VA+EP+EF,*,F,멀었자,Inflect,VA,EF,멀/VA/*+었/EP/*+자/EF/*
멀었으세요,0,0,-500,VA+EP+EF,*,F,멀었으세요,Inflect,VA,EF,멀/VA/*+었/EP/*+세요/EF/*
멀시다,0,0,-500,VA+EP+EF,*,F,멀시다,Inflect,VA,EF,멀/VA/*+시/EP/*+다/EF/*
멀셔요,0,0,-500,VA+EP+EF,*,F,멀셔요,Inflect,VA,EF,멀/VA/*+시/EP/*+요/EF/*
멀십니다,0,0,-500,VA+EP+EF,*,F,멀십니다,Inflect,VA,EF,멀/VA/*+시/EP/*+ㅂ니다/EF/*
멀시습니다,0,0,-500,VA+EP+EF,*,F,멀시습니다,Inflect,VA,EF,멀/VA/*+시/EP/*+습니다/EF/*
멀실까,0,0,-500,VA+EP+EF,*,F,멀실까,Inflect,VA,EF,멀/VA/*+시/EP/*+ㄹ까/EF/*
멀실까요,0,0,-500,VA+EP+EF,*,F,멀실까요,Inflect,VA,EF,멀/VA/*+시/EP/*+ㄹ까요/EF/*
멀실게요,0,0,-500,VA+EP+EF,*,F,멀실게요,Inflect,VA,EF,멀/VA/*+시/EP/*+ㄹ게요/EF/*
멀실게,0,0,-500,VA+EP+EF,*,F,멀실게,Inflect,VA,EF,멀/VA/*+시/EP/*+ㄹ게/EF/*
멀시자,0,0,-500,VA+EP+EF,*,F,멀시자,Inflect,VA,EF,멀/VA/*+시/EP/*+자/EF/*
멀시세요,0,0,-500,VA+EP+EF,*,F,멀시세요,Inflect,VA,EF,멀/VA/*+시/EP/*+세요/EF/*
멀겠다,0,0,-500,VA+EP+EF,*,F,멀겠다,Inflect,VA,EF,멀/VA/*+겠/EP/*+다/EF/*
멀겠어요,0,0,-500,VA+EP+EF,*,F,멀겠어요,Inflect,VA,EF,멀/VA/*+겠/EP/*+요/EF/*
멀겠ㅂ니다,0,0,-500,VA+EP+EF,*,F,멀겠ㅂ니다,Inflect,VA,EF,멀/VA/*+겠/EP/*+ㅂ니다/EF/*
멀겠으습니다,0,0,-500,VA+EP+EF,*,F,멀겠으습니다,Inflect,VA,EF,멀/VA/*+겠/EP/*+습니다/EF/*
멀겠ㄹ까,0,0,-500,VA+EP+EF,*,F,멀겠ㄹ까,Inflect,VA,EF,멀/VA/*+겠/EP/*+ㄹ까/EF/*
멀겠ㄹ까요,0,0,-500,VA+EP+EF,*,F,멀겠ㄹ까요,Inflect,VA,EF,멀/VA/*+겠/EP/*+ㄹ까요/EF/*
멀겠ㄹ게요,0,0,-500,VA+EP+EF,*,F,멀겠ㄹ게요,Inflect,VA,EF,멀/VA/*+겠/EP/*+ㄹ게요/EF/*
멀겠ㄹ게,0,0,-500,VA+EP+EF,*,F,멀겠ㄹ게,Inflect,VA,EF,멀/VA/*+겠/EP/*+ㄹ게/EF/*
멀겠자,0,0,-500,VA+EP+EF,*,F,멀겠자,Inflect,VA,EF,멀/VA/*+겠/EP/*+자/EF/*
멀겠으세요,0,0,-500,VA+EP+EF,*,F,멀겠으세요,Inflect,VA,EF,멀/VA/*+겠/EP/*+세요/EF/*
모르는,0,0,-500,VV+ETM,*,T,모르는,Inflect,VV,ETM,모르/VV/*+는/ETM/*
모른,0,0,-500,VV+ETM,*,T,모른,Inflect,VV,ETM,모르/VV/*+ㄴ/ETM/*
모르은,0,0,-500,VV+ETM,*,T,모르은,Inflect,VV,ETM,모르/VV/*+은/ETM/*
모를,0,0,-500,VV+ETM,*,T,모를,Inflect,VV,ETM,모르/VV/*+ㄹ/ETM/*
모르을,0,0,-500,VV+ETM,*,T,모르을,Inflect,VV,ETM,모르/VV/*+을/ETM/*
모르고,0,0,-500,VV+EC,*,F,모르고,Inflect,VV,EC,모르/VV/*+고/EC/*
몰라서,0,0,-500,VV+EC,*,F,몰라서,Inflect,VV,EC,모르/VV/*+서/EC/*
모르니까,0,0,-500,VV+EC,*,F,모르니까,Inflect,VV,EC,모르/VV/*+니까/EC/*
모르니,0,0,-500,VV+EC,*,F,모르니,Inflect,VV,EC,모르/VV/*+니/EC/*
모르면,0,0,-500,VV+EC,*,T,모르면,Inflect,VV,EC,모르/VV/*+면/EC/*
모르지만,0,0,-500,VV+EC,*,T,모르지만,Inflect,VV,EC,모르/VV/*+지만/EC/*
모르는데,0,0,-500,VV+EC,*,F,모르는데,Inflect,VV,EC,모르/VV/*+는데/EC/*
모른데,0,0,-500,VV+EC,*,F,모른데,Inflect,VV,EC,모르/VV/*+ㄴ데/EC/*
모르은데,0,0,-500,VV+EC,*,F,모르은데,Inflect,VV,EC,모르/VV/*+은데/EC/*
모르면서,0,0,-500,VV+EC,*,F,모르면서,Inflect,VV,EC,모르/VV/*+면서/EC/*
모르며,0,0,-500,VV+EC,*,F,모르며,Inflect,VV,EC,모르/VV/*+며/EC/*
모르러,0,0,-500,VV+EC,*,F,모르러,Inflect,VV,EC,모르/VV/*+러/EC/*
모르려고,0,0,-500,VV+EC,*,F,모르려고,Inflect,VV,EC,모르/VV/*+려고/EC/*
모르려,0,0,-500,VV+EC,*,F,모르려,Inflect,VV,EC,모르/VV/*+려/EC/*
몰라도,0,0,-500,VV+EC,*,F,몰라도,Inflect,VV,EC,모르/VV/*+도/EC/*
모르다가,0,0,-500,VV+EC,*,F,모르다가,Inflect,VV,EC,모르/VV/*+다가/EC/*
모르자,0,0,-500,VV+EC,*,F,모르자,Inflect,VV,EC,모르/VV/*+자/EC/*
모르자마자,0,0,-500,VV+EC,*,F,모르자마자,Inflect,VV,EC,모르/VV/*+자마자/EC/*
모르고서,0,0,-500,VV+EC,*,F,모르고서,Inflect,VV,EC,모르/VV/*+고서/EC/*
모르고나서,0,0,-500,VV+EC,*,F,모르고나서,Inflect,VV,EC,모르/VV/*+고나서/EC/*
모르도록,0,0,-500,VV+EC,*,T,모르도록,Inflect,VV,EC,모르/VV/*+도록/EC/*
모르게,0,0,-500,VV+EC,*,F,모르게,Inflect,VV,EC,모르/VV/*+게/EC/*
모르더라도,0,0,-500,VV+EC,*,F,모르더라도,Inflect,VV,EC,모르/VV/*+더라도/EC/*
모를지라도,0,0,-500,VV+EC,*,F,모를지라도,Inflect,VV,EC,모르/VV/*+ㄹ지라도/EC/*
모르을지라도,0,0,-500,VV+EC,*,F,모르을지라도,Inflect,VV,EC,모르/VV/*+을지라도/EC/*
모를수록,0,0,-500,VV+EC,*,T,모를수록,Inflect,VV,EC,모르/VV/*+ㄹ수록/EC/*
모르을수록,0,0,-500,VV+EC,*,T,모르을수록,Inflect,VV,EC,모르/VV/*+을수록/EC/*
모르다고,0,0,-500,VV+EC,*,F,모르다고,Inflect,VV,EC,모르/VV/*+다고/EC/*
모르라고,0,0,-500,VV+EC,*,F,모르라고,Inflect,VV,EC,모르/VV/*+라고/EC/*
모르냐고,0,0,-500,VV+EC,*,F,모르냐고,Inflect,VV,EC,모르/VV/*+냐고/EC/*
모르지,0,0,-500,VV+EC,*,F,모르지,Inflect,VV,EC,모르/VV/*+지/EC/*
모르거나,0,0,-500,VV+EC,*,F,모르거나,Inflect,VV,EC,모르/VV/*+거나/EC/*
모르든지,0,0,-500,VV+EC,*,F,모르든지,Inflect,VV,EC,모르/VV/*+든지/EC/*
모르듯이,0,0,-500,VV+EC,*,F,모르듯이,Inflect,VV,EC,모르/VV/*+듯이/EC/*
모르듯,0,0,-500,VV+EC,*,T,모르듯,Inflect,VV,EC,모르/VV/*+듯/EC/*
모르다,0,0,-500,VV+EF,*,F,모르다,Inflect,VV,EF,모르/VV/*+다/EF/*
몰라요,0,0,-500,VV+EF,*,F,몰라요,Inflect,VV,EF,모르/VV/*+요/EF/*
모릅니다,0,0,-500,VV+EF,*,F,모릅니다,Inflect,VV,EF,모르/VV/*+ㅂ니다/EF/*
모르습니다,0,0,-500,VV+EF,*,F,모르습니다,Inflect,VV,EF,모르/VV/*+습니다/EF/*
모를까,0,0,-500,VV+EF,*,F,모를까,Inflect,VV,EF,모르/VV/*+ㄹ까/EF/*
모를까요,0,0,-500,VV+EF,*,F,모를까요,Inflect,VV,EF,모르/VV/*+ㄹ까요/EF/*
모를게요,0,0,-500,VV+EF,*,F,모를게요,Inflect,VV,EF,모르/VV/*+ㄹ게요/EF/*
모를게,0,0,-500,VV+EF,*,F,모를게,Inflect,VV,EF,모르/VV/*+ㄹ게/EF/*
모르자,0,0,-500,VV+EF,*,F,모르자,Inflect,VV,EF,모르/VV/*+자/EF/*
모르세요,0,0,-500,VV+EF,*,F,모르세요,Inflect,VV,EF,모르/VV/*+세요/EF/*
몰랐다,0,0,-500,VV+EP+EF,*,F,몰랐다,Inflect,VV,EF,모르/VV/*+았/EP/*+다/EF/*
몰랐아요,0,0,-500,VV+EP+EF,*,F,몰랐아요,Inflect,VV,EF,모르/VV/*+았/EP/*+요/EF/*
몰랐ㅂ니다,0,0,-500,VV+EP+EF,*,F,몰랐ㅂ니다,Inflect,VV,EF,모르/VV/*+았/EP/*+ㅂ니다/EF/*
몰랐으습니다,0,0,-500,VV+EP+EF,*,F,몰랐으습니다,Inflect,VV,EF,모르/VV/*+았/EP/*+습니다/EF/*
몰랐ㄹ까,0,0,-500,VV+EP+EF,*,F,몰랐ㄹ까,Inflect,VV,EF,모르/VV/*+았/EP/*+ㄹ까/EF/*
몰랐ㄹ까요,0,0,-500,VV+EP+EF,*,F,몰랐ㄹ까요,Inflect,VV,EF,모르/VV/*+았/EP/*+ㄹ까요/EF/*
몰랐ㄹ게요,0,0,-500,VV+EP+EF,*,F,몰랐ㄹ게요,Inflect,VV,EF,모르/VV/*+았/EP/*+ㄹ게요/EF/*
몰랐ㄹ게,0,0,-500,VV+EP+EF,*,F,몰랐ㄹ게,Inflect,VV,EF,모르/VV/*+았/EP/*+ㄹ게/EF/*
몰랐자,0,0,-500,VV+EP+EF,*,F,몰랐자,Inflect,VV,EF,모르/VV/*+았/EP/*+자/EF/*
몰랐으세요,0,0,-500,VV+EP+EF,*,F,몰랐으세요,Inflect,VV,EF,모르/VV/*+았/EP/*+세요/EF/*
몰랐다,0,0,-500,VV+EP+EF,*,F,몰랐다,Inflect,VV,EF,모르/VV/*+었/EP/*+다/EF/*
몰랐아요,0,0,-500,VV+EP+EF,*,F,몰랐아요,Inflect,VV,EF,모르/VV/*+었/EP/*+요/EF/*
몰랐ㅂ니다,0,0,-500,VV+EP+EF,*,F,몰랐ㅂ니다,Inflect,VV,EF,모르/VV/*+었/EP/*+ㅂ니다/EF/*
몰랐으습니다,0,0,-500,VV+EP+EF,*,F,몰랐으습니다,Inflect,VV,EF,모르/VV/*+었/EP/*+습니다/EF/*
몰랐ㄹ까,0,0,-500,VV+EP+EF,*,F,몰랐ㄹ까,Inflect,VV,EF,모르/VV/*+었/EP/*+ㄹ까/EF/*
몰랐ㄹ까요,0,0,-500,VV+EP+EF,*,F,몰랐ㄹ까요,Inflect,VV,EF,모르/VV/*+었/EP/*+ㄹ까요/EF/*
몰랐ㄹ게요,0,0,-500,VV+EP+EF,*,F,몰랐ㄹ게요,Inflect,VV,EF,모르/VV/*+었/EP/*+ㄹ게요/EF/*
몰랐ㄹ게,0,0,-500,VV+EP+EF,*,F,몰랐ㄹ게,Inflect,VV,EF,모르/VV/*+었/EP/*+ㄹ게/EF/*
몰랐자,0,0,-500,VV+EP+EF,*,F,몰랐자,Inflect,VV,EF,모르/VV/*+었/EP/*+자/EF/*
몰랐으세요,0,0,-500,VV+EP+EF,*,F,몰랐으세요,Inflect,VV,EF,모르/VV/*+었/EP/*+세요/EF/*
모르시다,0,0,-500,VV+EP+EF,*,F,모르시다,Inflect,VV,EF,모르/VV/*+시/EP/*+다/EF/*
모르셔요,0,0,-500,VV+EP+EF,*,F,모르셔요,Inflect,VV,EF,모르/VV/*+시/EP/*+요/EF/*
모르십니다,0,0,-500,VV+EP+EF,*,F,모르십니다,Inflect,VV,EF,모르/VV/*+시/EP/*+ㅂ니다/EF/*
모르시습니다,0,0,-500,VV+EP+EF,*,F,모르시습니다,Inflect,VV,EF,모르/VV/*+시/EP/*+습니다/EF/*
모르실까,0,0,-500,VV+EP+EF,*,F,모르실까,Inflect,VV,EF,모르/VV/*+시/EP/*+ㄹ까/EF/*
모르실까요,0,0,-500,VV+EP+EF,*,F,모르실까요,Inflect,VV,EF,모르/VV/*+시/EP/*+ㄹ까요/EF/*
모르실게요,0,0,-500,VV+EP+EF,*,F,모르실게요,Inflect,VV,EF,모르/VV/*+시/EP/*+ㄹ게요/EF/*
모르실게,0,0,-500,VV+EP+EF,*,F,모르실게,Inflect,VV,EF,모르/VV/*+시/EP/*+ㄹ게/EF/*
모르시자,0,0,-500,VV+EP+EF,*,F,모르시자,Inflect,VV,EF,모르/VV/*+시/EP/*+자/EF/*
모르시세요,0,0,-500,VV+EP+EF,*,F,모르시세요,Inflect,VV,EF,모르/VV/*+시/EP/*+세요/EF/*
모르겠다,0,0,-500,VV+EP+EF,*,F,모르겠다,Inflect,VV,EF,모르/VV/*+겠/EP/*+다/EF/*
모르겠어요,0,0,-500,VV+EP+EF,*,F,모르겠어요,Inflect,VV,EF,모르/VV/*+겠/EP/*+요/EF/*
모르겠ㅂ니다,0,0,-500,VV+EP+EF,*,F,모르겠ㅂ니다,Inflect,VV,EF,모르/VV/*+겠/EP/*+ㅂ니다/EF/*
모르겠으습니다,0,0,-500,VV+EP+EF,*,F,모르겠으습니다,Inflect,VV,EF,모르/VV/*+겠/EP/*+습니다/EF/*
모르겠ㄹ까,0,0,-500,VV+EP+EF,*,F,모르겠ㄹ까,Inflect,VV,EF,모르/VV/*+겠/EP/*+ㄹ까/EF/*
모르겠ㄹ까요,0,0,-500,VV+EP+EF,*,F,모르겠ㄹ까요,Inflect,VV,EF,모르/VV/*+겠/EP/*+ㄹ까요/EF/*
모르겠ㄹ게요,0,0,-500,VV+EP+EF,*,F,모르겠ㄹ게요,Inflect,VV,EF,모르/VV/*+겠/EP/*+ㄹ게요/EF/*
모르겠ㄹ게,0,0,-500,VV+EP+EF,*,F,모르겠ㄹ게,Inflect,VV,EF,모르/VV/*+겠/EP/*+ㄹ게/EF/*
모르겠자,0,0,-500,VV+EP+EF,*,F,모르겠자,Inflect,VV,EF,모르/VV/*+겠/EP/*+자/EF/*
모르겠으세요,0,0,-500,VV+EP+EF,*,F,모르겠으세요,Inflect,VV,EF,모르/VV/*+겠/EP/*+세요/EF/*
부르는,0,0,-500,VV+ETM,*,T,부르는,Inflect,VV,ETM,부르/VV/*+는/ETM/*
부른,0,0,-500,VV+ETM,*,T,부른,Inflect,VV,ETM,부르/VV/*+ㄴ/ETM/*
부르은,0,0,-500,VV+ETM,*,T,부르은,Inflect,VV,ETM,부르/VV/*+은/ETM/*
부를,0,0,-500,VV+ETM,*,T,부를,Inflect,VV,ETM,부르/VV/*+ㄹ/ETM/*
부르을,0,0,-500,VV+ETM,*,T,부르을,Inflect,VV,ETM,부르/VV/*+을/ETM/*
부르고,0,0,-500,VV+EC,*,F,부르고,Inflect,VV,EC,부르/VV/*+고/EC/*
불러서,0,0,-500,VV+EC,*,F,불러서,Inflect,VV,EC,부르/VV/*+서/EC/*
부르니까,0,0,-500,VV+EC,*,F,부르니까,Inflect,VV,EC,부르/VV/*+니까/EC/*
부르니,0,0,-500,VV+EC,*,F,부르니,Inflect,VV,EC,부르/VV/*+니/EC/*
부르면,0,0,-500,VV+EC,*,T,부르면,Inflect,VV,EC,부르/VV/*+면/EC/*
부르지만,0,0,-500,VV+EC,*,T,부르지만,Inflect,VV,EC,부르/VV/*+지만/EC/*
부르는데,0,0,-500,VV+EC,*,F,부르는데,Inflect,VV,EC,부르/VV/*+는데/EC/*
부른데,0,0,-500,VV+EC,*,F,부른데,Inflect,VV,EC,부르/VV/*+ㄴ데/EC/*
부르은데,0,0,-500,VV+EC,*,F,부르은데,Inflect,VV,EC,부르/VV/*+은데/EC/*
부르면서,0,0,-500,VV+EC,*,F,부르면서,Inflect,VV,EC,부르/VV/*+면서/EC/*
부르며,0,0,-500,VV+EC,*,F,부르며,Inflect,VV,EC,부르/VV/*+며/EC/*
부르러,0,0,-500,VV+EC,*,F,부르러,Inflect,VV,EC,부르/VV/*+러/EC/*
부르려고,0,0,-500,VV+EC,*,F,부르려고,Inflect,VV,EC,부르/VV/*+려고/EC/*
부르려,0,0,-500,VV+EC,*,F,부르려,Inflect,VV,EC,부르/VV/*+려/EC/*
불러도,0,0,-500,VV+EC,*,F,불러도,Inflect,VV,EC,부르/VV/*+도/EC/*
부르다가,0,0,-500,VV+EC,*,F,부르다가,Inflect,VV,EC,부르/VV/*+다가/EC/*
부르자,0,0,-500,VV+EC,*,F,부르자,Inflect,VV,EC,부르/VV/*+자/EC/*
부르자마자,0,0,-500,VV+EC,*,F,부르자마자,Inflect,VV,EC,부르/VV/*+자마자/EC/*
부르고서,0,0,-500,VV+EC,*,F,부르고서,Inflect,VV,EC,부르/VV/*+고서/EC/*
부르고나서,0,0,-500,VV+EC,*,F,부르고나서,Inflect,VV,EC,부르/VV/*+고나서/EC/*
부르도록,0,0,-500,VV+EC,*,T,부르도록,Inflect,VV,EC,부르/VV/*+도록/EC/*
부르게,0,0,-500,VV+EC,*,F,부르게,Inflect,VV,EC,부르/VV/*+게/EC/*
부르더라도,0,0,-500,VV+EC,*,F,부르더라도,Inflect,VV,EC,부르/VV/*+더라도/EC/*
부를지라도,0,0,-500,VV+EC,*,F,부를지라도,Inflect,VV,EC,부르/VV/*+ㄹ지라도/EC/*
부르을지라도,0,0,-500,VV+EC,*,F,부르을지라도,Inflect,VV,EC,부르/VV/*+을지라도/EC/*
부를수록,0,0,-500,VV+EC,*,T,부를수록,Inflect,VV,EC,부르/VV/*+ㄹ수록/EC/*
부르을수록,0,0,-500,VV+EC,*,T,부르을수록,Inflect,VV,EC,부르/VV/*+을수록/EC/*
부르다고,0,0,-500,VV+EC,*,F,부르다고,Inflect,VV,EC,부르/VV/*+다고/EC/*
부르라고,0,0,-500,VV+EC,*,F,부르라고,Inflect,VV,EC,부르/VV/*+라고/EC/*
부르냐고,0,0,-500,VV+EC,*,F,부르냐고,Inflect,VV,EC,부르/VV/*+냐고/EC/*
부르지,0,0,-500,VV+EC,*,F,부르지,Inflect,VV,EC,부르/VV/*+지/EC/*
부르거나,0,0,-500,VV+EC,*,F,부르거나,Inflect,VV,EC,부르/VV/*+거나/EC/*
부르든지,0,0,-500,VV+EC,*,F,부르든지,Inflect,VV,EC,부르/VV/*+든지/EC/*
부르듯이,0,0,-500,VV+EC,*,F,부르듯이,Inflect,VV,EC,부르/VV/*+듯이/EC/*
부르듯,0,0,-500,VV+EC,*,T,부르듯,Inflect,VV,EC,부르/VV/*+듯/EC/*
부르다,0,0,-500,VV+EF,*,F,부르다,Inflect,VV,EF,부르/VV/*+다/EF/*
불러요,0,0,-500,VV+EF,*,F,불러요,Inflect,VV,EF,부르/VV/*+요/EF/*
부릅니다,0,0,-500,VV+EF,*,F,부릅니다,Inflect,VV,EF,부르/VV/*+ㅂ니다/EF/*
부르습니다,0,0,-500,VV+EF,*,F,부르습니다,Inflect,VV,EF,부르/VV/*+습니다/EF/*
부를까,0,0,-500,VV+EF,*,F,부를까,Inflect,VV,EF,부르/VV/*+ㄹ까/EF/*
부를까요,0,0,-500,VV+EF,*,F,부를까요,Inflect,VV,EF,부르/VV/*+ㄹ까요/EF/*
부를게요,0,0,-500,VV+EF,*,F,부를게요,Inflect,VV,EF,부르/VV/*+ㄹ게요/EF/*
부를게,0,0,-500,VV+EF,*,F,부를게,Inflect,VV,EF,부르/VV/*+ㄹ게/EF/*
부르자,0,0,-500,VV+EF,*,F,부르자,Inflect,VV,EF,부르/VV/*+자/EF/*
부르세요,0,0,-500,VV+EF,*,F,부르세요,Inflect,VV,EF,부르/VV/*+세요/EF/*
불렀다,0,0,-500,VV+EP+EF,*,F,불렀다,Inflect,VV,EF,부르/VV/*+았/EP/*+다/EF/*
불렀어요,0,0,-500,VV+EP+EF,*,F,불렀어요,Inflect,VV,EF,부르/VV/*+았/EP/*+요/EF/*
불렀ㅂ니다,0,0,-500,VV+EP+EF,*,F,불렀ㅂ니다,Inflect,VV,EF,부르/VV/*+았/EP/*+ㅂ니다/EF/*
불렀으습니다,0,0,-500,VV+EP+EF,*,F,불렀으습니다,Inflect,VV,EF,부르/VV/*+았/EP/*+습니다/EF/*
불렀ㄹ까,0,0,-500,VV+EP+EF,*,F,불렀ㄹ까,Inflect,VV,EF,부르/VV/*+았/EP/*+ㄹ까/EF/*
불렀ㄹ까요,0,0,-500,VV+EP+EF,*,F,불렀ㄹ까요,Inflect,VV,EF,부르/VV/*+았/EP/*+ㄹ까요/EF/*
불렀ㄹ게요,0,0,-500,VV+EP+EF,*,F,불렀ㄹ게요,Inflect,VV,EF,부르/VV/*+았/EP/*+ㄹ게요/EF/*
불렀ㄹ게,0,0,-500,VV+EP+EF,*,F,불렀ㄹ게,Inflect,VV,EF,부르/VV/*+았/EP/*+ㄹ게/EF/*
불렀자,0,0,-500,VV+EP+EF,*,F,불렀자,Inflect,VV,EF,부르/VV/*+았/EP/*+자/EF/*
불렀으세요,0,0,-500,VV+EP+EF,*,F,불렀으세요,Inflect,VV,EF,부르/VV/*+았/EP/*+세요/EF/*
불렀다,0,0,-500,VV+EP+EF,*,F,불렀다,Inflect,VV,EF,부르/VV/*+었/EP/*+다/EF/*
불렀어요,0,0,-500,VV+EP+EF,*,F,불렀어요,Inflect,VV,EF,부르/VV/*+었/EP/*+요/EF/*
불렀ㅂ니다,0,0,-500,VV+EP+EF,*,F,불렀ㅂ니다,Inflect,VV,EF,부르/VV/*+었/EP/*+ㅂ니다/EF/*
불렀으습니다,0,0,-500,VV+EP+EF,*,F,불렀으습니다,Inflect,VV,EF,부르/VV/*+었/EP/*+습니다/EF/*
불렀ㄹ까,0,0,-500,VV+EP+EF,*,F,불렀ㄹ까,Inflect,VV,EF,부르/VV/*+었/EP/*+ㄹ까/EF/*
불렀ㄹ까요,0,0,-500,VV+EP+EF,*,F,불렀ㄹ까요,Inflect,VV,EF,부르/VV/*+었/EP/*+ㄹ까요/EF/*
불렀ㄹ게요,0,0,-500,VV+EP+EF,*,F,불렀ㄹ게요,Inflect,VV,EF,부르/VV/*+었/EP/*+ㄹ게요/EF/*
불렀ㄹ게,0,0,-500,VV+EP+EF,*,F,불렀ㄹ게,Inflect,VV,EF,부르/VV/*+었/EP/*+ㄹ게/EF/*
불렀자,0,0,-500,VV+EP+EF,*,F,불렀자,Inflect,VV,EF,부르/VV/*+었/EP/*+자/EF/*
불렀으세요,0,0,-500,VV+EP+EF,*,F,불렀으세요,Inflect,VV,EF,부르/VV/*+었/EP/*+세요/EF/*
부르시다,0,0,-500,VV+EP+EF,*,F,부르시다,Inflect,VV,EF,부르/VV/*+시/EP/*+다/EF/*
부르셔요,0,0,-500,VV+EP+EF,*,F,부르셔요,Inflect,VV,EF,부르/VV/*+시/EP/*+요/EF/*
부르십니다,0,0,-500,VV+EP+EF,*,F,부르십니다,Inflect,VV,EF,부르/VV/*+시/EP/*+ㅂ니다/EF/*
부르시습니다,0,0,-500,VV+EP+EF,*,F,부르시습니다,Inflect,VV,EF,부르/VV/*+시/EP/*+습니다/EF/*
부르실까,0,0,-500,VV+EP+EF,*,F,부르실까,Inflect,VV,EF,부르/VV/*+시/EP/*+ㄹ까/EF/*
부르실까요,0,0,-500,VV+EP+EF,*,F,부르실까요,Inflect,VV,EF,부르/VV/*+시/EP/*+ㄹ까요/EF/*
부르실게요,0,0,-500,VV+EP+EF,*,F,부르실게요,Inflect,VV,EF,부르/VV/*+시/EP/*+ㄹ게요/EF/*
부르실게,0,0,-500,VV+EP+EF,*,F,부르실게,Inflect,VV,EF,부르/VV/*+시/EP/*+ㄹ게/EF/*
부르시자,0,0,-500,VV+EP+EF,*,F,부르시자,Inflect,VV,EF,부르/VV/*+시/EP/*+자/EF/*
부르시세요,0,0,-500,VV+EP+EF,*,F,부르시세요,Inflect,VV,EF,부르/VV/*+시/EP/*+세요/EF/*
부르겠다,0,0,-500,VV+EP+EF,*,F,부르겠다,Inflect,VV,EF,부르/VV/*+겠/EP/*+다/EF/*
부르겠어요,0,0,-500,VV+EP+EF,*,F,부르겠어요,Inflect,VV,EF,부르/VV/*+겠/EP/*+요/EF/*
부르겠ㅂ니다,0,0,-500,VV+EP+EF,*,F,부르겠ㅂ니다,Inflect,VV,EF,부르/VV/*+겠/EP/*+ㅂ니다/EF/*
부르겠으습니다,0,0,-500,VV+EP+EF,*,F,부르겠으습니다,Inflect,VV,EF,부르/VV/*+겠/EP/*+습니다/EF/*
부르겠ㄹ까,0,0,-500,VV+EP+EF,*,F,부르겠ㄹ까,Inflect,VV,EF,부르/VV/*+겠/EP/*+ㄹ까/EF/*
부르겠ㄹ까요,0,0,-500,VV+EP+EF,*,F,부르겠ㄹ까요,Inflect,VV,EF,부르/VV/*+겠/EP/*+ㄹ까요/EF/*
부르겠ㄹ게요,0,0,-500,VV+EP+EF,*,F,부르겠ㄹ게요,Inflect,VV,EF,부르/VV/*+겠/EP/*+ㄹ게요/EF/*
부르겠ㄹ게,0,0,-500,VV+EP+EF,*,F,부르겠ㄹ게,Inflect,VV,EF,부르/VV/*+겠/EP/*+ㄹ게/EF/*
부르겠자,0,0,-500,VV+EP+EF,*,F,부르겠자,Inflect,VV,EF,부르/VV/*+겠/EP/*+자/EF/*
부르겠으세요,0,0,-500,VV+EP+EF,*,F,부르겠으세요,Inflect,VV,EF,부르/VV/*+겠/EP/*+세요/EF/*
오르는,0,0,-500,VV+ETM,*,T,오르는,Inflect,VV,ETM,오르/VV/*+는/ETM/*
오른,0,0,-500,VV+ETM,*,T,오른,Inflect,VV,ETM,오르/VV/*+ㄴ/ETM/*
오르은,0,0,-500,VV+ETM,*,T,오르은,Inflect,VV,ETM,오르/VV/*+은/ETM/*
오를,0,0,-500,VV+ETM,*,T,오를,Inflect,VV,ETM,오르/VV/*+ㄹ/ETM/*
오르을,0,0,-500,VV+ETM,*,T,오르을,Inflect,VV,ETM,오르/VV/*+을/ETM/*
오르고,0,0,-500,VV+EC,*,F,오르고,Inflect,VV,EC,오르/VV/*+고/EC/*
올라서,0,0,-500,VV+EC,*,F,올라서,Inflect,VV,EC,오르/VV/*+서/EC/*
오르니까,0,0,-500,VV+EC,*,F,오르니까,Inflect,VV,EC,오르/VV/*+니까/EC/*
오르니,0,0,-500,VV+EC,*,F,오르니,Inflect,VV,EC,오르/VV/*+니/EC/*
오르면,0,0,-500,VV+EC,*,T,오르면,Inflect,VV,EC,오르/VV/*+면/EC/*
오르지만,0,0,-500,VV+EC,*,T,오르지만,Inflect,VV,EC,오르/VV/*+지만/EC/*
오르는데,0,0,-500,VV+EC,*,F,오르는데,Inflect,VV,EC,오르/VV/*+는데/EC/*
오른데,0,0,-500,VV+EC,*,F,오른데,Inflect,VV,EC,오르/VV/*+ㄴ데/EC/*
오르은데,0,0,-500,VV+EC,*,F,오르은데,Inflect,VV,EC,오르/VV/*+은데/EC/*
오르면서,0,0,-500,VV+EC,*,F,오르면서,Inflect,VV,EC,오르/VV/*+면서/EC/*
오르며,0,0,-500,VV+EC,*,F,오르며,Inflect,VV,EC,오르/VV/*+며/EC/*
오르러,0,0,-500,VV+EC,*,F,오르러,Inflect,VV,EC,오르/VV/*+러/EC/*
오르려고,0,0,-500,VV+EC,*,F,오르려고,Inflect,VV,EC,오르/VV/*+려고/EC/*
오르려,0,0,-500,VV+EC,*,F,오르려,Inflect,VV,EC,오르/VV/*+려/EC/*
올라도,0,0,-500,VV+EC,*,F,올라도,Inflect,VV,EC,오르/VV/*+도/EC/*
오르다가,0,0,-500,VV+EC,*,F,오르다가,Inflect,VV,EC,오르/VV/*+다가/EC/*
오르자,0,0,-500,VV+EC,*,F,오르자,Inflect,VV,EC,오르/VV/*+자/EC/*
오르자마자,0,0,-500,VV+EC,*,F,오르자마자,Inflect,VV,EC,오르/VV/*+자마자/EC/*
오르고서,0,0,-500,VV+EC,*,F,오르고서,Inflect,VV,EC,오르/VV/*+고서/EC/*
오르고나서,0,0,-500,VV+EC,*,F,오르고나서,Inflect,VV,EC,오르/VV/*+고나서/EC/*
오르도록,0,0,-500,VV+EC,*,T,오르도록,Inflect,VV,EC,오르/VV/*+도록/EC/*
오르게,0,0,-500,VV+EC,*,F,오르게,Inflect,VV,EC,오르/VV/*+게/EC/*
오르더라도,0,0,-500,VV+EC,*,F,오르더라도,Inflect,VV,EC,오르/VV/*+더라도/EC/*
오를지라도,0,0,-500,VV+EC,*,F,오를지라도,Inflect,VV,EC,오르/VV/*+ㄹ지라도/EC/*
오르을지라도,0,0,-500,VV+EC,*,F,오르을지라도,Inflect,VV,EC,오르/VV/*+을지라도/EC/*
오를수록,0,0,-500,VV+EC,*,T,오를수록,Inflect,VV,EC,오르/VV/*+ㄹ수록/EC/*
오르을수록,0,0,-500,VV+EC,*,T,오르을수록,Inflect,VV,EC,오르/VV/*+을수록/EC/*
오르다고,0,0,-500,VV+EC,*,F,오르다고,Inflect,VV,EC,오르/VV/*+다고/EC/*
오르라고,0,0,-500,VV+EC,*,F,오르라고,Inflect,VV,EC,오르/VV/*+라고/EC/*
오르냐고,0,0,-500,VV+EC,*,F,오르냐고,Inflect,VV,EC,오르/VV/*+냐고/EC/*
오르지,0,0,-500,VV+EC,*,F,오르지,Inflect,VV,EC,오르/VV/*+지/EC/*
오르거나,0,0,-500,VV+EC,*,F,오르거나,Inflect,VV,EC,오르/VV/*+거나/EC/*
오르든지,0,0,-500,VV+EC,*,F,오르든지,Inflect,VV,EC,오르/VV/*+든지/EC/*
오르듯이,0,0,-500,VV+EC,*,F,오르듯이,Inflect,VV,EC,오르/VV/*+듯이/EC/*
오르듯,0,0,-500,VV+EC,*,T,오르듯,Inflect,VV,EC,오르/VV/*+듯/EC/*
오르다,0,0,-500,VV+EF,*,F,오르다,Inflect,VV,EF,오르/VV/*+다/EF/*
올라요,0,0,-500,VV+EF,*,F,올라요,Inflect,VV,EF,오르/VV/*+요/EF/*
오릅니다,0,0,-500,VV+EF,*,F,오릅니다,Inflect,VV,EF,오르/VV/*+ㅂ니다/EF/*
오르습니다,0,0,-500,VV+EF,*,F,오르습니다,Inflect,VV,EF,오르/VV/*+습니다/EF/*
오를까,0,0,-500,VV+EF,*,F,오를까,Inflect,VV,EF,오르/VV/*+ㄹ까/EF/*
오를까요,0,0,-500,VV+EF,*,F,오를까요,Inflect,VV,EF,오르/VV/*+ㄹ까요/EF/*
오를게요,0,0,-500,VV+EF,*,F,오를게요,Inflect,VV,EF,오르/VV/*+ㄹ게요/EF/*
오를게,0,0,-500,VV+EF,*,F,오를게,Inflect,VV,EF,오르/VV/*+ㄹ게/EF/*
오르자,0,0,-500,VV+EF,*,F,오르자,Inflect,VV,EF,오르/VV/*+자/EF/*
오르세요,0,0,-500,VV+EF,*,F,오르세요,Inflect,VV,EF,오르/VV/*+세요/EF/*
올랐다,0,0,-500,VV+EP+EF,*,F,올랐다,Inflect,VV,EF,오르/VV/*+았/EP/*+다/EF/*
올랐아요,0,0,-500,VV+EP+EF,*,F,올랐아요,Inflect,VV,EF,오르/VV/*+았/EP/*+요/EF/*
올랐ㅂ니다,0,0,-500,VV+EP+EF,*,F,올랐ㅂ니다,Inflect,VV,EF,오르/VV/*+았/EP/*+ㅂ니다/EF/*
올랐으습니다,0,0,-500,VV+EP+EF,*,F,올랐으습니다,Inflect,VV,EF,오르/VV/*+았/EP/*+습니다/EF/*
올랐ㄹ까,0,0,-500,VV+EP+EF,*,F,올랐ㄹ까,Inflect,VV,EF,오르/VV/*+았/EP/*+ㄹ까/EF/*
올랐ㄹ까요,0,0,-500,VV+EP+EF,*,F,올랐ㄹ까요,Inflect,VV,EF,오르/VV/*+았/EP/*+ㄹ까요/EF/*
올랐ㄹ게요,0,0,-500,VV+EP+EF,*,F,올랐ㄹ게요,Inflect,VV,EF,오르/VV/*+았/EP/*+ㄹ게요/EF/*
올랐ㄹ게,0,0,-500,VV+EP+EF,*,F,올랐ㄹ게,Inflect,VV,EF,오르/VV/*+았/EP/*+ㄹ게/EF/*
올랐자,0,0,-500,VV+EP+EF,*,F,올랐자,Inflect,VV,EF,오르/VV/*+았/EP/*+자/EF/*
올랐으세요,0,0,-500,VV+EP+EF,*,F,올랐으세요,Inflect,VV,EF,오르/VV/*+았/EP/*+세요/EF/*
올랐다,0,0,-500,VV+EP+EF,*,F,올랐다,Inflect,VV,EF,오르/VV/*+었/EP/*+다/EF/*
올랐아요,0,0,-500,VV+EP+EF,*,F,올랐아요,Inflect,VV,EF,오르/VV/*+었/EP/*+요/EF/*
올랐ㅂ니다,0,0,-500,VV+EP+EF,*,F,올랐ㅂ니다,Inflect,VV,EF,오르/VV/*+었/EP/*+ㅂ니다/EF/*
올랐으습니다,0,0,-500,VV+EP+EF,*,F,올랐으습니다,Inflect,VV,EF,오르/VV/*+었/EP/*+습니다/EF/*
올랐ㄹ까,0,0,-500,VV+EP+EF,*,F,올랐ㄹ까,Inflect,VV,EF,오르/VV/*+었/EP/*+ㄹ까/EF/*
올랐ㄹ까요,0,0,-500,VV+EP+EF,*,F,올랐ㄹ까요,Inflect,VV,EF,오르/VV/*+었/EP/*+ㄹ까요/EF/*
올랐ㄹ게요,0,0,-500,VV+EP+EF,*,F,올랐ㄹ게요,Inflect,VV,EF,오르/VV/*+었/EP/*+ㄹ게요/EF/*
올랐ㄹ게,0,0,-500,VV+EP+EF,*,F,올랐ㄹ게,Inflect,VV,EF,오르/VV/*+었/EP/*+ㄹ게/EF/*
올랐자,0,0,-500,VV+EP+EF,*,F,올랐자,Inflect,VV,EF,오르/VV/*+었/EP/*+자/EF/*
올랐으세요,0,0,-500,VV+EP+EF,*,F,올랐으세요,Inflect,VV,EF,오르/VV/*+었/EP/*+세요/EF/*
오르시다,0,0,-500,VV+EP+EF,*,F,오르시다,Inflect,VV,EF,오르/VV/*+시/EP/*+다/EF/*
오르셔요,0,0,-500,VV+EP+EF,*,F,오르셔요,Inflect,VV,EF,오르/VV/*+시/EP/*+요/EF/*
오르십니다,0,0,-500,VV+EP+EF,*,F,오르십니다,Inflect,VV,EF,오르/VV/*+시/EP/*+ㅂ니다/EF/*
오르시습니다,0,0,-500,VV+EP+EF,*,F,오르시습니다,Inflect,VV,EF,오르/VV/*+시/EP/*+습니다/EF/*
오르실까,0,0,-500,VV+EP+EF,*,F,오르실까,Inflect,VV,EF,오르/VV/*+시/EP/*+ㄹ까/EF/*
오르실까요,0,0,-500,VV+EP+EF,*,F,오르실까요,Inflect,VV,EF,오르/VV/*+시/EP/*+ㄹ까요/EF/*
오르실게요,0,0,-500,VV+EP+EF,*,F,오르실게요,Inflect,VV,EF,오르/VV/*+시/EP/*+ㄹ게요/EF/*
오르실게,0,0,-500,VV+EP+EF,*,F,오르실게,Inflect,VV,EF,오르/VV/*+시/EP/*+ㄹ게/EF/*
오르시자,0,0,-500,VV+EP+EF,*,F,오르시자,Inflect,VV,EF,오르/VV/*+시/EP/*+자/EF/*
오르시세요,0,0,-500,VV+EP+EF,*,F,오르시세요,Inflect,VV,EF,오르/VV/*+시/EP/*+세요/EF/*
오르겠다,0,0,-500,VV+EP+EF,*,F,오르겠다,Inflect,VV,EF,오르/VV/*+겠/EP/*+다/EF/*
오르겠어요,0,0,-500,VV+EP+EF,*,F,오르겠어요,Inflect,VV,EF,오르/VV/*+겠/EP/*+요/EF/*
오르겠ㅂ니다,0,0,-500,VV+EP+EF,*,F,오르겠ㅂ니다,Inflect,VV,EF,오르/VV/*+겠/EP/*+ㅂ니다/EF/*
오르겠으습니다,0,0,-500,VV+EP+EF,*,F,오르겠으습니다,Inflect,VV,EF,오르/VV/*+겠/EP/*+습니다/EF/*
오르겠ㄹ까,0,0,-500,VV+EP+EF,*,F,오르겠ㄹ까,Inflect,VV,EF,오르/VV/*+겠/EP/*+ㄹ까/EF/*
오르겠ㄹ까요,0,0,-500,VV+EP+EF,*,F,오르겠ㄹ까요,Inflect,VV,EF,오르/VV/*+겠/EP/*+ㄹ까요/EF/*
오르겠ㄹ게요,0,0,-500,VV+EP+EF,*,F,오르겠ㄹ게요,Inflect,VV,EF,오르/VV/*+겠/EP/*+ㄹ게요/EF/*
오르겠ㄹ게,0,0,-500,VV+EP+EF,*,F,오르겠ㄹ게,Inflect,VV,EF,오르/VV/*+겠/EP/*+ㄹ게/EF/*
오르겠자,0,0,-500,VV+EP+EF,*,F,오르겠자,Inflect,VV,EF,오르/VV/*+겠/EP/*+자/EF/*
오르겠으세요,0,0,-500,VV+EP+EF,*,F,오르겠으세요,Inflect,VV,EF,오르/VV/*+겠/EP/*+세요/EF/*
고르는,0,0,-500,VV+ETM,*,T,고르는,Inflect,VV,ETM,고르/VV/*+는/ETM/*
고른,0,0,-500,VV+ETM,*,T,고른,Inflect,VV,ETM,고르/VV/*+ㄴ/ETM/*
고르은,0,0,-500,VV+ETM,*,T,고르은,Inflect,VV,ETM,고르/VV/*+은/ETM/*
고를,0,0,-500,VV+ETM,*,T,고를,Inflect,VV,ETM,고르/VV/*+ㄹ/ETM/*
고르을,0,0,-500,VV+ETM,*,T,고르을,Inflect,VV,ETM,고르/VV/*+을/ETM/*
고르고,0,0,-500,VV+EC,*,F,고르고,Inflect,VV,EC,고르/VV/*+고/EC/*
골라서,0,0,-500,VV+EC,*,F,골라서,Inflect,VV,EC,고르/VV/*+서/EC/*
고르니까,0,0,-500,VV+EC,*,F,고르니까,Inflect,VV,EC,고르/VV/*+니까/EC/*
고르니,0,0,-500,VV+EC,*,F,고르니,Inflect,VV,EC,고르/VV/*+니/EC/*
고르면,0,0,-500,VV+EC,*,T,고르면,Inflect,VV,EC,고르/VV/*+면/EC/*
고르지만,0,0,-500,VV+EC,*,T,고르지만,Inflect,VV,EC,고르/VV/*+지만/EC/*
고르는데,0,0,-500,VV+EC,*,F,고르는데,Inflect,VV,EC,고르/VV/*+는데/EC/*
고른데,0,0,-500,VV+EC,*,F,고른데,Inflect,VV,EC,고르/VV/*+ㄴ데/EC/*
고르은데,0,0,-500,VV+EC,*,F,고르은데,Inflect,VV,EC,고르/VV/*+은데/EC/*
고르면서,0,0,-500,VV+EC,*,F,고르면서,Inflect,VV,EC,고르/VV/*+면서/EC/*
고르며,0,0,-500,VV+EC,*,F,고르며,Inflect,VV,EC,고르/VV/*+며/EC/*
고르러,0,0,-500,VV+EC,*,F,고르러,Inflect,VV,EC,고르/VV/*+러/EC/*
고르려고,0,0,-500,VV+EC,*,F,고르려고,Inflect,VV,EC,고르/VV/*+려고/EC/*
고르려,0,0,-500,VV+EC,*,F,고르려,Inflect,VV,EC,고르/VV/*+려/EC/*
골라도,0,0,-500,VV+EC,*,F,골라도,Inflect,VV,EC,고르/VV/*+도/EC/*
고르다가,0,0,-500,VV+EC,*,F,고르다가,Inflect,VV,EC,고르/VV/*+다가/EC/*
고르자,0,0,-500,VV+EC,*,F,고르자,Inflect,VV,EC,고르/VV/*+자/EC/*
고르자마자,0,0,-500,VV+EC,*,F,고르자마자,Inflect,VV,EC,고르/VV/*+자마자/EC/*
고르고서,0,0,-500,VV+EC,*,F,고르고서,Inflect,VV,EC,고르/VV/*+고서/EC/*
고르고나서,0,0,-500,VV+EC,*,F,고르고나서,Inflect,VV,EC,고르/VV/*+고나서/EC/*
고르도록,0,0,-500,VV+EC,*,T,고르도록,Inflect,VV,EC,고르/VV/*+도록/EC/*
고르게,0,0,-500,VV+EC,*,F,고르게,Inflect,VV,EC,고르/VV/*+게/EC/*
고르더라도,0,0,-500,VV+EC,*,F,고르더라도,Inflect,VV,EC,고르/VV/*+더라도/EC/*
고를지라도,0,0,-500,VV+EC,*,F,고를지라도,Inflect,VV,EC,고르/VV/*+ㄹ지라도/EC/*
고르을지라도,0,0,-500,VV+EC,*,F,고르을지라도,Inflect,VV,EC,고르/VV/*+을지라도/EC/*
고를수록,0,0,-500,VV+EC,*,T,고를수록,Inflect,VV,EC,고르/VV/*+ㄹ수록/EC/*
고르을수록,0,0,-500,VV+EC,*,T,고르을수록,Inflect,VV,EC,고르/VV/*+을수록/EC/*
고르다고,0,0,-500,VV+EC,*,F,고르다고,Inflect,VV,EC,고르/VV/*+다고/EC/*
고르라고,0,0,-500,VV+EC,*,F,고르라고,Inflect,VV,EC,고르/VV/*+라고/EC/*
고르냐고,0,0,-500,VV+EC,*,F,고르냐고,Inflect,VV,EC,고르/VV/*+냐고/EC/*
고르지,0,0,-500,VV+EC,*,F,고르지,Inflect,VV,EC,고르/VV/*+지/EC/*
고르거나,0,0,-500,VV+EC,*,F,고르거나,Inflect,VV,EC,고르/VV/*+거나/EC/*
고르든지,0,0,-500,VV+EC,*,F,고르든지,Inflect,VV,EC,고르/VV/*+든지/EC/*
고르듯이,0,0,-500,VV+EC,*,F,고르듯이,Inflect,VV,EC,고르/VV/*+듯이/EC/*
고르듯,0,0,-500,VV+EC,*,T,고르듯,Inflect,VV,EC,고르/VV/*+듯/EC/*
고르다,0,0,-500,VV+EF,*,F,고르다,Inflect,VV,EF,고르/VV/*+다/EF/*
골라요,0,0,-500,VV+EF,*,F,골라요,Inflect,VV,EF,고르/VV/*+요/EF/*
고릅니다,0,0,-500,VV+EF,*,F,고릅니다,Inflect,VV,EF,고르/VV/*+ㅂ니다/EF/*
고르습니다,0,0,-500,VV+EF,*,F,고르습니다,Inflect,VV,EF,고르/VV/*+습니다/EF/*
고를까,0,0,-500,VV+EF,*,F,고를까,Inflect,VV,EF,고르/VV/*+ㄹ까/EF/*
고를까요,0,0,-500,VV+EF,*,F,고를까요,Inflect,VV,EF,고르/VV/*+ㄹ까요/EF/*
고를게요,0,0,-500,VV+EF,*,F,고를게요,Inflect,VV,EF,고르/VV/*+ㄹ게요/EF/*
고를게,0,0,-500,VV+EF,*,F,고를게,Inflect,VV,EF,고르/VV/*+ㄹ게/EF/*
고르자,0,0,-500,VV+EF,*,F,고르자,Inflect,VV,EF,고르/VV/*+자/EF/*
고르세요,0,0,-500,VV+EF,*,F,고르세요,Inflect,VV,EF,고르/VV/*+세요/EF/*
골랐다,0,0,-500,VV+EP+EF,*,F,골랐다,Inflect,VV,EF,고르/VV/*+았/EP/*+다/EF/*
골랐아요,0,0,-500,VV+EP+EF,*,F,골랐아요,Inflect,VV,EF,고르/VV/*+았/EP/*+요/EF/*
골랐ㅂ니다,0,0,-500,VV+EP+EF,*,F,골랐ㅂ니다,Inflect,VV,EF,고르/VV/*+았/EP/*+ㅂ니다/EF/*
골랐으습니다,0,0,-500,VV+EP+EF,*,F,골랐으습니다,Inflect,VV,EF,고르/VV/*+았/EP/*+습니다/EF/*
골랐ㄹ까,0,0,-500,VV+EP+EF,*,F,골랐ㄹ까,Inflect,VV,EF,고르/VV/*+았/EP/*+ㄹ까/EF/*
골랐ㄹ까요,0,0,-500,VV+EP+EF,*,F,골랐ㄹ까요,Inflect,VV,EF,고르/VV/*+았/EP/*+ㄹ까요/EF/*
골랐ㄹ게요,0,0,-500,VV+EP+EF,*,F,골랐ㄹ게요,Inflect,VV,EF,고르/VV/*+았/EP/*+ㄹ게요/EF/*
골랐ㄹ게,0,0,-500,VV+EP+EF,*,F,골랐ㄹ게,Inflect,VV,EF,고르/VV/*+았/EP/*+ㄹ게/EF/*
골랐자,0,0,-500,VV+EP+EF,*,F,골랐자,Inflect,VV,EF,고르/VV/*+았/EP/*+자/EF/*
골랐으세요,0,0,-500,VV+EP+EF,*,F,골랐으세요,Inflect,VV,EF,고르/VV/*+았/EP/*+세요/EF/*
골랐다,0,0,-500,VV+EP+EF,*,F,골랐다,Inflect,VV,EF,고르/VV/*+었/EP/*+다/EF/*
골랐아요,0,0,-500,VV+EP+EF,*,F,골랐아요,Inflect,VV,EF,고르/VV/*+었/EP/*+요/EF/*
골랐ㅂ니다,0,0,-500,VV+EP+EF,*,F,골랐ㅂ니다,Inflect,VV,EF,고르/VV/*+었/EP/*+ㅂ니다/EF/*
골랐으습니다,0,0,-500,VV+EP+EF,*,F,골랐으습니다,Inflect,VV,EF,고르/VV/*+었/EP/*+습니다/EF/*
골랐ㄹ까,0,0,-500,VV+EP+EF,*,F,골랐ㄹ까,Inflect,VV,EF,고르/VV/*+었/EP/*+ㄹ까/EF/*
골랐ㄹ까요,0,0,-500,VV+EP+EF,*,F,골랐ㄹ까요,Inflect,VV,EF,고르/VV/*+었/EP/*+ㄹ까요/EF/*
골랐ㄹ게요,0,0,-500,VV+EP+EF,*,F,골랐ㄹ게요,Inflect,VV,EF,고르/VV/*+었/EP/*+ㄹ게요/EF/*
골랐ㄹ게,0,0,-500,VV+EP+EF,*,F,골랐ㄹ게,Inflect,VV,EF,고르/VV/*+었/EP/*+ㄹ게/EF/*
골랐자,0,0,-500,VV+EP+EF,*,F,골랐자,Inflect,VV,EF,고르/VV/*+었/EP/*+자/EF/*
골랐으세요,0,0,-500,VV+EP+EF,*,F,골랐으세요,Inflect,VV,EF,고르/VV/*+었/EP/*+세요/EF/*
고르시다,0,0,-500,VV+EP+EF,*,F,고르시다,Inflect,VV,EF,고르/VV/*+시/EP/*+다/EF/*
고르셔요,0,0,-500,VV+EP+EF,*,F,고르셔요,Inflect,VV,EF,고르/VV/*+시/EP/*+요/EF/*
고르십니다,0,0,-500,VV+EP+EF,*,F,고르십니다,Inflect,VV,EF,고르/VV/*+시/EP/*+ㅂ니다/EF/*
고르시습니다,0,0,-500,VV+EP+EF,*,F,고르시습니다,Inflect,VV,EF,고르/VV/*+시/EP/*+습니다/EF/*
고르실까,0,0,-500,VV+EP+EF,*,F,고르실까,Inflect,VV,EF,고르/VV/*+시/EP/*+ㄹ까/EF/*
고르실까요,0,0,-500,VV+EP+EF,*,F,고르실까요,Inflect,VV,EF,고르/VV/*+시/EP/*+ㄹ까요/EF/*
고르실게요,0,0,-500,VV+EP+EF,*,F,고르실게요,Inflect,VV,EF,고르/VV/*+시/EP/*+ㄹ게요/EF/*
고르실게,0,0,-500,VV+EP+EF,*,F,고르실게,Inflect,VV,EF,고르/VV/*+시/EP/*+ㄹ게/EF/*
고르시자,0,0,-500,VV+EP+EF,*,F,고르시자,Inflect,VV,EF,고르/VV/*+시/EP/*+자/EF/*
고르시세요,0,0,-500,VV+EP+EF,*,F,고르시세요,Inflect,VV,EF,고르/VV/*+시/EP/*+세요/EF/*
고르겠다,0,0,-500,VV+EP+EF,*,F,고르겠다,Inflect,VV,EF,고르/VV/*+겠/EP/*+다/EF/*
고르겠어요,0,0,-500,VV+EP+EF,*,F,고르겠어요,Inflect,VV,EF,고르/VV/*+겠/EP/*+요/EF/*
고르겠ㅂ니다,0,0,-500,VV+EP+EF,*,F,고르겠ㅂ니다,Inflect,VV,EF,고르/VV/*+겠/EP/*+ㅂ니다/EF/*
고르겠으습니다,0,0,-500,VV+EP+EF,*,F,고르겠으습니다,Inflect,VV,EF,고르/VV/*+겠/EP/*+습니다/EF/*
고르겠ㄹ까,0,0,-500,VV+EP+EF,*,F,고르겠ㄹ까,Inflect,VV,EF,고르/VV/*+겠/EP/*+ㄹ까/EF/*
고르겠ㄹ까요,0,0,-500,VV+EP+EF,*,F,고르겠ㄹ까요,Inflect,VV,EF,고르/VV/*+겠/EP/*+ㄹ까요/EF/*
고르겠ㄹ게요,0,0,-500,VV+EP+EF,*,F,고르겠ㄹ게요,Inflect,VV,EF,고르/VV/*+겠/EP/*+ㄹ게요/EF/*
고르겠ㄹ게,0,0,-500,VV+EP+EF,*,F,고르겠ㄹ게,Inflect,VV,EF,고르/VV/*+겠/EP/*+ㄹ게/EF/*
고르겠자,0,0,-500,VV+EP+EF,*,F,고르겠자,Inflect,VV,EF,고르/VV/*+겠/EP/*+자/EF/*
고르겠으세요,0,0,-500,VV+EP+EF,*,F,고르겠으세요,Inflect,VV,EF,고르/VV/*+겠/EP/*+세요/EF/*
흐르는,0,0,-500,VV+ETM,*,T,흐르는,Inflect,VV,ETM,흐르/VV/*+는/ETM/*
흐른,0,0,-500,VV+ETM,*,T,흐른,Inflect,VV,ETM,흐르/VV/*+ㄴ/ETM/*
흐르은,0,0,-500,VV+ETM,*,T,흐르은,Inflect,VV,ETM,흐르/VV/*+은/ETM/*
흐를,0,0,-500,VV+ETM,*,T,흐를,Inflect,VV,ETM,흐르/VV/*+ㄹ/ETM/*
흐르을,0,0,-500,VV+ETM,*,T,흐르을,Inflect,VV,ETM,흐르/VV/*+을/ETM/*
흐르고,0,0,-500,VV+EC,*,F,흐르고,Inflect,VV,EC,흐르/VV/*+고/EC/*
흘러서,0,0,-500,VV+EC,*,F,흘러서,Inflect,VV,EC,흐르/VV/*+서/EC/*
흐르니까,0,0,-500,VV+EC,*,F,흐르니까,Inflect,VV,EC,흐르/VV/*+니까/EC/*
흐르니,0,0,-500,VV+EC,*,F,흐르니,Inflect,VV,EC,흐르/VV/*+니/EC/*
흐르면,0,0,-500,VV+EC,*,T,흐르면,Inflect,VV,EC,흐르/VV/*+면/EC/*
흐르지만,0,0,-500,VV+EC,*,T,흐르지만,Inflect,VV,EC,흐르/VV/*+지만/EC/*
흐르는데,0,0,-500,VV+EC,*,F,흐르는데,Inflect,VV,EC,흐르/VV/*+는데/EC/*
흐른데,0,0,-500,VV+EC,*,F,흐른데,Inflect,VV,EC,흐르/VV/*+ㄴ데/EC/*
흐르은데,0,0,-500,VV+EC,*,F,흐르은데,Inflect,VV,EC,흐르/VV/*+은데/EC/*
흐르면서,0,0,-500,VV+EC,*,F,흐르면서,Inflect,VV,EC,흐르/VV/*+면서/EC/*
흐르며,0,0,-500,VV+EC,*,F,흐르며,Inflect,VV,EC,흐르/VV/*+며/EC/*
흐르러,0,0,-500,VV+EC,*,F,흐르러,Inflect,VV,EC,흐르/VV/*+러/EC/*
흐르려고,0,0,-500,VV+EC,*,F,흐르려고,Inflect,VV,EC,흐르/VV/*+려고/EC/*
흐르려,0,0,-500,VV+EC,*,F,흐르려,Inflect,VV,EC,흐르/VV/*+려/EC/*
흘러도,0,0,-500,VV+EC,*,F,흘러도,Inflect,VV,EC,흐르/VV/*+도/EC/*
흐르다가,0,0,-500,VV+EC,*,F,흐르다가,Inflect,VV,EC,흐르/VV/*+다가/EC/*
흐르자,0,0,-500,VV+EC,*,F,흐르자,Inflect,VV,EC,흐르/VV/*+자/EC/*
흐르자마자,0,0,-500,VV+EC,*,F,흐르자마자,Inflect,VV,EC,흐르/VV/*+자마자/EC/*
흐르고서,0,0,-500,VV+EC,*,F,흐르고서,Inflect,VV,EC,흐르/VV/*+고서/EC/*
흐르고나서,0,0,-500,VV+EC,*,F,흐르고나서,Inflect,VV,EC,흐르/VV/*+고나서/EC/*
흐르도록,0,0,-500,VV+EC,*,T,흐르도록,Inflect,VV,EC,흐르/VV/*+도록/EC/*
흐르게,0,0,-500,VV+EC,*,F,흐르게,Inflect,VV,EC,흐르/VV/*+게/EC/*
흐르더라도,0,0,-500,VV+EC,*,F,흐르더라도,Inflect,VV,EC,흐르/VV/*+더라도/EC/*
흐를지라도,0,0,-500,VV+EC,*,F,흐를지라도,Inflect,VV,EC,흐르/VV/*+ㄹ지라도/EC/*
흐르을지라도,0,0,-500,VV+EC,*,F,흐르을지라도,Inflect,VV,EC,흐르/VV/*+을지라도/EC/*
흐를수록,0,0,-500,VV+EC,*,T,흐를수록,Inflect,VV,EC,흐르/VV/*+ㄹ수록/EC/*
흐르을수록,0,0,-500,VV+EC,*,T,흐르을수록,Inflect,VV,EC,흐르/VV/*+을수록/EC/*
흐르다고,0,0,-500,VV+EC,*,F,흐르다고,Inflect,VV,EC,흐르/VV/*+다고/EC/*
흐르라고,0,0,-500,VV+EC,*,F,흐르라고,Inflect,VV,EC,흐르/VV/*+라고/EC/*
흐르냐고,0,0,-500,VV+EC,*,F,흐르냐고,Inflect,VV,EC,흐르/VV/*+냐고/EC/*
흐르지,0,0,-500,VV+EC,*,F,흐르지,Inflect,VV,EC,흐르/VV/*+지/EC/*
흐르거나,0,0,-500,VV+EC,*,F,흐르거나,Inflect,VV,EC,흐르/VV/*+거나/EC/*
흐르든지,0,0,-500,VV+EC,*,F,흐르든지,Inflect,VV,EC,흐르/VV/*+든지/EC/*
흐르듯이,0,0,-500,VV+EC,*,F,흐르듯이,Inflect,VV,EC,흐르/VV/*+듯이/EC/*
흐르듯,0,0,-500,VV+EC,*,T,흐르듯,Inflect,VV,EC,흐르/VV/*+듯/EC/*
흐르다,0,0,-500,VV+EF,*,F,흐르다,Inflect,VV,EF,흐르/VV/*+다/EF/*
흘러요,0,0,-500,VV+EF,*,F,흘러요,Inflect,VV,EF,흐르/VV/*+요/EF/*
흐릅니다,0,0,-500,VV+EF,*,F,흐릅니다,Inflect,VV,EF,흐르/VV/*+ㅂ니다/EF/*
흐르습니다,0,0,-500,VV+EF,*,F,흐르습니다,Inflect,VV,EF,흐르/VV/*+습니다/EF/*
흐를까,0,0,-500,VV+EF,*,F,흐를까,Inflect,VV,EF,흐르/VV/*+ㄹ까/EF/*
흐를까요,0,0,-500,VV+EF,*,F,흐를까요,Inflect,VV,EF,흐르/VV/*+ㄹ까요/EF/*
흐를게요,0,0,-500,VV+EF,*,F,흐를게요,Inflect,VV,EF,흐르/VV/*+ㄹ게요/EF/*
흐를게,0,0,-500,VV+EF,*,F,흐를게,Inflect,VV,EF,흐르/VV/*+ㄹ게/EF/*
흐르자,0,0,-500,VV+EF,*,F,흐르자,Inflect,VV,EF,흐르/VV/*+자/EF/*
흐르세요,0,0,-500,VV+EF,*,F,흐르세요,Inflect,VV,EF,흐르/VV/*+세요/EF/*
흘렀다,0,0,-500,VV+EP+EF,*,F,흘렀다,Inflect,VV,EF,흐르/VV/*+았/EP/*+다/EF/*
흘렀어요,0,0,-500,VV+EP+EF,*,F,흘렀어요,Inflect,VV,EF,흐르/VV/*+았/EP/*+요/EF/*
흘렀ㅂ니다,0,0,-500,VV+EP+EF,*,F,흘렀ㅂ니다,Inflect,VV,EF,흐르/VV/*+았/EP/*+ㅂ니다/EF/*
흘렀으습니다,0,0,-500,VV+EP+EF,*,F,흘렀으습니다,Inflect,VV,EF,흐르/VV/*+았/EP/*+습니다/EF/*
흘렀ㄹ까,0,0,-500,VV+EP+EF,*,F,흘렀ㄹ까,Inflect,VV,EF,흐르/VV/*+았/EP/*+ㄹ까/EF/*
흘렀ㄹ까요,0,0,-500,VV+EP+EF,*,F,흘렀ㄹ까요,Inflect,VV,EF,흐르/VV/*+았/EP/*+ㄹ까요/EF/*
흘렀ㄹ게요,0,0,-500,VV+EP+EF,*,F,흘렀ㄹ게요,Inflect,VV,EF,흐르/VV/*+았/EP/*+ㄹ게요/EF/*
흘렀ㄹ게,0,0,-500,VV+EP+EF,*,F,흘렀ㄹ게,Inflect,VV,EF,흐르/VV/*+았/EP/*+ㄹ게/EF/*
흘렀자,0,0,-500,VV+EP+EF,*,F,흘렀자,Inflect,VV,EF,흐르/VV/*+았/EP/*+자/EF/*
흘렀으세요,0,0,-500,VV+EP+EF,*,F,흘렀으세요,Inflect,VV,EF,흐르/VV/*+았/EP/*+세요/EF/*
흘렀다,0,0,-500,VV+EP+EF,*,F,흘렀다,Inflect,VV,EF,흐르/VV/*+었/EP/*+다/EF/*
흘렀어요,0,0,-500,VV+EP+EF,*,F,흘렀어요,Inflect,VV,EF,흐르/VV/*+었/EP/*+요/EF/*
흘렀ㅂ니다,0,0,-500,VV+EP+EF,*,F,흘렀ㅂ니다,Inflect,VV,EF,흐르/VV/*+었/EP/*+ㅂ니다/EF/*
흘렀으습니다,0,0,-500,VV+EP+EF,*,F,흘렀으습니다,Inflect,VV,EF,흐르/VV/*+었/EP/*+습니다/EF/*
흘렀ㄹ까,0,0,-500,VV+EP+EF,*,F,흘렀ㄹ까,Inflect,VV,EF,흐르/VV/*+었/EP/*+ㄹ까/EF/*
흘렀ㄹ까요,0,0,-500,VV+EP+EF,*,F,흘렀ㄹ까요,Inflect,VV,EF,흐르/VV/*+었/EP/*+ㄹ까요/EF/*
흘렀ㄹ게요,0,0,-500,VV+EP+EF,*,F,흘렀ㄹ게요,Inflect,VV,EF,흐르/VV/*+었/EP/*+ㄹ게요/EF/*
흘렀ㄹ게,0,0,-500,VV+EP+EF,*,F,흘렀ㄹ게,Inflect,VV,EF,흐르/VV/*+었/EP/*+ㄹ게/EF/*
흘렀자,0,0,-500,VV+EP+EF,*,F,흘렀자,Inflect,VV,EF,흐르/VV/*+었/EP/*+자/EF/*
흘렀으세요,0,0,-500,VV+EP+EF,*,F,흘렀으세요,Inflect,VV,EF,흐르/VV/*+었/EP/*+세요/EF/*
흐르시다,0,0,-500,VV+EP+EF,*,F,흐르시다,Inflect,VV,EF,흐르/VV/*+시/EP/*+다/EF/*
흐르셔요,0,0,-500,VV+EP+EF,*,F,흐르셔요,Inflect,VV,EF,흐르/VV/*+시/EP/*+요/EF/*
흐르십니다,0,0,-500,VV+EP+EF,*,F,흐르십니다,Inflect,VV,EF,흐르/VV/*+시/EP/*+ㅂ니다/EF/*
흐르시습니다,0,0,-500,VV+EP+EF,*,F,흐르시습니다,Inflect,VV,EF,흐르/VV/*+시/EP/*+습니다/EF/*
흐르실까,0,0,-500,VV+EP+EF,*,F,흐르실까,Inflect,VV,EF,흐르/VV/*+시/EP/*+ㄹ까/EF/*
흐르실까요,0,0,-500,VV+EP+EF,*,F,흐르실까요,Inflect,VV,EF,흐르/VV/*+시/EP/*+ㄹ까요/EF/*
흐르실게요,0,0,-500,VV+EP+EF,*,F,흐르실게요,Inflect,VV,EF,흐르/VV/*+시/EP/*+ㄹ게요/EF/*
흐르실게,0,0,-500,VV+EP+EF,*,F,흐르실게,Inflect,VV,EF,흐르/VV/*+시/EP/*+ㄹ게/EF/*
흐르시자,0,0,-500,VV+EP+EF,*,F,흐르시자,Inflect,VV,EF,흐르/VV/*+시/EP/*+자/EF/*
흐르시세요,0,0,-500,VV+EP+EF,*,F,흐르시세요,Inflect,VV,EF,흐르/VV/*+시/EP/*+세요/EF/*
흐르겠다,0,0,-500,VV+EP+EF,*,F,흐르겠다,Inflect,VV,EF,흐르/VV/*+겠/EP/*+다/EF/*
흐르겠어요,0,0,-500,VV+EP+EF,*,F,흐르겠어요,Inflect,VV,EF,흐르/VV/*+겠/EP/*+요/EF/*
흐르겠ㅂ니다,0,0,-500,VV+EP+EF,*,F,흐르겠ㅂ니다,Inflect,VV,EF,흐르/VV/*+겠/EP/*+ㅂ니다/EF/*
흐르겠으습니다,0,0,-500,VV+EP+EF,*,F,흐르겠으습니다,Inflect,VV,EF,흐르/VV/*+겠/EP/*+습니다/EF/*
흐르겠ㄹ까,0,0,-500,VV+EP+EF,*,F,흐르겠ㄹ까,Inflect,VV,EF,흐르/VV/*+겠/EP/*+ㄹ까/EF/*
흐르겠ㄹ까요,0,0,-500,VV+EP+EF,*,F,흐르겠ㄹ까요,Inflect,VV,EF,흐르/VV/*+겠/EP/*+ㄹ까요/EF/*
흐르겠ㄹ게요,0,0,-500,VV+EP+EF,*,F,흐르겠ㄹ게요,Inflect,VV,EF,흐르/VV/*+겠/EP/*+ㄹ게요/EF/*
흐르겠ㄹ게,0,0,-500,VV+EP+EF,*,F,흐르겠ㄹ게,Inflect,VV,EF,흐르/VV/*+겠/EP/*+ㄹ게/EF/*
흐르겠자,0,0,-500,VV+EP+EF,*,F,흐르겠자,Inflect,VV,EF,흐르/VV/*+겠/EP/*+자/EF/*
흐르겠으세요,0,0,-500,VV+EP+EF,*,F,흐르겠으세요,Inflect,VV,EF,흐르/VV/*+겠/EP/*+세요/EF/*
빠르는,0,0,-500,VA+ETM,*,T,빠르는,Inflect,VA,ETM,빠르/VA/*+는/ETM/*
빠른,0,0,-500,VA+ETM,*,T,빠른,Inflect,VA,ETM,빠르/VA/*+ㄴ/ETM/*
빠르은,0,0,-500,VA+ETM,*,T,빠르은,Inflect,VA,ETM,빠르/VA/*+은/ETM/*
빠를,0,0,-500,VA+ETM,*,T,빠를,Inflect,VA,ETM,빠르/VA/*+ㄹ/ETM/*
빠르을,0,0,-500,VA+ETM,*,T,빠르을,Inflect,VA,ETM,빠르/VA/*+을/ETM/*
빠르고,0,0,-500,VA+EC,*,F,빠르고,Inflect,VA,EC,빠르/VA/*+고/EC/*
빨라서,0,0,-500,VA+EC,*,F,빨라서,Inflect,VA,EC,빠르/VA/*+서/EC/*
빠르니까,0,0,-500,VA+EC,*,F,빠르니까,Inflect,VA,EC,빠르/VA/*+니까/EC/*
빠르니,0,0,-500,VA+EC,*,F,빠르니,Inflect,VA,EC,빠르/VA/*+니/EC/*
빠르면,0,0,-500,VA+EC,*,T,빠르면,Inflect,VA,EC,빠르/VA/*+면/EC/*
빠르지만,0,0,-500,VA+EC,*,T,빠르지만,Inflect,VA,EC,빠르/VA/*+지만/EC/*
빠르는데,0,0,-500,VA+EC,*,F,빠르는데,Inflect,VA,EC,빠르/VA/*+는데/EC/*
빠른데,0,0,-500,VA+EC,*,F,빠른데,Inflect,VA,EC,빠르/VA/*+ㄴ데/EC/*
빠르은데,0,0,-500,VA+EC,*,F,빠르은데,Inflect,VA,EC,빠르/VA/*+은데/EC/*
빠르면서,0,0,-500,VA+EC,*,F,빠르면서,Inflect,VA,EC,빠르/VA/*+면서/EC/*
빠르며,0,0,-500,VA+EC,*,F,빠르며,Inflect,VA,EC,빠르/VA/*+며/EC/*
빠르러,0,0,-500,VA+EC,*,F,빠르러,Inflect,VA,EC,빠르/VA/*+러/EC/*
빠르려고,0,0,-500,VA+EC,*,F,빠르려고,Inflect,VA,EC,빠르/VA/*+려고/EC/*
빠르려,0,0,-500,VA+EC,*,F,빠르려,Inflect,VA,EC,빠르/VA/*+려/EC/*
빨라도,0,0,-500,VA+EC,*,F,빨라도,Inflect,VA,EC,빠르/VA/*+도/EC/*
빠르다가,0,0,-500,VA+EC,*,F,빠르다가,Inflect,VA,EC,빠르/VA/*+다가/EC/*
빠르자,0,0,-500,VA+EC,*,F,빠르자,Inflect,VA,EC,빠르/VA/*+자/EC/*
빠르자마자,0,0,-500,VA+EC,*,F,빠르자마자,Inflect,VA,EC,빠르/VA/*+자마자/EC/*
빠르고서,0,0,-500,VA+EC,*,F,빠르고서,Inflect,VA,EC,빠르/VA/*+고서/EC/*
빠르고나서,0,0,-500,VA+EC,*,F,빠르고나서,Inflect,VA,EC,빠르/VA/*+고나서/EC/*
빠르도록,0,0,-500,VA+EC,*,T,빠르도록,Inflect,VA,EC,빠르/VA/*+도록/EC/*
빠르게,0,0,-500,VA+EC,*,F,빠르게,Inflect,VA,EC,빠르/VA/*+게/EC/*
빠르더라도,0,0,-500,VA+EC,*,F,빠르더라도,Inflect,VA,EC,빠르/VA/*+더라도/EC/*
빠를지라도,0,0,-500,VA+EC,*,F,빠를지라도,Inflect,VA,EC,빠르/VA/*+ㄹ지라도/EC/*
빠르을지라도,0,0,-500,VA+EC,*,F,빠르을지라도,Inflect,VA,EC,빠르/VA/*+을지라도/EC/*
빠를수록,0,0,-500,VA+EC,*,T,빠를수록,Inflect,VA,EC,빠르/VA/*+ㄹ수록/EC/*
빠르을수록,0,0,-500,VA+EC,*,T,빠르을수록,Inflect,VA,EC,빠르/VA/*+을수록/EC/*
빠르다고,0,0,-500,VA+EC,*,F,빠르다고,Inflect,VA,EC,빠르/VA/*+다고/EC/*
빠르라고,0,0,-500,VA+EC,*,F,빠르라고,Inflect,VA,EC,빠르/VA/*+라고/EC/*
빠르냐고,0,0,-500,VA+EC,*,F,빠르냐고,Inflect,VA,EC,빠르/VA/*+냐고/EC/*
빠르지,0,0,-500,VA+EC,*,F,빠르지,Inflect,VA,EC,빠르/VA/*+지/EC/*
빠르거나,0,0,-500,VA+EC,*,F,빠르거나,Inflect,VA,EC,빠르/VA/*+거나/EC/*
빠르든지,0,0,-500,VA+EC,*,F,빠르든지,Inflect,VA,EC,빠르/VA/*+든지/EC/*
빠르듯이,0,0,-500,VA+EC,*,F,빠르듯이,Inflect,VA,EC,빠르/VA/*+듯이/EC/*
빠르듯,0,0,-500,VA+EC,*,T,빠르듯,Inflect,VA,EC,빠르/VA/*+듯/EC/*
빠르다,0,0,-500,VA+EF,*,F,빠르다,Inflect,VA,EF,빠르/VA/*+다/EF/*
빨라요,0,0,-500,VA+EF,*,F,빨라요,Inflect,VA,EF,빠르/VA/*+요/EF/*
빠릅니다,0,0,-500,VA+EF,*,F,빠릅니다,Inflect,VA,EF,빠르/VA/*+ㅂ니다/EF/*
빠르습니다,0,0,-500,VA+EF,*,F,빠르습니다,Inflect,VA,EF,빠르/VA/*+습니다/EF/*
빠를까,0,0,-500,VA+EF,*,F,빠를까,Inflect,VA,EF,빠르/VA/*+ㄹ까/EF/*
빠를까요,0,0,-500,VA+EF,*,F,빠를까요,Inflect,VA,EF,빠르/VA/*+ㄹ까요/EF/*
빠를게요,0,0,-500,VA+EF,*,F,빠를게요,Inflect,VA,EF,빠르/VA/*+ㄹ게요/EF/*
빠를게,0,0,-500,VA+EF,*,F,빠를게,Inflect,VA,EF,빠르/VA/*+ㄹ게/EF/*
빠르자,0,0,-500,VA+EF,*,F,빠르자,Inflect,VA,EF,빠르/VA/*+자/EF/*
빠르세요,0,0,-500,VA+EF,*,F,빠르세요,Inflect,VA,EF,빠르/VA/*+세요/EF/*
빨랐다,0,0,-500,VA+EP+EF,*,F,빨랐다,Inflect,VA,EF,빠르/VA/*+았/EP/*+다/EF/*
빨랐아요,0,0,-500,VA+EP+EF,*,F,빨랐아요,Inflect,VA,EF,빠르/VA/*+았/EP/*+요/EF/*
빨랐ㅂ니다,0,0,-500,VA+EP+EF,*,F,빨랐ㅂ니다,Inflect,VA,EF,빠르/VA/*+았/EP/*+ㅂ니다/EF/*
빨랐으습니다,0,0,-500,VA+EP+EF,*,F,빨랐으습니다,Inflect,VA,EF,빠르/VA/*+았/EP/*+습니다/EF/*
빨랐ㄹ까,0,0,-500,VA+EP+EF,*,F,빨랐ㄹ까,Inflect,VA,EF,빠르/VA/*+았/EP/*+ㄹ까/EF/*
빨랐ㄹ까요,0,0,-500,VA+EP+EF,*,F,빨랐ㄹ까요,Inflect,VA,EF,빠르/VA/*+았/EP/*+ㄹ까요/EF/*
빨랐ㄹ게요,0,0,-500,VA+EP+EF,*,F,빨랐ㄹ게요,Inflect,VA,EF,빠르/VA/*+았/EP/*+ㄹ게요/EF/*
빨랐ㄹ게,0,0,-500,VA+EP+EF,*,F,빨랐ㄹ게,Inflect,VA,EF,빠르/VA/*+았/EP/*+ㄹ게/EF/*
빨랐자,0,0,-500,VA+EP+EF,*,F,빨랐자,Inflect,VA,EF,빠르/VA/*+았/EP/*+자/EF/*
빨랐으세요,0,0,-500,VA+EP+EF,*,F,빨랐으세요,Inflect,VA,EF,빠르/VA/*+았/EP/*+세요/EF/*
빨랐다,0,0,-500,VA+EP+EF,*,F,빨랐다,Inflect,VA,EF,빠르/VA/*+었/EP/*+다/EF/*
빨랐아요,0,0,-500,VA+EP+EF,*,F,빨랐아요,Inflect,VA,EF,빠르/VA/*+었/EP/*+요/EF/*
빨랐ㅂ니다,0,0,-500,VA+EP+EF,*,F,빨랐ㅂ니다,Inflect,VA,EF,빠르/VA/*+었/EP/*+ㅂ니다/EF/*
빨랐으습니다,0,0,-500,VA+EP+EF,*,F,빨랐으습니다,Inflect,VA,EF,빠르/VA/*+었/EP/*+습니다/EF/*
빨랐ㄹ까,0,0,-500,VA+EP+EF,*,F,빨랐ㄹ까,Inflect,VA,EF,빠르/VA/*+었/EP/*+ㄹ까/EF/*
빨랐ㄹ까요,0,0,-500,VA+EP+EF,*,F,빨랐ㄹ까요,Inflect,VA,EF,빠르/VA/*+었/EP/*+ㄹ까요/EF/*
빨랐ㄹ게요,0,0,-500,VA+EP+EF,*,F,빨랐ㄹ게요,Inflect,VA,EF,빠르/VA/*+었/EP/*+ㄹ게요/EF/*
빨랐ㄹ게,0,0,-500,VA+EP+EF,*,F,빨랐ㄹ게,Inflect,VA,EF,빠르/VA/*+었/EP/*+ㄹ게/EF/*
빨랐자,0,0,-500,VA+EP+EF,*,F,빨랐자,Inflect,VA,EF,빠르/VA/*+었/EP/*+자/EF/*
빨랐으세요,0,0,-500,VA+EP+EF,*,F,빨랐으세요,Inflect,VA,EF,빠르/VA/*+었/EP/*+세요/EF/*
빠르시다,0,0,-500,VA+EP+EF,*,F,빠르시다,Inflect,VA,EF,빠르/VA/*+시/EP/*+다/EF/*
빠르셔요,0,0,-500,VA+EP+EF,*,F,빠르셔요,Inflect,VA,EF,빠르/VA/*+시/EP/*+요/EF/*
빠르십니다,0,0,-500,VA+EP+EF,*,F,빠르십니다,Inflect,VA,EF,빠르/VA/*+시/EP/*+ㅂ니다/EF/*
빠르시습니다,0,0,-500,VA+EP+EF,*,F,빠르시습니다,Inflect,VA,EF,빠르/VA/*+시/EP/*+습니다/EF/*
빠르실까,0,0,-500,VA+EP+EF,*,F,빠르실까,Inflect,VA,EF,빠르/VA/*+시/EP/*+ㄹ까/EF/*
빠르실까요,0,0,-500,VA+EP+EF,*,F,빠르실까요,Inflect,VA,EF,빠르/VA/*+시/EP/*+ㄹ까요/EF/*
빠르실게요,0,0,-500,VA+EP+EF,*,F,빠르실게요,Inflect,VA,EF,빠르/VA/*+시/EP/*+ㄹ게요/EF/*
빠르실게,0,0,-500,VA+EP+EF,*,F,빠르실게,Inflect,VA,EF,빠르/VA/*+시/EP/*+ㄹ게/EF/*
빠르시자,0,0,-500,VA+EP+EF,*,F,빠르시자,Inflect,VA,EF,빠르/VA/*+시/EP/*+자/EF/*
빠르시세요,0,0,-500,VA+EP+EF,*,F,빠르시세요,Inflect,VA,EF,빠르/VA/*+시/EP/*+세요/EF/*
빠르겠다,0,0,-500,VA+EP+EF,*,F,빠르겠다,Inflect,VA,EF,빠르/VA/*+겠/EP/*+다/EF/*
빠르겠어요,0,0,-500,VA+EP+EF,*,F,빠르겠어요,Inflect,VA,EF,빠르/VA/*+겠/EP/*+요/EF/*
빠르겠ㅂ니다,0,0,-500,VA+EP+EF,*,F,빠르겠ㅂ니다,Inflect,VA,EF,빠르/VA/*+겠/EP/*+ㅂ니다/EF/*
빠르겠으습니다,0,0,-500,VA+EP+EF,*,F,빠르겠으습니다,Inflect,VA,EF,빠르/VA/*+겠/EP/*+습니다/EF/*
빠르겠ㄹ까,0,0,-500,VA+EP+EF,*,F,빠르겠ㄹ까,Inflect,VA,EF,빠르/VA/*+겠/EP/*+ㄹ까/EF/*
빠르겠ㄹ까요,0,0,-500,VA+EP+EF,*,F,빠르겠ㄹ까요,Inflect,VA,EF,빠르/VA/*+겠/EP/*+ㄹ까요/EF/*
빠르겠ㄹ게요,0,0,-500,VA+EP+EF,*,F,빠르겠ㄹ게요,Inflect,VA,EF,빠르/VA/*+겠/EP/*+ㄹ게요/EF/*
빠르겠ㄹ게,0,0,-500,VA+EP+EF,*,F,빠르겠ㄹ게,Inflect,VA,EF,빠르/VA/*+겠/EP/*+ㄹ게/EF/*
빠르겠자,0,0,-500,VA+EP+EF,*,F,빠르겠자,Inflect,VA,EF,빠르/VA/*+겠/EP/*+자/EF/*
빠르겠으세요,0,0,-500,VA+EP+EF,*,F,빠르겠으세요,Inflect,VA,EF,빠르/VA/*+겠/EP/*+세요/EF/*
다르는,0,0,-500,VA+ETM,*,T,다르는,Inflect,VA,ETM,다르/VA/*+는/ETM/*
다른,0,0,-500,VA+ETM,*,T,다른,Inflect,VA,ETM,다르/VA/*+ㄴ/ETM/*
다르은,0,0,-500,VA+ETM,*,T,다르은,Inflect,VA,ETM,다르/VA/*+은/ETM/*
다를,0,0,-500,VA+ETM,*,T,다를,Inflect,VA,ETM,다르/VA/*+ㄹ/ETM/*
다르을,0,0,-500,VA+ETM,*,T,다르을,Inflect,VA,ETM,다르/VA/*+을/ETM/*
다르고,0,0,-500,VA+EC,*,F,다르고,Inflect,VA,EC,다르/VA/*+고/EC/*
달라서,0,0,-500,VA+EC,*,F,달라서,Inflect,VA,EC,다르/VA/*+서/EC/*
다르니까,0,0,-500,VA+EC,*,F,다르니까,Inflect,VA,EC,다르/VA/*+니까/EC/*
다르니,0,0,-500,VA+EC,*,F,다르니,Inflect,VA,EC,다르/VA/*+니/EC/*
다르면,0,0,-500,VA+EC,*,T,다르면,Inflect,VA,EC,다르/VA/*+면/EC/*
다르지만,0,0,-500,VA+EC,*,T,다르지만,Inflect,VA,EC,다르/VA/*+지만/EC/*
다르는데,0,0,-500,VA+EC,*,F,다르는데,Inflect,VA,EC,다르/VA/*+는데/EC/*
다른데,0,0,-500,VA+EC,*,F,다른데,Inflect,VA,EC,다르/VA/*+ㄴ데/EC/*
다르은데,0,0,-500,VA+EC,*,F,다르은데,Inflect,VA,EC,다르/VA/*+은데/EC/*
다르면서,0,0,-500,VA+EC,*,F,다르면서,Inflect,VA,EC,다르/VA/*+면서/EC/*
다르며,0,0,-500,VA+EC,*,F,다르며,Inflect,VA,EC,다르/VA/*+며/EC/*
다르러,0,0,-500,VA+EC,*,F,다르러,Inflect,VA,EC,다르/VA/*+러/EC/*
다르려고,0,0,-500,VA+EC,*,F,다르려고,Inflect,VA,EC,다르/VA/*+려고/EC/*
다르려,0,0,-500,VA+EC,*,F,다르려,Inflect,VA,EC,다르/VA/*+려/EC/*
달라도,0,0,-500,VA+EC,*,F,달라도,Inflect,VA,EC,다르/VA/*+도/EC/*
다르다가,0,0,-500,VA+EC,*,F,다르다가,Inflect,VA,EC,다르/VA/*+다가/EC/*
다르자,0,0,-500,VA+EC,*,F,다르자,Inflect,VA,EC,다르/VA/*+자/EC/*
다르자마자,0,0,-500,VA+EC,*,F,다르자마자,Inflect,VA,EC,다르/VA/*+자마자/EC/*
다르고서,0,0,-500,VA+EC,*,F,다르고서,Inflect,VA,EC,다르/VA/*+고서/EC/*
다르고나서,0,0,-500,VA+EC,*,F,다르고나서,Inflect,VA,EC,다르/VA/*+고나서/EC/*
다르도록,0,0,-500,VA+EC,*,T,다르도록,Inflect,VA,EC,다르/VA/*+도록/EC/*
다르게,0,0,-500,VA+EC,*,F,다르게,Inflect,VA,EC,다르/VA/*+게/EC/*
다르더라도,0,0,-500,VA+EC,*,F,다르더라도,Inflect,VA,EC,다르/VA/*+더라도/EC/*
다를지라도,0,0,-500,VA+EC,*,F,다를지라도,Inflect,VA,EC,다르/VA/*+ㄹ지라도/EC/*
다르을지라도,0,0,-500,VA+EC,*,F,다르을지라도,Inflect,VA,EC,다르/VA/*+을지라도/EC/*
다를수록,0,0,-500,VA+EC,*,T,다를수록,Inflect,VA,EC,다르/VA/*+ㄹ수록/EC/*
다르을수록,0,0,-500,VA+EC,*,T,다르을수록,Inflect,VA,EC,다르/VA/*+을수록/EC/*
다르다고,0,0,-500,VA+EC,*,F,다르다고,Inflect,VA,EC,다르/VA/*+다고/EC/*
다르라고,0,0,-500,VA+EC,*,F,다르라고,Inflect,VA,EC,다르/VA/*+라고/EC/*
다르냐고,0,0,-500,VA+EC,*,F,다르냐고,Inflect,VA,EC,다르/VA/*+냐고/EC/*
다르지,0,0,-500,VA+EC,*,F,다르지,Inflect,VA,EC,다르/VA/*+지/EC/*
다르거나,0,0,-500,VA+EC,*,F,다르거나,Inflect,VA,EC,다르/VA/*+거나/EC/*
다르든지,0,0,-500,VA+EC,*,F,다르든지,Inflect,VA,EC,다르/VA/*+든지/EC/*
다르듯이,0,0,-500,VA+EC,*,F,다르듯이,Inflect,VA,EC,다르/VA/*+듯이/EC/*
다르듯,0,0,-500,VA+EC,*,T,다르듯,Inflect,VA,EC,다르/VA/*+듯/EC/*
다르다,0,0,-500,VA+EF,*,F,다르다,Inflect,VA,EF,다르/VA/*+다/EF/*
달라요,0,0,-500,VA+EF,*,F,달라요,Inflect,VA,EF,다르/VA/*+요/EF/*
다릅니다,0,0,-500,VA+EF,*,F,다릅니다,Inflect,VA,EF,다르/VA/*+ㅂ니다/EF/*
다르습니다,0,0,-500,VA+EF,*,F,다르습니다,Inflect,VA,EF,다르/VA/*+습니다/EF/*
다를까,0,0,-500,VA+EF,*,F,다를까,Inflect,VA,EF,다르/VA/*+ㄹ까/EF/*
다를까요,0,0,-500,VA+EF,*,F,다를까요,Inflect,VA,EF,다르/VA/*+ㄹ까요/EF/*
다를게요,0,0,-500,VA+EF,*,F,다를게요,Inflect,VA,EF,다르/VA/*+ㄹ게요/EF/*
다를게,0,0,-500,VA+EF,*,F,다를게,Inflect,VA,EF,다르/VA/*+ㄹ게/EF/*
다르자,0,0,-500,VA+EF,*,F,다르자,Inflect,VA,EF,다르/VA/*+자/EF/*
다르세요,0,0,-500,VA+EF,*,F,다르세요,Inflect,VA,EF,다르/VA/*+세요/EF/*
달랐다,0,0,-500,VA+EP+EF,*,F,달랐다,Inflect,VA,EF,다르/VA/*+았/EP/*+다/EF/*
달랐아요,0,0,-500,VA+EP+EF,*,F,달랐아요,Inflect,VA,EF,다르/VA/*+았/EP/*+요/EF/*
달랐ㅂ니다,0,0,-500,VA+EP+EF,*,F,달랐ㅂ니다,Inflect,VA,EF,다르/VA/*+았/EP/*+ㅂ니다/EF/*
달랐으습니다,0,0,-500,VA+EP+EF,*,F,달랐으습니다,Inflect,VA,EF,다르/VA/*+았/EP/*+습니다/EF/*
달랐ㄹ까,0,0,-500,VA+EP+EF,*,F,달랐ㄹ까,Inflect,VA,EF,다르/VA/*+았/EP/*+ㄹ까/EF/*
달랐ㄹ까요,0,0,-500,VA+EP+EF,*,F,달랐ㄹ까요,Inflect,VA,EF,다르/VA/*+았/EP/*+ㄹ까요/EF/*
달랐ㄹ게요,0,0,-500,VA+EP+EF,*,F,달랐ㄹ게요,Inflect,VA,EF,다르/VA/*+았/EP/*+ㄹ게요/EF/*
달랐ㄹ게,0,0,-500,VA+EP+EF,*,F,달랐ㄹ게,Inflect,VA,EF,다르/VA/*+았/EP/*+ㄹ게/EF/*
달랐자,0,0,-500,VA+EP+EF,*,F,달랐자,Inflect,VA,EF,다르/VA/*+았/EP/*+자/EF/*
달랐으세요,0,0,-500,VA+EP+EF,*,F,달랐으세요,Inflect,VA,EF,다르/VA/*+았/EP/*+세요/EF/*
달랐다,0,0,-500,VA+EP+EF,*,F,달랐다,Inflect,VA,EF,다르/VA/*+었/EP/*+다/EF/*
달랐아요,0,0,-500,VA+EP+EF,*,F,달랐아요,Inflect,VA,EF,다르/VA/*+었/EP/*+요/EF/*
달랐ㅂ니다,0,0,-500,VA+EP+EF,*,F,달랐ㅂ니다,Inflect,VA,EF,다르/VA/*+었/EP/*+ㅂ니다/EF/*
달랐으습니다,0,0,-500,VA+EP+EF,*,F,달랐으습니다,Inflect,VA,EF,다르/VA/*+었/EP/*+습니다/EF/*
달랐ㄹ까,0,0,-500,VA+EP+EF,*,F,달랐ㄹ까,Inflect,VA,EF,다르/VA/*+었/EP/*+ㄹ까/EF/*
달랐ㄹ까요,0,0,-500,VA+EP+EF,*,F,달랐ㄹ까요,Inflect,VA,EF,다르/VA/*+었/EP/*+ㄹ까요/EF/*
달랐ㄹ게요,0,0,-500,VA+EP+EF,*,F,달랐ㄹ게요,Inflect,VA,EF,다르/VA/*+었/EP/*+ㄹ게요/EF/*
달랐ㄹ게,0,0,-500,VA+EP+EF,*,F,달랐ㄹ게,Inflect,VA,EF,다르/VA/*+었/EP/*+ㄹ게/EF/*
달랐자,0,0,-500,VA+EP+EF,*,F,달랐자,Inflect,VA,EF,다르/VA/*+었/EP/*+자/EF/*
달랐으세요,0,0,-500,VA+EP+EF,*,F,달랐으세요,Inflect,VA,EF,다르/VA/*+었/EP/*+세요/EF/*
다르시다,0,0,-500,VA+EP+EF,*,F,다르시다,Inflect,VA,EF,다르/VA/*+시/EP/*+다/EF/*
다르셔요,0,0,-500,VA+EP+EF,*,F,다르셔요,Inflect,VA,EF,다르/VA/*+시/EP/*+요/EF/*
다르십니다,0,0,-500,VA+EP+EF,*,F,다르십니다,Inflect,VA,EF,다르/VA/*+시/EP/*+ㅂ니다/EF/*
다르시습니다,0,0,-500,VA+EP+EF,*,F,다르시습니다,Inflect,VA,EF,다르/VA/*+시/EP/*+습니다/EF/*
다르실까,0,0,-500,VA+EP+EF,*,F,다르실까,Inflect,VA,EF,다르/VA/*+시/EP/*+ㄹ까/EF/*
다르실까요,0,0,-500,VA+EP+EF,*,F,다르실까요,Inflect,VA,EF,다르/VA/*+시/EP/*+ㄹ까요/EF/*
다르실게요,0,0,-500,VA+EP+EF,*,F,다르실게요,Inflect,VA,EF,다르/VA/*+시/EP/*+ㄹ게요/EF/*
다르실게,0,0,-500,VA+EP+EF,*,F,다르실게,Inflect,VA,EF,다르/VA/*+시/EP/*+ㄹ게/EF/*
다르시자,0,0,-500,VA+EP+EF,*,F,다르시자,Inflect,VA,EF,다르/VA/*+시/EP/*+자/EF/*
다르시세요,0,0,-500,VA+EP+EF,*,F,다르시세요,Inflect,VA,EF,다르/VA/*+시/EP/*+세요/EF/*
다르겠다,0,0,-500,VA+EP+EF,*,F,다르겠다,Inflect,VA,EF,다르/VA/*+겠/EP/*+다/EF/*
다르겠어요,0,0,-500,VA+EP+EF,*,F,다르겠어요,Inflect,VA,EF,다르/VA/*+겠/EP/*+요/EF/*
다르겠ㅂ니다,0,0,-500,VA+EP+EF,*,F,다르겠ㅂ니다,Inflect,VA,EF,다르/VA/*+겠/EP/*+ㅂ니다/EF/*
다르겠으습니다,0,0,-500,VA+EP+EF,*,F,다르겠으습니다,Inflect,VA,EF,다르/VA/*+겠/EP/*+습니다/EF/*
다르겠ㄹ까,0,0,-500,VA+EP+EF,*,F,다르겠ㄹ까,Inflect,VA,EF,다르/VA/*+겠/EP/*+ㄹ까/EF/*
다르겠ㄹ까요,0,0,-500,VA+EP+EF,*,F,다르겠ㄹ까요,Inflect,VA,EF,다르/VA/*+겠/EP/*+ㄹ까요/EF/*
다르겠ㄹ게요,0,0,-500,VA+EP+EF,*,F,다르겠ㄹ게요,Inflect,VA,EF,다르/VA/*+겠/EP/*+ㄹ게요/EF/*
다르겠ㄹ게,0,0,-500,VA+EP+EF,*,F,다르겠ㄹ게,Inflect,VA,EF,다르/VA/*+겠/EP/*+ㄹ게/EF/*
다르겠자,0,0,-500,VA+EP+EF,*,F,다르겠자,Inflect,VA,EF,다르/VA/*+겠/EP/*+자/EF/*
다르겠으세요,0,0,-500,VA+EP+EF,*,F,다르겠으세요,Inflect,VA,EF,다르/VA/*+겠/EP/*+세요/EF/*
낫는,0,0,-500,VV+ETM,*,T,낫는,Inflect,VV,ETM,낫/VV/*+는/ETM/*
낫ㄴ,0,0,-500,VV+ETM,*,F,낫ㄴ,Inflect,VV,ETM,낫/VV/*+ㄴ/ETM/*
낫으은,0,0,-500,VV+ETM,*,T,낫으은,Inflect,VV,ETM,낫/VV/*+은/ETM/*
낫ㄹ,0,0,-500,VV+ETM,*,F,낫ㄹ,Inflect,VV,ETM,낫/VV/*+ㄹ/ETM/*
낫으을,0,0,-500,VV+ETM,*,T,낫으을,Inflect,VV,ETM,낫/VV/*+을/ETM/*
낫고,0,0,-500,VV+EC,*,F,낫고,Inflect,VV,EC,낫/VV/*+고/EC/*
나아서,0,0,-500,VV+EC,*,F,나아서,Inflect,VV,EC,낫/VV/*+서/EC/*
낫으니까,0,0,-500,VV+EC,*,F,낫으니까,Inflect,VV,EC,낫/VV/*+니까/EC/*
낫으니,0,0,-500,VV+EC,*,F,낫으니,Inflect,VV,EC,낫/VV/*+니/EC/*
낫으면,0,0,-500,VV+EC,*,T,낫으면,Inflect,VV,EC,낫/VV/*+면/EC/*
낫지만,0,0,-500,VV+EC,*,T,낫지만,Inflect,VV,EC,낫/VV/*+지만/EC/*
낫는데,0,0,-500,VV+EC,*,F,낫는데,Inflect,VV,EC,낫/VV/*+는데/EC/*
낫ㄴ데,0,0,-500,VV+EC,*,F,낫ㄴ데,Inflect,VV,EC,낫/VV/*+ㄴ데/EC/*
낫으은데,0,0,-500,VV+EC,*,F,낫으은데,Inflect,VV,EC,낫/VV/*+은데/EC/*
낫으면서,0,0,-500,VV+EC,*,F,낫으면서,Inflect,VV,EC,낫/VV/*+면서/EC/*
낫으며,0,0,-500,VV+EC,*,F,낫으며,Inflect,VV,EC,낫/VV/*+며/EC/*
낫으러,0,0,-500,VV+EC,*,F,낫으러,Inflect,VV,EC,낫/VV/*+러/EC/*
낫으려고,0,0,-500,VV+EC,*,F,낫으려고,Inflect,VV,EC,낫/VV/*+려고/EC/*
낫으려,0,0,-500,VV+EC,*,F,낫으려,Inflect,VV,EC,낫/VV/*+려/EC/*
나아도,0,0,-500,VV+EC,*,F,나아도,Inflect,VV,EC,낫/VV/*+도/EC/*
낫다가,0,0,-500,VV+EC,*,F,낫다가,Inflect,VV,EC,낫/VV/*+다가/EC/*
낫자,0,0,-500,VV+EC,*,F,낫자,Inflect,VV,EC,낫/VV/*+자/EC/*
낫자마자,0,0,-500,VV+EC,*,F,낫자마자,Inflect,VV,EC,낫/VV/*+자마자/EC/*
낫고서,0,0,-500,VV+EC,*,F,낫고서,Inflect,VV,EC,낫/VV/*+고서/EC/*
낫고나서,0,0,-500,VV+EC,*,F,낫고나서,Inflect,VV,EC,낫/VV/*+고나서/EC/*
낫도록,0,0,-500,VV+EC,*,T,낫도록,Inflect,VV,EC,낫/VV/*+도록/EC/*
낫게,0,0,-500,VV+EC,*,F,낫게,Inflect,VV,EC,낫/VV/*+게/EC/*
낫더라도,0,0,-500,VV+EC,*,F,낫더라도,Inflect,VV,EC,낫/VV/*+더라도/EC/*
낫ㄹ지라도,0,0,-500,VV+EC,*,F,낫ㄹ지라도,Inflect,VV,EC,낫/VV/*+ㄹ지라도/EC/*
낫으을지라도,0,0,-500,VV+EC,*,F,낫으을지라도,Inflect,VV,EC,낫/VV/*+을지라도/EC/*
낫ㄹ수록,0,0,-500,VV+EC,*,T,낫ㄹ수록,Inflect,VV,EC,낫/VV/*+ㄹ수록/EC/*
낫으을수록,0,0,-500,VV+EC,*,T,낫으을수록,Inflect,VV,EC,낫/VV/*+을수록/EC/*
낫다고,0,0,-500,VV+EC,*,F,낫다고,Inflect,VV,EC,낫/VV/*+다고/EC/*
낫라고,0,0,-500,VV+EC,*,F,낫라고,Inflect,VV,EC,낫/VV/*+라고/EC/*
낫냐고,0,0,-500,VV+EC,*,F,낫냐고,Inflect,VV,EC,낫/VV/*+냐고/EC/*
낫지,0,0,-500,VV+EC,*,F,낫지,Inflect,VV,EC,낫/VV/*+지/EC/*
낫거나,0,0,-500,VV+EC,*,F,낫거나,Inflect,VV,EC,낫/VV/*+거나/EC/*
낫든지,0,0,-500,VV+EC,*,F,낫든지,Inflect,VV,EC,낫/VV/*+든지/EC/*
낫듯이,0,0,-500,VV+EC,*,F,낫듯이,Inflect,VV,EC,낫/VV/*+듯이/EC/*
낫듯,0,0,-500,VV+EC,*,T,낫듯,Inflect,VV,EC,낫/VV/*+듯/EC/*
낫다,0,0,-500,VV+EF,*,F,낫다,Inflect,VV,EF,낫/VV/*+다/EF/*
나아요,0,0,-500,VV+EF,*,F,나아요,Inflect,VV,EF,낫/VV/*+요/EF/*
낫ㅂ니다,0,0,-500,VV+EF,*,F,낫ㅂ니다,Inflect,VV,EF,낫/VV/*+ㅂ니다/EF/*
낫으습니다,0,0,-500,VV+EF,*,F,낫으습니다,Inflect,VV,EF,낫/VV/*+습니다/EF/*
낫ㄹ까,0,0,-500,VV+EF,*,F,낫ㄹ까,Inflect,VV,EF,낫/VV/*+ㄹ까/EF/*
낫ㄹ까요,0,0,-500,VV+EF,*,F,낫ㄹ까요,Inflect,VV,EF,낫/VV/*+ㄹ까요/EF/*
낫ㄹ게요,0,0,-500,VV+EF,*,F,낫ㄹ게요,Inflect,VV,EF,낫/VV/*+ㄹ게요/EF/*
낫ㄹ게,0,0,-500,VV+EF,*,F,낫ㄹ게,Inflect,VV,EF,낫/VV/*+ㄹ게/EF/*
낫자,0,0,-500,VV+EF,*,F,낫자,Inflect,VV,EF,낫/VV/*+자/EF/*
낫으세요,0,0,-500,VV+EF,*,F,낫으세요,Inflect,VV,EF,낫/VV/*+세요/EF/*
났다,0,0,-500,VV+EP+EF,*,F,났다,Inflect,VV,EF,낫/VV/*+았/EP/*+다/EF/*
났아요,0,0,-500,VV+EP+EF,*,F,났아요,Inflect,VV,EF,낫/VV/*+았/EP/*+요/EF/*
났ㅂ니다,0,0,-500,VV+EP+EF,*,F,났ㅂ니다,Inflect,VV,EF,낫/VV/*+았/EP/*+ㅂ니다/EF/*
났으습니다,0,0,-500,VV+EP+EF,*,F,났으습니다,Inflect,VV,EF,낫/VV/*+았/EP/*+습니다/EF/*
났ㄹ까,0,0,-500,VV+EP+EF,*,F,났ㄹ까,Inflect,VV,EF,낫/VV/*+았/EP/*+ㄹ까/EF/*
났ㄹ까요,0,0,-500,VV+EP+EF,*,F,났ㄹ까요,Inflect,VV,EF,낫/VV/*+았/EP/*+ㄹ까요/EF/*
났ㄹ게요,0,0,-500,VV+EP+EF,*,F,났ㄹ게요,Inflect,VV,EF,낫/VV/*+았/EP/*+ㄹ게요/EF/*
났ㄹ게,0,0,-500,VV+EP+EF,*,F,났ㄹ게,Inflect,VV,EF,낫/VV/*+았/EP/*+ㄹ게/EF/*
났자,0,0,-500,VV+EP+EF,*,F,났자,Inflect,VV,EF,낫/VV/*+았/EP/*+자/EF/*
났으세요,0,0,-500,VV+EP+EF,*,F,났으세요,Inflect,VV,EF,낫/VV/*+았/EP/*+세요/EF/*
났다,0,0,-500,VV+EP+EF,*,F,났다,Inflect,VV,EF,낫/VV/*+었/EP/*+다/EF/*
났어요,0,0,-500,VV+EP+EF,*,F,났어요,Inflect,VV,EF,낫/VV/*+었/EP/*+요/EF/*
났ㅂ니다,0,0,-500,VV+EP+EF,*,F,났ㅂ니다,Inflect,VV,EF,낫/VV/*+었/EP/*+ㅂ니다/EF/*
났으습니다,0,0,-500,VV+EP+EF,*,F,났으습니다,Inflect,VV,EF,낫/VV/*+었/EP/*+습니다/EF/*
났ㄹ까,0,0,-500,VV+EP+EF,*,F,났ㄹ까,Inflect,VV,EF,낫/VV/*+었/EP/*+ㄹ까/EF/*
났ㄹ까요,0,0,-500,VV+EP+EF,*,F,났ㄹ까요,Inflect,VV,EF,낫/VV/*+었/EP/*+ㄹ까요/EF/*
났ㄹ게요,0,0,-500,VV+EP+EF,*,F,났ㄹ게요,Inflect,VV,EF,낫/VV/*+었/EP/*+ㄹ게요/EF/*
났ㄹ게,0,0,-500,VV+EP+EF,*,F,났ㄹ게,Inflect,VV,EF,낫/VV/*+었/EP/*+ㄹ게/EF/*
났자,0,0,-500,VV+EP+EF,*,F,났자,Inflect,VV,EF,낫/VV/*+었/EP/*+자/EF/*
났으세요,0,0,-500,VV+EP+EF,*,F,났으세요,Inflect,VV,EF,낫/VV/*+었/EP/*+세요/EF/*
낫으시다,0,0,-500,VV+EP+EF,*,F,낫으시다,Inflect,VV,EF,낫/VV/*+시/EP/*+다/EF/*
낫으셔요,0,0,-500,VV+EP+EF,*,F,낫으셔요,Inflect,VV,EF,낫/VV/*+시/EP/*+요/EF/*
낫으십니다,0,0,-500,VV+EP+EF,*,F,낫으십니다,Inflect,VV,EF,낫/VV/*+시/EP/*+ㅂ니다/EF/*
낫으시습니다,0,0,-500,VV+EP+EF,*,F,낫으시습니다,Inflect,VV,EF,낫/VV/*+시/EP/*+습니다/EF/*
낫으실까,0,0,-500,VV+EP+EF,*,F,낫으실까,Inflect,VV,EF,낫/VV/*+시/EP/*+ㄹ까/EF/*
낫으실까요,0,0,-500,VV+EP+EF,*,F,낫으실까요,Inflect,VV,EF,낫/VV/*+시/EP/*+ㄹ까요/EF/*
낫으실게요,0,0,-500,VV+EP+EF,*,F,낫으실게요,Inflect,VV,EF,낫/VV/*+시/EP/*+ㄹ게요/EF/*
낫으실게,0,0,-500,VV+EP+EF,*,F,낫으실게,Inflect,VV,EF,낫/VV/*+시/EP/*+ㄹ게/EF/*
낫으시자,0,0,-500,VV+EP+EF,*,F,낫으시자,Inflect,VV,EF,낫/VV/*+시/EP/*+자/EF/*
낫으시세요,0,0,-500,VV+EP+EF,*,F,낫으시세요,Inflect,VV,EF,낫/VV/*+시/EP/*+세요/EF/*
낫겠다,0,0,-500,VV+EP+EF,*,F,낫겠다,Inflect,VV,EF,낫/VV/*+겠/EP/*+다/EF/*
낫겠어요,0,0,-500,VV+EP+EF,*,F,낫겠어요,Inflect,VV,EF,낫/VV/*+겠/EP/*+요/EF/*
낫겠ㅂ니다,0,0,-500,VV+EP+EF,*,F,낫겠ㅂ니다,Inflect,VV,EF,낫/VV/*+겠/EP/*+ㅂ니다/EF/*
낫겠으습니다,0,0,-500,VV+EP+EF,*,F,낫겠으습니다,Inflect,VV,EF,낫/VV/*+겠/EP/*+습니다/EF/*
낫겠ㄹ까,0,0,-500,VV+EP+EF,*,F,낫겠ㄹ까,Inflect,VV,EF,낫/VV/*+겠/EP/*+ㄹ까/EF/*
낫겠ㄹ까요,0,0,-500,VV+EP+EF,*,F,낫겠ㄹ까요,Inflect,VV,EF,낫/VV/*+겠/EP/*+ㄹ까요/EF/*
낫겠ㄹ게요,0,0,-500,VV+EP+EF,*,F,낫겠ㄹ게요,Inflect,VV,EF,낫/VV/*+겠/EP/*+ㄹ게요/EF/*
낫겠ㄹ게,0,0,-500,VV+EP+EF,*,F,낫겠ㄹ게,Inflect,VV,EF,낫/VV/*+겠/EP/*+ㄹ게/EF/*
낫겠자,0,0,-500,VV+EP+EF,*,F,낫겠자,Inflect,VV,EF,낫/VV/*+겠/EP/*+자/EF/*
낫겠으세요,0,0,-500,VV+EP+EF,*,F,낫겠으세요,Inflect,VV,EF,낫/VV/*+겠/EP/*+세요/EF/*
짓는,0,0,-500,VV+ETM,*,T,짓는,Inflect,VV,ETM,짓/VV/*+는/ETM/*
짓ㄴ,0,0,-500,VV+ETM,*,F,짓ㄴ,Inflect,VV,ETM,짓/VV/*+ㄴ/ETM/*
짓으은,0,0,-500,VV+ETM,*,T,짓으은,Inflect,VV,ETM,짓/VV/*+은/ETM/*
짓ㄹ,0,0,-500,VV+ETM,*,F,짓ㄹ,Inflect,VV,ETM,짓/VV/*+ㄹ/ETM/*
짓으을,0,0,-500,VV+ETM,*,T,짓으을,Inflect,VV,ETM,짓/VV/*+을/ETM/*
짓고,0,0,-500,VV+EC,*,F,짓고,Inflect,VV,EC,짓/VV/*+고/EC/*
지어서,0,0,-500,VV+EC,*,F,지어서,Inflect,VV,EC,짓/VV/*+서/EC/*
짓으니까,0,0,-500,VV+EC,*,F,짓으니까,Inflect,VV,EC,짓/VV/*+니까/EC/*
짓으니,0,0,-500,VV+EC,*,F,짓으니,Inflect,VV,EC,짓/VV/*+니/EC/*
짓으면,0,0,-500,VV+EC,*,T,짓으면,Inflect,VV,EC,짓/VV/*+면/EC/*
짓지만,0,0,-500,VV+EC,*,T,짓지만,Inflect,VV,EC,짓/VV/*+지만/EC/*
짓는데,0,0,-500,VV+EC,*,F,짓는데,Inflect,VV,EC,짓/VV/*+는데/EC/*
짓ㄴ데,0,0,-500,VV+EC,*,F,짓ㄴ데,Inflect,VV,EC,짓/VV/*+ㄴ데/EC/*
짓으은데,0,0,-500,VV+EC,*,F,짓으은데,Inflect,VV,EC,짓/VV/*+은데/EC/*
짓으면서,0,0,-500,VV+EC,*,F,짓으면서,Inflect,VV,EC,짓/VV/*+면서/EC/*
짓으며,0,0,-500,VV+EC,*,F,짓으며,Inflect,VV,EC,짓/VV/*+며/EC/*
짓으러,0,0,-500,VV+EC,*,F,짓으러,Inflect,VV,EC,짓/VV/*+러/EC/*
짓으려고,0,0,-500,VV+EC,*,F,짓으려고,Inflect,VV,EC,짓/VV/*+려고/EC/*
짓으려,0,0,-500,VV+EC,*,F,짓으려,Inflect,VV,EC,짓/VV/*+려/EC/*
지어도,0,0,-500,VV+EC,*,F,지어도,Inflect,VV,EC,짓/VV/*+도/EC/*
짓다가,0,0,-500,VV+EC,*,F,짓다가,Inflect,VV,EC,짓/VV/*+다가/EC/*
짓자,0,0,-500,VV+EC,*,F,짓자,Inflect,VV,EC,짓/VV/*+자/EC/*
짓자마자,0,0,-500,VV+EC,*,F,짓자마자,Inflect,VV,EC,짓/VV/*+자마자/EC/*
짓고서,0,0,-500,VV+EC,*,F,짓고서,Inflect,VV,EC,짓/VV/*+고서/EC/*
짓고나서,0,0,-500,VV+EC,*,F,짓고나서,Inflect,VV,EC,짓/VV/*+고나서/EC/*
짓도록,0,0,-500,VV+EC,*,T,짓도록,Inflect,VV,EC,짓/VV/*+도록/EC/*
짓게,0,0,-500,VV+EC,*,F,짓게,Inflect,VV,EC,짓/VV/*+게/EC/*
짓더라도,0,0,-500,VV+EC,*,F,짓더라도,Inflect,VV,EC,짓/VV/*+더라도/EC/*
짓ㄹ지라도,0,0,-500,VV+EC,*,F,짓ㄹ지라도,Inflect,VV,EC,짓/VV/*+ㄹ지라도/EC/*
짓으을지라도,0,0,-500,VV+EC,*,F,짓으을지라도,Inflect,VV,EC,짓/VV/*+을지라도/EC/*
짓ㄹ수록,0,0,-500,VV+EC,*,T,짓ㄹ수록,Inflect,VV,EC,짓/VV/*+ㄹ수록/EC/*
짓으을수록,0,0,-500,VV+EC,*,T,짓으을수록,Inflect,VV,EC,짓/VV/*+을수록/EC/*
짓다고,0,0,-500,VV+EC,*,F,짓다고,Inflect,VV,EC,짓/VV/*+다고/EC/*
짓라고,0,0,-500,VV+EC,*,F,짓라고,Inflect,VV,EC,짓/VV/*+라고/EC/*
짓냐고,0,0,-500,VV+EC,*,F,짓냐고,Inflect,VV,EC,짓/VV/*+냐고/EC/*
짓지,0,0,-500,VV+EC,*,F,짓지,Inflect,VV,EC,짓/VV/*+지/EC/*
짓거나,0,0,-500,VV+EC,*,F,짓거나,Inflect,VV,EC,짓/VV/*+거나/EC/*
짓든지,0,0,-500,VV+EC,*,F,짓든지,Inflect,VV,EC,짓/VV/*+든지/EC/*
짓듯이,0,0,-500,VV+EC,*,F,짓듯이,Inflect,VV,EC,짓/VV/*+듯이/EC/*
짓듯,0,0,-500,VV+EC,*,T,짓듯,Inflect,VV,EC,짓/VV/*+듯/EC/*
짓다,0,0,-500,VV+EF,*,F,짓다,Inflect,VV,EF,짓/VV/*+다/EF/*
지어요,0,0,-500,VV+EF,*,F,지어요,Inflect,VV,EF,짓/VV/*+요/EF/*
짓ㅂ니다,0,0,-500,VV+EF,*,F,짓ㅂ니다,Inflect,VV,EF,짓/VV/*+ㅂ니다/EF/*
짓으습니다,0,0,-500,VV+EF,*,F,짓으습니다,Inflect,VV,EF,짓/VV/*+습니다/EF/*
짓ㄹ까,0,0,-500,VV+EF,*,F,짓ㄹ까,Inflect,VV,EF,짓/VV/*+ㄹ까/EF/*
짓ㄹ까요,0,0,-500,VV+EF,*,F,짓ㄹ까요,Inflect,VV,EF,짓/VV/*+ㄹ까요/EF/*
짓ㄹ게요,0,0,-500,VV+EF,*,F,짓ㄹ게요,Inflect,VV,EF,짓/VV/*+ㄹ게요/EF/*
짓ㄹ게,0,0,-500,VV+EF,*,F,짓ㄹ게,Inflect,VV,EF,짓/VV/*+ㄹ게/EF/*
짓자,0,0,-500,VV+EF,*,F,짓자,Inflect,VV,EF,짓/VV/*+자/EF/*
짓으세요,0,0,-500,VV+EF,*,F,짓으세요,Inflect,VV,EF,짓/VV/*+세요/EF/*
져았다,0,0,-500,VV+EP+EF,*,F,져았다,Inflect,VV,EF,짓/VV/*+았/EP/*+다/EF/*
져았아요,0,0,-500,VV+EP+EF,*,F,져았아요,Inflect,VV,EF,짓/VV/*+았/EP/*+요/EF/*
져았ㅂ니다,0,0,-500,VV+EP+EF,*,F,져았ㅂ니다,Inflect,VV,EF,짓/VV/*+았/EP/*+ㅂ니다/EF/*
져았으습니다,0,0,-500,VV+EP+EF,*,F,져았으습니다,Inflect,VV,EF,짓/VV/*+았/EP/*+습니다/EF/*
져았ㄹ까,0,0,-500,VV+EP+EF,*,F,져았ㄹ까,Inflect,VV,EF,짓/VV/*+았/EP/*+ㄹ까/EF/*
져았ㄹ까요,0,0,-500,VV+EP+EF,*,F,져았ㄹ까요,Inflect,VV,EF,짓/VV/*+았/EP/*+ㄹ까요/EF/*
져았ㄹ게요,0,0,-500,VV+EP+EF,*,F,져았ㄹ게요,Inflect,VV,EF,짓/VV/*+았/EP/*+ㄹ게요/EF/*
져았ㄹ게,0,0,-500,VV+EP+EF,*,F,져았ㄹ게,Inflect,VV,EF,짓/VV/*+았/EP/*+ㄹ게/EF/*
져았자,0,0,-500,VV+EP+EF,*,F,져았자,Inflect,VV,EF,짓/VV/*+았/EP/*+자/EF/*
져았으세요,0,0,-500,VV+EP+EF,*,F,져았으세요,Inflect,VV,EF,짓/VV/*+았/EP/*+세요/EF/*
져었다,0,0,-500,VV+EP+EF,*,F,져었다,Inflect,VV,EF,짓/VV/*+었/EP/*+다/EF/*
져었어요,0,0,-500,VV+EP+EF,*,F,져었어요,Inflect,VV,EF,짓/VV/*+었/EP/*+요/EF/*
져었ㅂ니다,0,0,-500,VV+EP+EF,*,F,져었ㅂ니다,Inflect,VV,EF,짓/VV/*+었/EP/*+ㅂ니다/EF/*
져었으습니다,0,0,-500,VV+EP+EF,*,F,져었으습니다,Inflect,VV,EF,짓/VV/*+었/EP/*+습니다/EF/*
져었ㄹ까,0,0,-500,VV+EP+EF,*,F,져었ㄹ까,Inflect,VV,EF,짓/VV/*+었/EP/*+ㄹ까/EF/*
져었ㄹ까요,0,0,-500,VV+EP+EF,*,F,져었ㄹ까요,Inflect,VV,EF,짓/VV/*+었/EP/*+ㄹ까요/EF/*
져었ㄹ게요,0,0,-500,VV+EP+EF,*,F,져었ㄹ게요,Inflect,VV,EF,짓/VV/*+었/EP/*+ㄹ게요/EF/*
져었ㄹ게,0,0,-500,VV+EP+EF,*,F,져었ㄹ게,Inflect,VV,EF,짓/VV/*+었/EP/*+ㄹ게/EF/*
져었자,0,0,-500,VV+EP+EF,*,F,져었자,Inflect,VV,EF,짓/VV/*+었/EP/*+자/EF/*
져었으세요,0,0,-500,VV+EP+EF,*,F,져었으세요,Inflect,VV,EF,짓/VV/*+었/EP/*+세요/EF/*
짓으시다,0,0,-500,VV+EP+EF,*,F,짓으시다,Inflect,VV,EF,짓/VV/*+시/EP/*+다/EF/*
짓으셔요,0,0,-500,VV+EP+EF,*,F,짓으셔요,Inflect,VV,EF,짓/VV/*+시/EP/*+요/EF/*
짓으십니다,0,0,-500,VV+EP+EF,*,F,짓으십니다,Inflect,VV,EF,짓/VV/*+시/EP/*+ㅂ니다/EF/*
짓으시습니다,0,0,-500,VV+EP+EF,*,F,짓으시습니다,Inflect,VV,EF,짓/VV/*+시/EP/*+습니다/EF/*
짓으실까,0,0,-500,VV+EP+EF,*,F,짓으실까,Inflect,VV,EF,짓/VV/*+시/EP/*+ㄹ까/EF/*
짓으실까요,0,0,-500,VV+EP+EF,*,F,짓으실까요,Inflect,VV,EF,짓/VV/*+시/EP/*+ㄹ까요/EF/*
짓으실게요,0,0,-500,VV+EP+EF,*,F,짓으실게요,Inflect,VV,EF,짓/VV/*+시/EP/*+ㄹ게요/EF/*
짓으실게,0,0,-500,VV+EP+EF,*,F,짓으실게,Inflect,VV,EF,짓/VV/*+시/EP/*+ㄹ게/EF/*
짓으시자,0,0,-500,VV+EP+EF,*,F,짓으시자,Inflect,VV,EF,짓/VV/*+시/EP/*+자/EF/*
짓으시세요,0,0,-500,VV+EP+EF,*,F,짓으시세요,Inflect,VV,EF,짓/VV/*+시/EP/*+세요/EF/*
짓겠다,0,0,-500,VV+EP+EF,*,F,짓겠다,Inflect,VV,EF,짓/VV/*+겠/EP/*+다/EF/*
짓겠어요,0,0,-500,VV+EP+EF,*,F,짓겠어요,Inflect,VV,EF,짓/VV/*+겠/EP/*+요/EF/*
짓겠ㅂ니다,0,0,-500,VV+EP+EF,*,F,짓겠ㅂ니다,Inflect,VV,EF,짓/VV/*+겠/EP/*+ㅂ니다/EF/*
짓겠으습니다,0,0,-500,VV+EP+EF,*,F,짓겠으습니다,Inflect,VV,EF,짓/VV/*+겠/EP/*+습니다/EF/*
짓겠ㄹ까,0,0,-500,VV+EP+EF,*,F,짓겠ㄹ까,Inflect,VV,EF,짓/VV/*+겠/EP/*+ㄹ까/EF/*
짓겠ㄹ까요,0,0,-500,VV+EP+EF,*,F,짓겠ㄹ까요,Inflect,VV,EF,짓/VV/*+겠/EP/*+ㄹ까요/EF/*
짓겠ㄹ게요,0,0,-500,VV+EP+EF,*,F,짓겠ㄹ게요,Inflect,VV,EF,짓/VV/*+겠/EP/*+ㄹ게요/EF/*
짓겠ㄹ게,0,0,-500,VV+EP+EF,*,F,짓겠ㄹ게,Inflect,VV,EF,짓/VV/*+겠/EP/*+ㄹ게/EF/*
짓겠자,0,0,-500,VV+EP+EF,*,F,짓겠자,Inflect,VV,EF,짓/VV/*+겠/EP/*+자/EF/*
짓겠으세요,0,0,-500,VV+EP+EF,*,F,짓겠으세요,Inflect,VV,EF,짓/VV/*+겠/EP/*+세요/EF/*
긋는,0,0,-500,VV+ETM,*,T,긋는,Inflect,VV,ETM,긋/VV/*+는/ETM/*
긋ㄴ,0,0,-500,VV+ETM,*,F,긋ㄴ,Inflect,VV,ETM,긋/VV/*+ㄴ/ETM/*
긋으은,0,0,-500,VV+ETM,*,T,긋으은,Inflect,VV,ETM,긋/VV/*+은/ETM/*
긋ㄹ,0,0,-500,VV+ETM,*,F,긋ㄹ,Inflect,VV,ETM,긋/VV/*+ㄹ/ETM/*
긋으을,0,0,-500,VV+ETM,*,T,긋으을,Inflect,VV,ETM,긋/VV/*+을/ETM/*
긋고,0,0,-500,VV+EC,*,F,긋고,Inflect,VV,EC,긋/VV/*+고/EC/*
그어서,0,0,-500,VV+EC,*,F,그어서,Inflect,VV,EC,긋/VV/*+서/EC/*
긋으니까,0,0,-500,VV+EC,*,F,긋으니까,Inflect,VV,EC,긋/VV/*+니까/EC/*
긋으니,0,0,-500,VV+EC,*,F,긋으니,Inflect,VV,EC,긋/VV/*+니/EC/*
긋으면,0,0,-500,VV+EC,*,T,긋으면,Inflect,VV,EC,긋/VV/*+면/EC/*
긋지만,0,0,-500,VV+EC,*,T,긋지만,Inflect,VV,EC,긋/VV/*+지만/EC/*
긋는데,0,0,-500,VV+EC,*,F,긋는데,Inflect,VV,EC,긋/VV/*+는데/EC/*
긋ㄴ데,0,0,-500,VV+EC,*,F,긋ㄴ데,Inflect,VV,EC,긋/VV/*+ㄴ데/EC/*
긋으은데,0,0,-500,VV+EC,*,F,긋으은데,Inflect,VV,EC,긋/VV/*+은데/EC/*
긋으면서,0,0,-500,VV+EC,*,F,긋으면서,Inflect,VV,EC,긋/VV/*+면서/EC/*
긋으며,0,0,-500,VV+EC,*,F,긋으며,Inflect,VV,EC,긋/VV/*+며/EC/*
긋으러,0,0,-500,VV+EC,*,F,긋으러,Inflect,VV,EC,긋/VV/*+러/EC/*
긋으려고,0,0,-500,VV+EC,*,F,긋으려고,Inflect,VV,EC,긋/VV/*+려고/EC/*
긋으려,0,0,-500,VV+EC,*,F,긋으려,Inflect,VV,EC,긋/VV/*+려/EC/*
그어도,0,0,-500,VV+EC,*,F,그어도,Inflect,VV,EC,긋/VV/*+도/EC/*
긋다가,0,0,-500,VV+EC,*,F,긋다가,Inflect,VV,EC,긋/VV/*+다가/EC/*
긋자,0,0,-500,VV+EC,*,F,긋자,Inflect,VV,EC,긋/VV/*+자/EC/*
긋자마자,0,0,-500,VV+EC,*,F,긋자마자,Inflect,VV,EC,긋/VV/*+자마자/EC/*
긋고서,0,0,-500,VV+EC,*,F,긋고서,Inflect,VV,EC,긋/VV/*+고서/EC/*
긋고나서,0,0,-500,VV+EC,*,F,긋고나서,Inflect,VV,EC,긋/VV/*+고나서/EC/*
긋도록,0,0,-500,VV+EC,*,T,긋도록,Inflect,VV,EC,긋/VV/*+도록/EC/*
긋게,0,0,-500,VV+EC,*,F,긋게,Inflect,VV,EC,긋/VV/*+게/EC/*
긋더라도,0,0,-500,VV+EC,*,F,긋더라도,Inflect,VV,EC,긋/VV/*+더라도/EC/*
긋ㄹ지라도,0,0,-500,VV+EC,*,F,긋ㄹ지라도,Inflect,VV,EC,긋/VV/*+ㄹ지라도/EC/*
긋으을지라도,0,0,-500,VV+EC,*,F,긋으을지라도,Inflect,VV,EC,긋/VV/*+을지라도/EC/*
긋ㄹ수록,0,0,-500,VV+EC,*,T,긋ㄹ수록,Inflect,VV,EC,긋/VV/*+ㄹ수록/EC/*
긋으을수록,0,0,-500,VV+EC,*,T,긋으을수록,Inflect,VV,EC,긋/VV/*+을수록/EC/*
긋다고,0,0,-500,VV+EC,*,F,긋다고,Inflect,VV,EC,긋/VV/*+다고/EC/*
긋라고,0,0,-500,VV+EC,*,F,긋라고,Inflect,VV,EC,긋/VV/*+라고/EC/*
긋냐고,0,0,-500,VV+EC,*,F,긋냐고,Inflect,VV,EC,긋/VV/*+냐고/EC/*
긋지,0,0,-500,VV+EC,*,F,긋지,Inflect,VV,EC,긋/VV/*+지/EC/*
긋거나,0,0,-500,VV+EC,*,F,긋거나,Inflect,VV,EC,긋/VV/*+거나/EC/*
긋든지,0,0,-500,VV+EC,*,F,긋든지,Inflect,VV,EC,긋/VV/*+든지/EC/*
긋듯이,0,0,-500,VV+EC,*,F,긋듯이,Inflect,VV,EC,긋/VV/*+듯이/EC/*
긋듯,0,0,-500,VV+EC,*,T,긋듯,Inflect,VV,EC,긋/VV/*+듯/EC/*
긋다,0,0,-500,VV+EF,*,F,긋다,Inflect,VV,EF,긋/VV/*+다/EF/*
그어요,0,0,-500,VV+EF,*,F,그어요,Inflect,VV,EF,긋/VV/*+요/EF/*
긋ㅂ니다,0,0,-500,VV+EF,*,F,긋ㅂ니다,Inflect,VV,EF,긋/VV/*+ㅂ니다/EF/*
긋으습니다,0,0,-500,VV+EF,*,F,긋으습니다,Inflect,VV,EF,긋/VV/*+습니다/EF/*
긋ㄹ까,0,0,-500,VV+EF,*,F,긋ㄹ까,Inflect,VV,EF,긋/VV/*+ㄹ까/EF/*
긋ㄹ까요,0,0,-500,VV+EF,*,F,긋ㄹ까요,Inflect,VV,EF,긋/VV/*+ㄹ까요/EF/*
긋ㄹ게요,0,0,-500,VV+EF,*,F,긋ㄹ게요,Inflect,VV,EF,긋/VV/*+ㄹ게요/EF/*
긋ㄹ게,0,0,-500,VV+EF,*,F,긋ㄹ게,Inflect,VV,EF,긋/VV/*+ㄹ게/EF/*
긋자,0,0,-500,VV+EF,*,F,긋자,Inflect,VV,EF,긋/VV/*+자/EF/*
긋으세요,0,0,-500,VV+EF,*,F,긋으세요,Inflect,VV,EF,긋/VV/*+세요/EF/*
겄다,0,0,-500,VV+EP+EF,*,F,겄다,Inflect,VV,EF,긋/VV/*+았/EP/*+다/EF/*
겄아요,0,0,-500,VV+EP+EF,*,F,겄아요,Inflect,VV,EF,긋/VV/*+았/EP/*+요/EF/*
겄ㅂ니다,0,0,-500,VV+EP+EF,*,F,겄ㅂ니다,Inflect,VV,EF,긋/VV/*+았/EP/*+ㅂ니다/EF/*
겄으습니다,0,0,-500,VV+EP+EF,*,F,겄으습니다,Inflect,VV,EF,긋/VV/*+았/EP/*+습니다/EF/*
겄ㄹ까,0,0,-500,VV+EP+EF,*,F,겄ㄹ까,Inflect,VV,EF,긋/VV/*+았/EP/*+ㄹ까/EF/*
겄ㄹ까요,0,0,-500,VV+EP+EF,*,F,겄ㄹ까요,Inflect,VV,EF,긋/VV/*+았/EP/*+ㄹ까요/EF/*
겄ㄹ게요,0,0,-500,VV+EP+EF,*,F,겄ㄹ게요,Inflect,VV,EF,긋/VV/*+았/EP/*+ㄹ게요/EF/*
겄ㄹ게,0,0,-500,VV+EP+EF,*,F,겄ㄹ게,Inflect,VV,EF,긋/VV/*+았/EP/*+ㄹ게/EF/*
겄자,0,0,-500,VV+EP+EF,*,F,겄자,Inflect,VV,EF,긋/VV/*+았/EP/*+자/EF/*
겄으세요,0,0,-500,VV+EP+EF,*,F,겄으세요,Inflect,VV,EF,긋/VV/*+았/EP/*+세요/EF/*
겄다,0,0,-500,VV+EP+EF,*,F,겄다,Inflect,VV,EF,긋/VV/*+었/EP/*+다/EF/*
겄어요,0,0,-500,VV+EP+EF,*,F,겄어요,Inflect,VV,EF,긋/VV/*+었/EP/*+요/EF/*
겄ㅂ니다,0,0,-500,VV+EP+EF,*,F,겄ㅂ니다,Inflect,VV,EF,긋/VV/*+었/EP/*+ㅂ니다/EF/*
겄으습니다,0,0,-500,VV+EP+EF,*,F,겄으습니다,Inflect,VV,EF,긋/VV/*+었/EP/*+습니다/EF/*
겄ㄹ까,0,0,-500,VV+EP+EF,*,F,겄ㄹ까,Inflect,VV,EF,긋/VV/*+었/EP/*+ㄹ까/EF/*
겄ㄹ까요,0,0,-500,VV+EP+EF,*,F,겄ㄹ까요,Inflect,VV,EF,긋/VV/*+었/EP/*+ㄹ까요/EF/*
겄ㄹ게요,0,0,-500,VV+EP+EF,*,F,겄ㄹ게요,Inflect,VV,EF,긋/VV/*+었/EP/*+ㄹ게요/EF/*
겄ㄹ게,0,0,-500,VV+EP+EF,*,F,겄ㄹ게,Inflect,VV,EF,긋/VV/*+었/EP/*+ㄹ게/EF/*
겄자,0,0,-500,VV+EP+EF,*,F,겄자,Inflect,VV,EF,긋/VV/*+었/EP/*+자/EF/*
겄으세요,0,0,-500,VV+EP+EF,*,F,겄으세요,Inflect,VV,EF,긋/VV/*+었/EP/*+세요/EF/*
긋으시다,0,0,-500,VV+EP+EF,*,F,긋으시다,Inflect,VV,EF,긋/VV/*+시/EP/*+다/EF/*
긋으셔요,0,0,-500,VV+EP+EF,*,F,긋으셔요,Inflect,VV,EF,긋/VV/*+시/EP/*+요/EF/*
긋으십니다,0,0,-500,VV+EP+EF,*,F,긋으십니다,Inflect,VV,EF,긋/VV/*+시/EP/*+ㅂ니다/EF/*
긋으시습니다,0,0,-500,VV+EP+EF,*,F,긋으시습니다,Inflect,VV,EF,긋/VV/*+시/EP/*+습니다/EF/*
긋으실까,0,0,-500,VV+EP+EF,*,F,긋으실까,Inflect,VV,EF,긋/VV/*+시/EP/*+ㄹ까/EF/*
긋으실까요,0,0,-500,VV+EP+EF,*,F,긋으실까요,Inflect,VV,EF,긋/VV/*+시/EP/*+ㄹ까요/EF/*
긋으실게요,0,0,-500,VV+EP+EF,*,F,긋으실게요,Inflect,VV,EF,긋/VV/*+시/EP/*+ㄹ게요/EF/*
긋으실게,0,0,-500,VV+EP+EF,*,F,긋으실게,Inflect,VV,EF,긋/VV/*+시/EP/*+ㄹ게/EF/*
긋으시자,0,0,-500,VV+EP+EF,*,F,긋으시자,Inflect,VV,EF,긋/VV/*+시/EP/*+자/EF/*
긋으시세요,0,0,-500,VV+EP+EF,*,F,긋으시세요,Inflect,VV,EF,긋/VV/*+시/EP/*+세요/EF/*
긋겠다,0,0,-500,VV+EP+EF,*,F,긋겠다,Inflect,VV,EF,긋/VV/*+겠/EP/*+다/EF/*
긋겠어요,0,0,-500,VV+EP+EF,*,F,긋겠어요,Inflect,VV,EF,긋/VV/*+겠/EP/*+요/EF/*
긋겠ㅂ니다,0,0,-500,VV+EP+EF,*,F,긋겠ㅂ니다,Inflect,VV,EF,긋/VV/*+겠/EP/*+ㅂ니다/EF/*
긋겠으습니다,0,0,-500,VV+EP+EF,*,F,긋겠으습니다,Inflect,VV,EF,긋/VV/*+겠/EP/*+습니다/EF/*
긋겠ㄹ까,0,0,-500,VV+EP+EF,*,F,긋겠ㄹ까,Inflect,VV,EF,긋/VV/*+겠/EP/*+ㄹ까/EF/*
긋겠ㄹ까요,0,0,-500,VV+EP+EF,*,F,긋겠ㄹ까요,Inflect,VV,EF,긋/VV/*+겠/EP/*+ㄹ까요/EF/*
긋겠ㄹ게요,0,0,-500,VV+EP+EF,*,F,긋겠ㄹ게요,Inflect,VV,EF,긋/VV/*+겠/EP/*+ㄹ게요/EF/*
긋겠ㄹ게,0,0,-500,VV+EP+EF,*,F,긋겠ㄹ게,Inflect,VV,EF,긋/VV/*+겠/EP/*+ㄹ게/EF/*
긋겠자,0,0,-500,VV+EP+EF,*,F,긋겠자,Inflect,VV,EF,긋/VV/*+겠/EP/*+자/EF/*
긋겠으세요,0,0,-500,VV+EP+EF,*,F,긋겠으세요,Inflect,VV,EF,긋/VV/*+겠/EP/*+세요/EF/*
그렇는,0,0,-500,VA+ETM,*,T,그렇는,Inflect,VA,ETM,그렇/VA/*+는/ETM/*
그렇ㄴ,0,0,-500,VA+ETM,*,F,그렇ㄴ,Inflect,VA,ETM,그렇/VA/*+ㄴ/ETM/*
그렇으은,0,0,-500,VA+ETM,*,T,그렇으은,Inflect,VA,ETM,그렇/VA/*+은/ETM/*
그렇ㄹ,0,0,-500,VA+ETM,*,F,그렇ㄹ,Inflect,VA,ETM,그렇/VA/*+ㄹ/ETM/*
그렇으을,0,0,-500,VA+ETM,*,T,그렇으을,Inflect,VA,ETM,그렇/VA/*+을/ETM/*
그렇고,0,0,-500,VA+EC,*,F,그렇고,Inflect,VA,EC,그렇/VA/*+고/EC/*
그래서,0,0,-500,VA+EC,*,F,그래서,Inflect,VA,EC,그렇/VA/*+서/EC/*
그렇으니까,0,0,-500,VA+EC,*,F,그렇으니까,Inflect,VA,EC,그렇/VA/*+니까/EC/*
그렇으니,0,0,-500,VA+EC,*,F,그렇으니,Inflect,VA,EC,그렇/VA/*+니/EC/*
그렇으면,0,0,-500,VA+EC,*,T,그렇으면,Inflect,VA,EC,그렇/VA/*+면/EC/*
그렇지만,0,0,-500,VA+EC,*,T,그렇지만,Inflect,VA,EC,그렇/VA/*+지만/EC/*
그렇는데,0,0,-500,VA+EC,*,F,그렇는데,Inflect,VA,EC,그렇/VA/*+는데/EC/*
그렇ㄴ데,0,0,-500,VA+EC,*,F,그렇ㄴ데,Inflect,VA,EC,그렇/VA/*+ㄴ데/EC/*
그렇으은데,0,0,-500,VA+EC,*,F,그렇으은데,Inflect,VA,EC,그렇/VA/*+은데/EC/*
그렇으면서,0,0,-500,VA+EC,*,F,그렇으면서,Inflect,VA,EC,그렇/VA/*+면서/EC/*
그렇으며,0,0,-500,VA+EC,*,F,그렇으며,Inflect,VA,EC,그렇/VA/*+며/EC/*
그렇으러,0,0,-500,VA+EC,*,F,그렇으러,Inflect,VA,EC,그렇/VA/*+러/EC/*
그렇으려고,0,0,-500,VA+EC,*,F,그렇으려고,Inflect,VA,EC,그렇/VA/*+려고/EC/*
그렇으려,0,0,-500,VA+EC,*,F,그렇으려,Inflect,VA,EC,그렇/VA/*+려/EC/*
그래도,0,0,-500,VA+EC,*,F,그래도,Inflect,VA,EC,그렇/VA/*+도/EC/*
그렇다가,0,0,-500,VA+EC,*,F,그렇다가,Inflect,VA,EC,그렇/VA/*+다가/EC/*
그렇자,0,0,-500,VA+EC,*,F,그렇자,Inflect,VA,EC,그렇/VA/*+자/EC/*
그렇자마자,0,0,-500,VA+EC,*,F,그렇자마자,Inflect,VA,EC,그렇/VA/*+자마자/EC/*
그렇고서,0,0,-500,VA+EC,*,F,그렇고서,Inflect,VA,EC,그렇/VA/*+고서/EC/*
그렇고나서,0,0,-500,VA+EC,*,F,그렇고나서,Inflect,VA,EC,그렇/VA/*+고나서/EC/*
그렇도록,0,0,-500,VA+EC,*,T,그렇도록,Inflect,VA,EC,그렇/VA/*+도록/EC/*
그렇게,0,0,-500,VA+EC,*,F,그렇게,Inflect,VA,EC,그렇/VA/*+게/EC/*
그렇더라도,0,0,-500,VA+EC,*,F,그렇더라도,Inflect,VA,EC,그렇/VA/*+더라도/EC/*
그렇ㄹ지라도,0,0,-500,VA+EC,*,F,그렇ㄹ지라도,Inflect,VA,EC,그렇/VA/*+ㄹ지라도/EC/*
그렇으을지라도,0,0,-500,VA+EC,*,F,그렇으을지라도,Inflect,VA,EC,그렇/VA/*+을지라도/EC/*
그렇ㄹ수록,0,0,-500,VA+EC,*,T,그렇ㄹ수록,Inflect,VA,EC,그렇/VA/*+ㄹ수록/EC/*
그렇으을수록,0,0,-500,VA+EC,*,T,그렇으을수록,Inflect,VA,EC,그렇/VA/*+을수록/EC/*
그렇다고,0,0,-500,VA+EC,*,F,그렇다고,Inflect,VA,EC,그렇/VA/*+다고/EC/*
그렇라고,0,0,-500,VA+EC,*,F,그렇라고,Inflect,VA,EC,그렇/VA/*+라고/EC/*
그렇냐고,0,0,-500,VA+EC,*,F,그렇냐고,Inflect,VA,EC,그렇/VA/*+냐고/EC/*
그렇지,0,0,-500,VA+EC,*,F,그렇지,Inflect,VA,EC,그렇/VA/*+지/EC/*
그렇거나,0,0,-500,VA+EC,*,F,그렇거나,Inflect,VA,EC,그렇/VA/*+거나/EC/*
그렇든지,0,0,-500,VA+EC,*,F,그렇든지,Inflect,VA,EC,그렇/VA/*+든지/EC/*
그렇듯이,0,0,-500,VA+EC,*,F,그렇듯이,Inflect,VA,EC,그렇/VA/*+듯이/EC/*
그렇듯,0,0,-500,VA+EC,*,T,그렇듯,Inflect,VA,EC,그렇/VA/*+듯/EC/*
그렇다,0,0,-500,VA+EF,*,F,그렇다,Inflect,VA,EF,그렇/VA/*+다/EF/*
그래요,0,0,-500,VA+EF,*,F,그래요,Inflect,VA,EF,그렇/VA/*+요/EF/*
그렇ㅂ니다,0,0,-500,VA+EF,*,F,그렇ㅂ니다,Inflect,VA,EF,그렇/VA/*+ㅂ니다/EF/*
그렇으습니다,0,0,-500,VA+EF,*,F,그렇으습니다,Inflect,VA,EF,그렇/VA/*+습니다/EF/*
그렇ㄹ까,0,0,-500,VA+EF,*,F,그렇ㄹ까,Inflect,VA,EF,그렇/VA/*+ㄹ까/EF/*
그렇ㄹ까요,0,0,-500,VA+EF,*,F,그렇ㄹ까요,Inflect,VA,EF,그렇/VA/*+ㄹ까요/EF/*
그렇ㄹ게요,0,0,-500,VA+EF,*,F,그렇ㄹ게요,Inflect,VA,EF,그렇/VA/*+ㄹ게요/EF/*
그렇ㄹ게,0,0,-500,VA+EF,*,F,그렇ㄹ게,Inflect,VA,EF,그렇/VA/*+ㄹ게/EF/*
그렇자,0,0,-500,VA+EF,*,F,그렇자,Inflect,VA,EF,그렇/VA/*+자/EF/*
그렇으세요,0,0,-500,VA+EF,*,F,그렇으세요,Inflect,VA,EF,그렇/VA/*+세요/EF/*
그랬다,0,0,-500,VA+EP+EF,*,F,그랬다,Inflect,VA,EF,그렇/VA/*+았/EP/*+다/EF/*
그랬어요,0,0,-500,VA+EP+EF,*,F,그랬어요,Inflect,VA,EF,그렇/VA/*+았/EP/*+요/EF/*
그랬ㅂ니다,0,0,-500,VA+EP+EF,*,F,그랬ㅂ니다,Inflect,VA,EF,그렇/VA/*+았/EP/*+ㅂ니다/EF/*
그랬으습니다,0,0,-500,VA+EP+EF,*,F,그랬으습니다,Inflect,VA,EF,그렇/VA/*+았/EP/*+습니다/EF/*
그랬ㄹ까,0,0,-500,VA+EP+EF,*,F,그랬ㄹ까,Inflect,VA,EF,그렇/VA/*+았/EP/*+ㄹ까/EF/*
그랬ㄹ까요,0,0,-500,VA+EP+EF,*,F,그랬ㄹ까요,Inflect,VA,EF,그렇/VA/*+았/EP/*+ㄹ까요/EF/*
그랬ㄹ게요,0,0,-500,VA+EP+EF,*,F,그랬ㄹ게요,Inflect,VA,EF,그렇/VA/*+았/EP/*+ㄹ게요/EF/*
그랬ㄹ게,0,0,-500,VA+EP+EF,*,F,그랬ㄹ게,Inflect,VA,EF,그렇/VA/*+았/EP/*+ㄹ게/EF/*
그랬자,0,0,-500,VA+EP+EF,*,F,그랬자,Inflect,VA,EF,그렇/VA/*+았/EP/*+자/EF/*
그랬으세요,0,0,-500,VA+EP+EF,*,F,그랬으세요,Inflect,VA,EF,그렇/VA/*+았/EP/*+세요/EF/*
그랬다,0,0,-500,VA+EP+EF,*,F,그랬다,Inflect,VA,EF,그렇/VA/*+었/EP/*+다/EF/*
그랬어요,0,0,-500,VA+EP+EF,*,F,그랬어요,Inflect,VA,EF,그렇/VA/*+었/EP/*+요/EF/*
그랬ㅂ니다,0,0,-500,VA+EP+EF,*,F,그랬ㅂ니다,Inflect,VA,EF,그렇/VA/*+었/EP/*+ㅂ니다/EF/*
그랬으습니다,0,0,-500,VA+EP+EF,*,F,그랬으습니다,Inflect,VA,EF,그렇/VA/*+었/EP/*+습니다/EF/*
그랬ㄹ까,0,0,-500,VA+EP+EF,*,F,그랬ㄹ까,Inflect,VA,EF,그렇/VA/*+었/EP/*+ㄹ까/EF/*
그랬ㄹ까요,0,0,-500,VA+EP+EF,*,F,그랬ㄹ까요,Inflect,VA,EF,그렇/VA/*+었/EP/*+ㄹ까요/EF/*
그랬ㄹ게요,0,0,-500,VA+EP+EF,*,F,그랬ㄹ게요,Inflect,VA,EF,그렇/VA/*+었/EP/*+ㄹ게요/EF/*
그랬ㄹ게,0,0,-500,VA+EP+EF,*,F,그랬ㄹ게,Inflect,VA,EF,그렇/VA/*+었/EP/*+ㄹ게/EF/*
그랬자,0,0,-500,VA+EP+EF,*,F,그랬자,Inflect,VA,EF,그렇/VA/*+었/EP/*+자/EF/*
그랬으세요,0,0,-500,VA+EP+EF,*,F,그랬으세요,Inflect,VA,EF,그렇/VA/*+었/EP/*+세요/EF/*
그렇으시다,0,0,-500,VA+EP+EF,*,F,그렇으시다,Inflect,VA,EF,그렇/VA/*+시/EP/*+다/EF/*
그렇으셔요,0,0,-500,VA+EP+EF,*,F,그렇으셔요,Inflect,VA,EF,그렇/VA/*+시/EP/*+요/EF/*
그렇으십니다,0,0,-500,VA+EP+EF,*,F,그렇으십니다,Inflect,VA,EF,그렇/VA/*+시/EP/*+ㅂ니다/EF/*
그렇으시습니다,0,0,-500,VA+EP+EF,*,F,그렇으시습니다,Inflect,VA,EF,그렇/VA/*+시/EP/*+습니다/EF/*
그렇으실까,0,0,-500,VA+EP+EF,*,F,그렇으실까,Inflect,VA,EF,그렇/VA/*+시/EP/*+ㄹ까/EF/*
그렇으실까요,0,0,-500,VA+EP+EF,*,F,그렇으실까요,Inflect,VA,EF,그렇/VA/*+시/EP/*+ㄹ까요/EF/*
그렇으실게요,0,0,-500,VA+EP+EF,*,F,그렇으실게요,Inflect,VA,EF,그렇/VA/*+시/EP/*+ㄹ게요/EF/*
그렇으실게,0,0,-500,VA+EP+EF,*,F,그렇으실게,Inflect,VA,EF,그렇/VA/*+시/EP/*+ㄹ게/EF/*
그렇으시자,0,0,-500,VA+EP+EF,*,F,그렇으시자,Inflect,VA,EF,그렇/VA/*+시/EP/*+자/EF/*
그렇으시세요,0,0,-500,VA+EP+EF,*,F,그렇으시세요,Inflect,VA,EF,그렇/VA/*+시/EP/*+세요/EF/*
그렇겠다,0,0,-500,VA+EP+EF,*,F,그렇겠다,Inflect,VA,EF,그렇/VA/*+겠/EP/*+다/EF/*
그렇겠어요,0,0,-500,VA+EP+EF,*,F,그렇겠어요,Inflect,VA,EF,그렇/VA/*+겠/EP/*+요/EF/*
그렇겠ㅂ니다,0,0,-500,VA+EP+EF,*,F,그렇겠ㅂ니다,Inflect,VA,EF,그렇/VA/*+겠/EP/*+ㅂ니다/EF/*
그렇겠으습니다,0,0,-500,VA+EP+EF,*,F,그렇겠으습니다,Inflect,VA,EF,그렇/VA/*+겠/EP/*+습니다/EF/*
그렇겠ㄹ까,0,0,-500,VA+EP+EF,*,F,그렇겠ㄹ까,Inflect,VA,EF,그렇/VA/*+겠/EP/*+ㄹ까/EF/*
그렇겠ㄹ까요,0,0,-500,VA+EP+EF,*,F,그렇겠ㄹ까요,Inflect,VA,EF,그렇/VA/*+겠/EP/*+ㄹ까요/EF/*
그렇겠ㄹ게요,0,0,-500,VA+EP+EF,*,F,그렇겠ㄹ게요,Inflect,VA,EF,그렇/VA/*+겠/EP/*+ㄹ게요/EF/*
그렇겠ㄹ게,0,0,-500,VA+EP+EF,*,F,그렇겠ㄹ게,Inflect,VA,EF,그렇/VA/*+겠/EP/*+ㄹ게/EF/*
그렇겠자,0,0,-500,VA+EP+EF,*,F,그렇겠자,Inflect,VA,EF,그렇/VA/*+겠/EP/*+자/EF/*
그렇겠으세요,0,0,-500,VA+EP+EF,*,F,그렇겠으세요,Inflect,VA,EF,그렇/VA/*+겠/EP/*+세요/EF/*
이렇는,0,0,-500,VA+ETM,*,T,이렇는,Inflect,VA,ETM,이렇/VA/*+는/ETM/*
이렇ㄴ,0,0,-500,VA+ETM,*,F,이렇ㄴ,Inflect,VA,ETM,이렇/VA/*+ㄴ/ETM/*
이렇으은,0,0,-500,VA+ETM,*,T,이렇으은,Inflect,VA,ETM,이렇/VA/*+은/ETM/*
이렇ㄹ,0,0,-500,VA+ETM,*,F,이렇ㄹ,Inflect,VA,ETM,이렇/VA/*+ㄹ/ETM/*
이렇으을,0,0,-500,VA+ETM,*,T,이렇으을,Inflect,VA,ETM,이렇/VA/*+을/ETM/*
이렇고,0,0,-500,VA+EC,*,F,이렇고,Inflect,VA,EC,이렇/VA/*+고/EC/*
이래서,0,0,-500,VA+EC,*,F,이래서,Inflect,VA,EC,이렇/VA/*+서/EC/*
이렇으니까,0,0,-500,VA+EC,*,F,이렇으니까,Inflect,VA,EC,이렇/VA/*+니까/EC/*
이렇으니,0,0,-500,VA+EC,*,F,이렇으니,Inflect,VA,EC,이렇/VA/*+니/EC/*
이렇으면,0,0,-500,VA+EC,*,T,이렇으면,Inflect,VA,EC,이렇/VA/*+면/EC/*
이렇지만,0,0,-500,VA+EC,*,T,이렇지만,Inflect,VA,EC,이렇/VA/*+지만/EC/*
이렇는데,0,0,-500,VA+EC,*,F,이렇는데,Inflect,VA,EC,이렇/VA/*+는데/EC/*
이렇ㄴ데,0,0,-500,VA+EC,*,F,이렇ㄴ데,Inflect,VA,EC,이렇/VA/*+ㄴ데/EC/*
이렇으은데,0,0,-500,VA+EC,*,F,이렇으은데,Inflect,VA,EC,이렇/VA/*+은데/EC/*
이렇으면서,0,0,-500,VA+EC,*,F,이렇으면서,Inflect,VA,EC,이렇/VA/*+면서/EC/*
이렇으며,0,0,-500,VA+EC,*,F,이렇으며,Inflect,VA,EC,이렇/VA/*+며/EC/*
이렇으러,0,0,-500,VA+EC,*,F,이렇으러,Inflect,VA,EC,이렇/VA/*+러/EC/*
이렇으려고,0,0,-500,VA+EC,*,F,이렇으려고,Inflect,VA,EC,이렇/VA/*+려고/EC/*
이렇으려,0,0,-500,VA+EC,*,F,이렇으려,Inflect,VA,EC,이렇/VA/*+려/EC/*
이래도,0,0,-500,VA+EC,*,F,이래도,Inflect,VA,EC,이렇/VA/*+도/EC/*
이렇다가,0,0,-500,VA+EC,*,F,이렇다가,Inflect,VA,EC,이렇/VA/*+다가/EC/*
이렇자,0,0,-500,VA+EC,*,F,이렇자,Inflect,VA,EC,이렇/VA/*+자/EC/*
이렇자마자,0,0,-500,VA+EC,*,F,이렇자마자,Inflect,VA,EC,이렇/VA/*+자마자/EC/*
이렇고서,0,0,-500,VA+EC,*,F,이렇고서,Inflect,VA,EC,이렇/VA/*+고서/EC/*
이렇고나서,0,0,-500,VA+EC,*,F,이렇고나서,Inflect,VA,EC,이렇/VA/*+고나서/EC/*
이렇도록,0,0,-500,VA+EC,*,T,이렇도록,Inflect,VA,EC,이렇/VA/*+도록/EC/*
이렇게,0,0,-500,VA+EC,*,F,이렇게,Inflect,VA,EC,이렇/VA/*+게/EC/*
이렇더라도,0,0,-500,VA+EC,*,F,이렇더라도,Inflect,VA,EC,이렇/VA/*+더라도/EC/*
이렇ㄹ지라도,0,0,-500,VA+EC,*,F,이렇ㄹ지라도,Inflect,VA,EC,이렇/VA/*+ㄹ지라도/EC/*
이렇으을지라도,0,0,-500,VA+EC,*,F,이렇으을지라도,Inflect,VA,EC,이렇/VA/*+을지라도/EC/*
이렇ㄹ수록,0,0,-500,VA+EC,*,T,이렇ㄹ수록,Inflect,VA,EC,이렇/VA/*+ㄹ수록/EC/*
이렇으을수록,0,0,-500,VA+EC,*,T,이렇으을수록,Inflect,VA,EC,이렇/VA/*+을수록/EC/*
이렇다고,0,0,-500,VA+EC,*,F,이렇다고,Inflect,VA,EC,이렇/VA/*+다고/EC/*
이렇라고,0,0,-500,VA+EC,*,F,이렇라고,Inflect,VA,EC,이렇/VA/*+라고/EC/*
이렇냐고,0,0,-500,VA+EC,*,F,이렇냐고,Inflect,VA,EC,이렇/VA/*+냐고/EC/*
이렇지,0,0,-500,VA+EC,*,F,이렇지,Inflect,VA,EC,이렇/VA/*+지/EC/*
이렇거나,0,0,-500,VA+EC,*,F,이렇거나,Inflect,VA,EC,이렇/VA/*+거나/EC/*
이렇든지,0,0,-500,VA+EC,*,F,이렇든지,Inflect,VA,EC,이렇/VA/*+든지/EC/*
이렇듯이,0,0,-500,VA+EC,*,F,이렇듯이,Inflect,VA,EC,이렇/VA/*+듯이/EC/*
이렇듯,0,0,-500,VA+EC,*,T,이렇듯,Inflect,VA,EC,이렇/VA/*+듯/EC/*
이렇다,0,0,-500,VA+EF,*,F,이렇다,Inflect,VA,EF,이렇/VA/*+다/EF/*
이래요,0,0,-500,VA+EF,*,F,이래요,Inflect,VA,EF,이렇/VA/*+요/EF/*
이렇ㅂ니다,0,0,-500,VA+EF,*,F,이렇ㅂ니다,Inflect,VA,EF,이렇/VA/*+ㅂ니다/EF/*
이렇으습니다,0,0,-500,VA+EF,*,F,이렇으습니다,Inflect,VA,EF,이렇/VA/*+습니다/EF/*
이렇ㄹ까,0,0,-500,VA+EF,*,F,이렇ㄹ까,Inflect,VA,EF,이렇/VA/*+ㄹ까/EF/*
이렇ㄹ까요,0,0,-500,VA+EF,*,F,이렇ㄹ까요,Inflect,VA,EF,이렇/VA/*+ㄹ까요/EF/*
이렇ㄹ게요,0,0,-500,VA+EF,*,F,이렇ㄹ게요,Inflect,VA,EF,이렇/VA/*+ㄹ게요/EF/*
이렇ㄹ게,0,0,-500,VA+EF,*,F,이렇ㄹ게,Inflect,VA,EF,이렇/VA/*+ㄹ게/EF/*
이렇자,0,0,-500,VA+EF,*,F,이렇자,Inflect,VA,EF,이렇/VA/*+자/EF/*
이렇으세요,0,0,-500,VA+EF,*,F,이렇으세요,Inflect,VA,EF,이렇/VA/*+세요/EF/*
이랬다,0,0,-500,VA+EP+EF,*,F,이랬다,Inflect,VA,EF,이렇/VA/*+았/EP/*+다/EF/*
이랬어요,0,0,-500,VA+EP+EF,*,F,이랬어요,Inflect,VA,EF,이렇/VA/*+았/EP/*+요/EF/*
이랬ㅂ니다,0,0,-500,VA+EP+EF,*,F,이랬ㅂ니다,Inflect,VA,EF,이렇/VA/*+았/EP/*+ㅂ니다/EF/*
이랬으습니다,0,0,-500,VA+EP+EF,*,F,이랬으습니다,Inflect,VA,EF,이렇/VA/*+았/EP/*+습니다/EF/*
이랬ㄹ까,0,0,-500,VA+EP+EF,*,F,이랬ㄹ까,Inflect,VA,EF,이렇/VA/*+았/EP/*+ㄹ까/EF/*
이랬ㄹ까요,0,0,-500,VA+EP+EF,*,F,이랬ㄹ까요,Inflect,VA,EF,이렇/VA/*+았/EP/*+ㄹ까요/EF/*
이랬ㄹ게요,0,0,-500,VA+EP+EF,*,F,이랬ㄹ게요,Inflect,VA,EF,이렇/VA/*+았/EP/*+ㄹ게요/EF/*
이랬ㄹ게,0,0,-500,VA+EP+EF,*,F,이랬ㄹ게,Inflect,VA,EF,이렇/VA/*+았/EP/*+ㄹ게/EF/*
이랬자,0,0,-500,VA+EP+EF,*,F,이랬자,Inflect,VA,EF,이렇/VA/*+았/EP/*+자/EF/*
이랬으세요,0,0,-500,VA+EP+EF,*,F,이랬으세요,Inflect,VA,EF,이렇/VA/*+았/EP/*+세요/EF/*
이랬다,0,0,-500,VA+EP+EF,*,F,이랬다,Inflect,VA,EF,이렇/VA/*+었/EP/*+다/EF/*
이랬어요,0,0,-500,VA+EP+EF,*,F,이랬어요,Inflect,VA,EF,이렇/VA/*+었/EP/*+요/EF/*
이랬ㅂ니다,0,0,-500,VA+EP+EF,*,F,이랬ㅂ니다,Inflect,VA,EF,이렇/VA/*+었/EP/*+ㅂ니다/EF/*
이랬으습니다,0,0,-500,VA+EP+EF,*,F,이랬으습니다,Inflect,VA,EF,이렇/VA/*+었/EP/*+습니다/EF/*
이랬ㄹ까,0,0,-500,VA+EP+EF,*,F,이랬ㄹ까,Inflect,VA,EF,이렇/VA/*+었/EP/*+ㄹ까/EF/*
이랬ㄹ까요,0,0,-500,VA+EP+EF,*,F,이랬ㄹ까요,Inflect,VA,EF,이렇/VA/*+었/EP/*+ㄹ까요/EF/*
이랬ㄹ게요,0,0,-500,VA+EP+EF,*,F,이랬ㄹ게요,Inflect,VA,EF,이렇/VA/*+었/EP/*+ㄹ게요/EF/*
이랬ㄹ게,0,0,-500,VA+EP+EF,*,F,이랬ㄹ게,Inflect,VA,EF,이렇/VA/*+었/EP/*+ㄹ게/EF/*
이랬자,0,0,-500,VA+EP+EF,*,F,이랬자,Inflect,VA,EF,이렇/VA/*+었/EP/*+자/EF/*
이랬으세요,0,0,-500,VA+EP+EF,*,F,이랬으세요,Inflect,VA,EF,이렇/VA/*+었/EP/*+세요/EF/*
이렇으시다,0,0,-500,VA+EP+EF,*,F,이렇으시다,Inflect,VA,EF,이렇/VA/*+시/EP/*+다/EF/*
이렇으셔요,0,0,-500,VA+EP+EF,*,F,이렇으셔요,Inflect,VA,EF,이렇/VA/*+시/EP/*+요/EF/*
이렇으십니다,0,0,-500,VA+EP+EF,*,F,이렇으십니다,Inflect,VA,EF,이렇/VA/*+시/EP/*+ㅂ니다/EF/*
이렇으시습니다,0,0,-500,VA+EP+EF,*,F,이렇으시습니다,Inflect,VA,EF,이렇/VA/*+시/EP/*+습니다/EF/*
이렇으실까,0,0,-500,VA+EP+EF,*,F,이렇으실까,Inflect,VA,EF,이렇/VA/*+시/EP/*+ㄹ까/EF/*
이렇으실까요,0,0,-500,VA+EP+EF,*,F,이렇으실까요,Inflect,VA,EF,이렇/VA/*+시/EP/*+ㄹ까요/EF/*
이렇으실게요,0,0,-500,VA+EP+EF,*,F,이렇으실게요,Inflect,VA,EF,이렇/VA/*+시/EP/*+ㄹ게요/EF/*
이렇으실게,0,0,-500,VA+EP+EF,*,F,이렇으실게,Inflect,VA,EF,이렇/VA/*+시/EP/*+ㄹ게/EF/*
이렇으시자,0,0,-500,VA+EP+EF,*,F,이렇으시자,Inflect,VA,EF,이렇/VA/*+시/EP/*+자/EF/*
이렇으시세요,0,0,-500,VA+EP+EF,*,F,이렇으시세요,Inflect,VA,EF,이렇/VA/*+시/EP/*+세요/EF/*
이렇겠다,0,0,-500,VA+EP+EF,*,F,이렇겠다,Inflect,VA,EF,이렇/VA/*+겠/EP/*+다/EF/*
이렇겠어요,0,0,-500,VA+EP+EF,*,F,이렇겠어요,Inflect,VA,EF,이렇/VA/*+겠/EP/*+요/EF/*
이렇겠ㅂ니다,0,0,-500,VA+EP+EF,*,F,이렇겠ㅂ니다,Inflect,VA,EF,이렇/VA/*+겠/EP/*+ㅂ니다/EF/*
이렇겠으습니다,0,0,-500,VA+EP+EF,*,F,이렇겠으습니다,Inflect,VA,EF,이렇/VA/*+겠/EP/*+습니다/EF/*
이렇겠ㄹ까,0,0,-500,VA+EP+EF,*,F,이렇겠ㄹ까,Inflect,VA,EF,이렇/VA/*+겠/EP/*+ㄹ까/EF/*
이렇겠ㄹ까요,0,0,-500,VA+EP+EF,*,F,이렇겠ㄹ까요,Inflect,VA,EF,이렇/VA/*+겠/EP/*+ㄹ까요/EF/*
이렇겠ㄹ게요,0,0,-500,VA+EP+EF,*,F,이렇겠ㄹ게요,Inflect,VA,EF,이렇/VA/*+겠/EP/*+ㄹ게요/EF/*
이렇겠ㄹ게,0,0,-500,VA+EP+EF,*,F,이렇겠ㄹ게,Inflect,VA,EF,이렇/VA/*+겠/EP/*+ㄹ게/EF/*
이렇겠자,0,0,-500,VA+EP+EF,*,F,이렇겠자,Inflect,VA,EF,이렇/VA/*+겠/EP/*+자/EF/*
이렇겠으세요,0,0,-500,VA+EP+EF,*,F,이렇겠으세요,Inflect,VA,EF,이렇/VA/*+겠/EP/*+세요/EF/*
저렇는,0,0,-500,VA+ETM,*,T,저렇는,Inflect,VA,ETM,저렇/VA/*+는/ETM/*
저렇ㄴ,0,0,-500,VA+ETM,*,F,저렇ㄴ,Inflect,VA,ETM,저렇/VA/*+ㄴ/ETM/*
저렇으은,0,0,-500,VA+ETM,*,T,저렇으은,Inflect,VA,ETM,저렇/VA/*+은/ETM/*
저렇ㄹ,0,0,-500,VA+ETM,*,F,저렇ㄹ,Inflect,VA,ETM,저렇/VA/*+ㄹ/ETM/*
저렇으을,0,0,-500,VA+ETM,*,T,저렇으을,Inflect,VA,ETM,저렇/VA/*+을/ETM/*
저렇고,0,0,-500,VA+EC,*,F,저렇고,Inflect,VA,EC,저렇/VA/*+고/EC/*
저래서,0,0,-500,VA+EC,*,F,저래서,Inflect,VA,EC,저렇/VA/*+서/EC/*
저렇으니까,0,0,-500,VA+EC,*,F,저렇으니까,Inflect,VA,EC,저렇/VA/*+니까/EC/*
저렇으니,0,0,-500,VA+EC,*,F,저렇으니,Inflect,VA,EC,저렇/VA/*+니/EC/*
저렇으면,0,0,-500,VA+EC,*,T,저렇으면,Inflect,VA,EC,저렇/VA/*+면/EC/*
저렇지만,0,0,-500,VA+EC,*,T,저렇지만,Inflect,VA,EC,저렇/VA/*+지만/EC/*
저렇는데,0,0,-500,VA+EC,*,F,저렇는데,Inflect,VA,EC,저렇/VA/*+는데/EC/*
저렇ㄴ데,0,0,-500,VA+EC,*,F,저렇ㄴ데,Inflect,VA,EC,저렇/VA/*+ㄴ데/EC/*
저렇으은데,0,0,-500,VA+EC,*,F,저렇으은데,Inflect,VA,EC,저렇/VA/*+은데/EC/*
저렇으면서,0,0,-500,VA+EC,*,F,저렇으면서,Inflect,VA,EC,저렇/VA/*+면서/EC/*
저렇으며,0,0,-500,VA+EC,*,F,저렇으며,Inflect,VA,EC,저렇/VA/*+며/EC/*
저렇으러,0,0,-500,VA+EC,*,F,저렇으러,Inflect,VA,EC,저렇/VA/*+러/EC/*
저렇으려고,0,0,-500,VA+EC,*,F,저렇으려고,Inflect,VA,EC,저렇/VA/*+려고/EC/*
저렇으려,0,0,-500,VA+EC,*,F,저렇으려,Inflect,VA,EC,저렇/VA/*+려/EC/*
저래도,0,0,-500,VA+EC,*,F,저래도,Inflect,VA,EC,저렇/VA/*+도/EC/*
저렇다가,0,0,-500,VA+EC,*,F,저렇다가,Inflect,VA,EC,저렇/VA/*+다가/EC/*
저렇자,0,0,-500,VA+EC,*,F,저렇자,Inflect,VA,EC,저렇/VA/*+자/EC/*
저렇자마자,0,0,-500,VA+EC,*,F,저렇자마자,Inflect,VA,EC,저렇/VA/*+자마자/EC/*
저렇고서,0,0,-500,VA+EC,*,F,저렇고서,Inflect,VA,EC,저렇/VA/*+고서/EC/*
저렇고나서,0,0,-500,VA+EC,*,F,저렇고나서,Inflect,VA,EC,저렇/VA/*+고나서/EC/*
저렇도록,0,0,-500,VA+EC,*,T,저렇도록,Inflect,VA,EC,저렇/VA/*+도록/EC/*
저렇게,0,0,-500,VA+EC,*,F,저렇게,Inflect,VA,EC,저렇/VA/*+게/EC/*
저렇더라도,0,0,-500,VA+EC,*,F,저렇더라도,Inflect,VA,EC,저렇/VA/*+더라도/EC/*
저렇ㄹ지라도,0,0,-500,VA+EC,*,F,저렇ㄹ지라도,Inflect,VA,EC,저렇/VA/*+ㄹ지라도/EC/*
저렇으을지라도,0,0,-500,VA+EC,*,F,저렇으을지라도,Inflect,VA,EC,저렇/VA/*+을지라도/EC/*
저렇ㄹ수록,0,0,-500,VA+EC,*,T,저렇ㄹ수록,Inflect,VA,EC,저렇/VA/*+ㄹ수록/EC/*
저렇으을수록,0,0,-500,VA+EC,*,T,저렇으을수록,Inflect,VA,EC,저렇/VA/*+을수록/EC/*
저렇다고,0,0,-500,VA+EC,*,F,저렇다고,Inflect,VA,EC,저렇/VA/*+다고/EC/*
저렇라고,0,0,-500,VA+EC,*,F,저렇라고,Inflect,VA,EC,저렇/VA/*+라고/EC/*
저렇냐고,0,0,-500,VA+EC,*,F,저렇냐고,Inflect,VA,EC,저렇/VA/*+냐고/EC/*
저렇지,0,0,-500,VA+EC,*,F,저렇지,Inflect,VA,EC,저렇/VA/*+지/EC/*
저렇거나,0,0,-500,VA+EC,*,F,저렇거나,Inflect,VA,EC,저렇/VA/*+거나/EC/*
저렇든지,0,0,-500,VA+EC,*,F,저렇든지,Inflect,VA,EC,저렇/VA/*+든지/EC/*
저렇듯이,0,0,-500,VA+EC,*,F,저렇듯이,Inflect,VA,EC,저렇/VA/*+듯이/EC/*
저렇듯,0,0,-500,VA+EC,*,T,저렇듯,Inflect,VA,EC,저렇/VA/*+듯/EC/*
저렇다,0,0,-500,VA+EF,*,F,저렇다,Inflect,VA,EF,저렇/VA/*+다/EF/*
저래요,0,0,-500,VA+EF,*,F,저래요,Inflect,VA,EF,저렇/VA/*+요/EF/*
저렇ㅂ니다,0,0,-500,VA+EF,*,F,저렇ㅂ니다,Inflect,VA,EF,저렇/VA/*+ㅂ니다/EF/*
저렇으습니다,0,0,-500,VA+EF,*,F,저렇으습니다,Inflect,VA,EF,저렇/VA/*+습니다/EF/*
저렇ㄹ까,0,0,-500,VA+EF,*,F,저렇ㄹ까,Inflect,VA,EF,저렇/VA/*+ㄹ까/EF/*
저렇ㄹ까요,0,0,-500,VA+EF,*,F,저렇ㄹ까요,Inflect,VA,EF,저렇/VA/*+ㄹ까요/EF/*
저렇ㄹ게요,0,0,-500,VA+EF,*,F,저렇ㄹ게요,Inflect,VA,EF,저렇/VA/*+ㄹ게요/EF/*
저렇ㄹ게,0,0,-500,VA+EF,*,F,저렇ㄹ게,Inflect,VA,EF,저렇/VA/*+ㄹ게/EF/*
저렇자,0,0,-500,VA+EF,*,F,저렇자,Inflect,VA,EF,저렇/VA/*+자/EF/*
저렇으세요,0,0,-500,VA+EF,*,F,저렇으세요,Inflect,VA,EF,저렇/VA/*+세요/EF/*
저랬다,0,0,-500,VA+EP+EF,*,F,저랬다,Inflect,VA,EF,저렇/VA/*+았/EP/*+다/EF/*
저랬어요,0,0,-500,VA+EP+EF,*,F,저랬어요,Inflect,VA,EF,저렇/VA/*+았/EP/*+요/EF/*
저랬ㅂ니다,0,0,-500,VA+EP+EF,*,F,저랬ㅂ니다,Inflect,VA,EF,저렇/VA/*+았/EP/*+ㅂ니다/EF/*
저랬으습니다,0,0,-500,VA+EP+EF,*,F,저랬으습니다,Inflect,VA,EF,저렇/VA/*+았/EP/*+습니다/EF/*
저랬ㄹ까,0,0,-500,VA+EP+EF,*,F,저랬ㄹ까,Inflect,VA,EF,저렇/VA/*+았/EP/*+ㄹ까/EF/*
저랬ㄹ까요,0,0,-500,VA+EP+EF,*,F,저랬ㄹ까요,Inflect,VA,EF,저렇/VA/*+았/EP/*+ㄹ까요/EF/*
저랬ㄹ게요,0,0,-500,VA+EP+EF,*,F,저랬ㄹ게요,Inflect,VA,EF,저렇/VA/*+았/EP/*+ㄹ게요/EF/*
저랬ㄹ게,0,0,-500,VA+EP+EF,*,F,저랬ㄹ게,Inflect,VA,EF,저렇/VA/*+았/EP/*+ㄹ게/EF/*
저랬자,0,0,-500,VA+EP+EF,*,F,저랬자,Inflect,VA,EF,저렇/VA/*+았/EP/*+자/EF/*
저랬으세요,0,0,-500,VA+EP+EF,*,F,저랬으세요,Inflect,VA,EF,저렇/VA/*+았/EP/*+세요/EF/*
저랬다,0,0,-500,VA+EP+EF,*,F,저랬다,Inflect,VA,EF,저렇/VA/*+었/EP/*+다/EF/*
저랬어요,0,0,-500,VA+EP+EF,*,F,저랬어요,Inflect,VA,EF,저렇/VA/*+었/EP/*+요/EF/*
저랬ㅂ니다,0,0,-500,VA+EP+EF,*,F,저랬ㅂ니다,Inflect,VA,EF,저렇/VA/*+었/EP/*+ㅂ니다/EF/*
저랬으습니다,0,0,-500,VA+EP+EF,*,F,저랬으습니다,Inflect,VA,EF,저렇/VA/*+었/EP/*+습니다/EF/*
저랬ㄹ까,0,0,-500,VA+EP+EF,*,F,저랬ㄹ까,Inflect,VA,EF,저렇/VA/*+었/EP/*+ㄹ까/EF/*
저랬ㄹ까요,0,0,-500,VA+EP+EF,*,F,저랬ㄹ까요,Inflect,VA,EF,저렇/VA/*+었/EP/*+ㄹ까요/EF/*
저랬ㄹ게요,0,0,-500,VA+EP+EF,*,F,저랬ㄹ게요,Inflect,VA,EF,저렇/VA/*+었/EP/*+ㄹ게요/EF/*
저랬ㄹ게,0,0,-500,VA+EP+EF,*,F,저랬ㄹ게,Inflect,VA,EF,저렇/VA/*+었/EP/*+ㄹ게/EF/*
저랬자,0,0,-500,VA+EP+EF,*,F,저랬자,Inflect,VA,EF,저렇/VA/*+었/EP/*+자/EF/*
저랬으세요,0,0,-500,VA+EP+EF,*,F,저랬으세요,Inflect,VA,EF,저렇/VA/*+었/EP/*+세요/EF/*
저렇으시다,0,0,-500,VA+EP+EF,*,F,저렇으시다,Inflect,VA,EF,저렇/VA/*+시/EP/*+다/EF/*
저렇으셔요,0,0,-500,VA+EP+EF,*,F,저렇으셔요,Inflect,VA,EF,저렇/VA/*+시/EP/*+요/EF/*
저렇으십니다,0,0,-500,VA+EP+EF,*,F,저렇으십니다,Inflect,VA,EF,저렇/VA/*+시/EP/*+ㅂ니다/EF/*
저렇으시습니다,0,0,-500,VA+EP+EF,*,F,저렇으시습니다,Inflect,VA,EF,저렇/VA/*+시/EP/*+습니다/EF/*
저렇으실까,0,0,-500,VA+EP+EF,*,F,저렇으실까,Inflect,VA,EF,저렇/VA/*+시/EP/*+ㄹ까/EF/*
저렇으실까요,0,0,-500,VA+EP+EF,*,F,저렇으실까요,Inflect,VA,EF,저렇/VA/*+시/EP/*+ㄹ까요/EF/*
저렇으실게요,0,0,-500,VA+EP+EF,*,F,저렇으실게요,Inflect,VA,EF,저렇/VA/*+시/EP/*+ㄹ게요/EF/*
저렇으실게,0,0,-500,VA+EP+EF,*,F,저렇으실게,Inflect,VA,EF,저렇/VA/*+시/EP/*+ㄹ게/EF/*
저렇으시자,0,0,-500,VA+EP+EF,*,F,저렇으시자,Inflect,VA,EF,저렇/VA/*+시/EP/*+자/EF/*
저렇으시세요,0,0,-500,VA+EP+EF,*,F,저렇으시세요,Inflect,VA,EF,저렇/VA/*+시/EP/*+세요/EF/*
저렇겠다,0,0,-500,VA+EP+EF,*,F,저렇겠다,Inflect,VA,EF,저렇/VA/*+겠/EP/*+다/EF/*
저렇겠어요,0,0,-500,VA+EP+EF,*,F,저렇겠어요,Inflect,VA,EF,저렇/VA/*+겠/EP/*+요/EF/*
저렇겠ㅂ니다,0,0,-500,VA+EP+EF,*,F,저렇겠ㅂ니다,Inflect,VA,EF,저렇/VA/*+겠/EP/*+ㅂ니다/EF/*
저렇겠으습니다,0,0,-500,VA+EP+EF,*,F,저렇겠으습니다,Inflect,VA,EF,저렇/VA/*+겠/EP/*+습니다/EF/*
저렇겠ㄹ까,0,0,-500,VA+EP+EF,*,F,저렇겠ㄹ까,Inflect,VA,EF,저렇/VA/*+겠/EP/*+ㄹ까/EF/*
저렇겠ㄹ까요,0,0,-500,VA+EP+EF,*,F,저렇겠ㄹ까요,Inflect,VA,EF,저렇/VA/*+겠/EP/*+ㄹ까요/EF/*
저렇겠ㄹ게요,0,0,-500,VA+EP+EF,*,F,저렇겠ㄹ게요,Inflect,VA,EF,저렇/VA/*+겠/EP/*+ㄹ게요/EF/*
저렇겠ㄹ게,0,0,-500,VA+EP+EF,*,F,저렇겠ㄹ게,Inflect,VA,EF,저렇/VA/*+겠/EP/*+ㄹ게/EF/*
저렇겠자,0,0,-500,VA+EP+EF,*,F,저렇겠자,Inflect,VA,EF,저렇/VA/*+겠/EP/*+자/EF/*
저렇겠으세요,0,0,-500,VA+EP+EF,*,F,저렇겠으세요,Inflect,VA,EF,저렇/VA/*+겠/EP/*+세요/EF/*
어떻는,0,0,-500,VA+ETM,*,T,어떻는,Inflect,VA,ETM,어떻/VA/*+는/ETM/*
어떻ㄴ,0,0,-500,VA+ETM,*,F,어떻ㄴ,Inflect,VA,ETM,어떻/VA/*+ㄴ/ETM/*
어떻으은,0,0,-500,VA+ETM,*,T,어떻으은,Inflect,VA,ETM,어떻/VA/*+은/ETM/*
어떻ㄹ,0,0,-500,VA+ETM,*,F,어떻ㄹ,Inflect,VA,ETM,어떻/VA/*+ㄹ/ETM/*
어떻으을,0,0,-500,VA+ETM,*,T,어떻으을,Inflect,VA,ETM,어떻/VA/*+을/ETM/*
어떻고,0,0,-500,VA+EC,*,F,어떻고,Inflect,VA,EC,어떻/VA/*+고/EC/*
어때서,0,0,-500,VA+EC,*,F,어때서,Inflect,VA,EC,어떻/VA/*+서/EC/*
어떻으니까,0,0,-500,VA+EC,*,F,어떻으니까,Inflect,VA,EC,어떻/VA/*+니까/EC/*
어떻으니,0,0,-500,VA+EC,*,F,어떻으니,Inflect,VA,EC,어떻/VA/*+니/EC/*
어떻으면,0,0,-500,VA+EC,*,T,어떻으면,Inflect,VA,EC,어떻/VA/*+면/EC/*
어떻지만,0,0,-500,VA+EC,*,T,어떻지만,Inflect,VA,EC,어떻/VA/*+지만/EC/*
어떻는데,0,0,-500,VA+EC,*,F,어떻는데,Inflect,VA,EC,어떻/VA/*+는데/EC/*
어떻ㄴ데,0,0,-500,VA+EC,*,F,어떻ㄴ데,Inflect,VA,EC,어떻/VA/*+ㄴ데/EC/*
어떻으은데,0,0,-500,VA+EC,*,F,어떻으은데,Inflect,VA,EC,어떻/VA/*+은데/EC/*
어떻으면서,0,0,-500,VA+EC,*,F,어떻으면서,Inflect,VA,EC,어떻/VA/*+면서/EC/*
어떻으며,0,0,-500,VA+EC,*,F,어떻으며,Inflect,VA,EC,어떻/VA/*+며/EC/*
어떻으러,0,0,-500,VA+EC,*,F,어떻으러,Inflect,VA,EC,어떻/VA/*+러/EC/*
어떻으려고,0,0,-500,VA+EC,*,F,어떻으려고,Inflect,VA,EC,어떻/VA/*+려고/EC/*
어떻으려,0,0,-500,VA+EC,*,F,어떻으려,Inflect,VA,EC,어떻/VA/*+려/EC/*
어때도,0,0,-500,VA+EC,*,F,어때도,Inflect,VA,EC,어떻/VA/*+도/EC/*
어떻다가,0,0,-500,VA+EC,*,F,어떻다가,Inflect,VA,EC,어떻/VA/*+다가/EC/*
어떻자,0,0,-500,VA+EC,*,F,어떻자,Inflect,VA,EC,어떻/VA/*+자/EC/*
어떻자마자,0,0,-500,VA+EC,*,F,어떻자마자,Inflect,VA,EC,어떻/VA/*+자마자/EC/*
어떻고서,0,0,-500,VA+EC,*,F,어떻고서,Inflect,VA,EC,어떻/VA/*+고서/EC/*
어떻고나서,0,0,-500,VA+EC,*,F,어떻고나서,Inflect,VA,EC,어떻/VA/*+고나서/EC/*
어떻도록,0,0,-500,VA+EC,*,T,어떻도록,Inflect,VA,EC,어떻/VA/*+도록/EC/*
어떻게,0,0,-500,VA+EC,*,F,어떻게,Inflect,VA,EC,어떻/VA/*+게/EC/*
어떻더라도,0,0,-500,VA+EC,*,F,어떻더라도,Inflect,VA,EC,어떻/VA/*+더라도/EC/*
어떻ㄹ지라도,0,0,-500,VA+EC,*,F,어떻ㄹ지라도,Inflect,VA,EC,어떻/VA/*+ㄹ지라도/EC/*
어떻으을지라도,0,0,-500,VA+EC,*,F,어떻으을지라도,Inflect,VA,EC,어떻/VA/*+을지라도/EC/*
어떻ㄹ수록,0,0,-500,VA+EC,*,T,어떻ㄹ수록,Inflect,VA,EC,어떻/VA/*+ㄹ수록/EC/*
어떻으을수록,0,0,-500,VA+EC,*,T,어떻으을수록,Inflect,VA,EC,어떻/VA/*+을수록/EC/*
어떻다고,0,0,-500,VA+EC,*,F,어떻다고,Inflect,VA,EC,어떻/VA/*+다고/EC/*
어떻라고,0,0,-500,VA+EC,*,F,어떻라고,Inflect,VA,EC,어떻/VA/*+라고/EC/*
어떻냐고,0,0,-500,VA+EC,*,F,어떻냐고,Inflect,VA,EC,어떻/VA/*+냐고/EC/*
어떻지,0,0,-500,VA+EC,*,F,어떻지,Inflect,VA,EC,어떻/VA/*+지/EC/*
어떻거나,0,0,-500,VA+EC,*,F,어떻거나,Inflect,VA,EC,어떻/VA/*+거나/EC/*
어떻든지,0,0,-500,VA+EC,*,F,어떻든지,Inflect,VA,EC,어떻/VA/*+든지/EC/*
어떻듯이,0,0,-500,VA+EC,*,F,어떻듯이,Inflect,VA,EC,어떻/VA/*+듯이/EC/*
어떻듯,0,0,-500,VA+EC,*,T,어떻듯,Inflect,VA,EC,어떻/VA/*+듯/EC/*
어떻다,0,0,-500,VA+EF,*,F,어떻다,Inflect,VA,EF,어떻/VA/*+다/EF/*
어때요,0,0,-500,VA+EF,*,F,어때요,Inflect,VA,EF,어떻/VA/*+요/EF/*
어떻ㅂ니다,0,0,-500,VA+EF,*,F,어떻ㅂ니다,Inflect,VA,EF,어떻/VA/*+ㅂ니다/EF/*
어떻으습니다,0,0,-500,VA+EF,*,F,어떻으습니다,Inflect,VA,EF,어떻/VA/*+습니다/EF/*
어떻ㄹ까,0,0,-500,VA+EF,*,F,어떻ㄹ까,Inflect,VA,EF,어떻/VA/*+ㄹ까/EF/*
어떻ㄹ까요,0,0,-500,VA+EF,*,F,어떻ㄹ까요,Inflect,VA,EF,어떻/VA/*+ㄹ까요/EF/*
어떻ㄹ게요,0,0,-500,VA+EF,*,F,어떻ㄹ게요,Inflect,VA,EF,어떻/VA/*+ㄹ게요/EF/*
어떻ㄹ게,0,0,-500,VA+EF,*,F,어떻ㄹ게,Inflect,VA,EF,어떻/VA/*+ㄹ게/EF/*
어떻자,0,0,-500,VA+EF,*,F,어떻자,Inflect,VA,EF,어떻/VA/*+자/EF/*
어떻으세요,0,0,-500,VA+EF,*,F,어떻으세요,Inflect,VA,EF,어떻/VA/*+세요/EF/*
어땠다,0,0,-500,VA+EP+EF,*,F,어땠다,Inflect,VA,EF,어떻/VA/*+았/EP/*+다/EF/*
어땠어요,0,0,-500,VA+EP+EF,*,F,어땠어요,Inflect,VA,EF,어떻/VA/*+았/EP/*+요/EF/*
어땠ㅂ니다,0,0,-500,VA+EP+EF,*,F,어땠ㅂ니다,Inflect,VA,EF,어떻/VA/*+았/EP/*+ㅂ니다/EF/*
어땠으습니다,0,0,-500,VA+EP+EF,*,F,어땠으습니다,Inflect,VA,EF,어떻/VA/*+았/EP/*+습니다/EF/*
어땠ㄹ까,0,0,-500,VA+EP+EF,*,F,어땠ㄹ까,Inflect,VA,EF,어떻/VA/*+았/EP/*+ㄹ까/EF/*
어땠ㄹ까요,0,0,-500,VA+EP+EF,*,F,어땠ㄹ까요,Inflect,VA,EF,어떻/VA/*+았/EP/*+ㄹ까요/EF/*
어땠ㄹ게요,0,0,-500,VA+EP+EF,*,F,어땠ㄹ게요,Inflect,VA,EF,어떻/VA/*+았/EP/*+ㄹ게요/EF/*
어땠ㄹ게,0,0,-500,VA+EP+EF,*,F,어땠ㄹ게,Inflect,VA,EF,어떻/VA/*+았/EP/*+ㄹ게/EF/*
어땠자,0,0,-500,VA+EP+EF,*,F,어땠자,Inflect,VA,EF,어떻/VA/*+았/EP/*+자/EF/*
어땠으세요,0,0,-500,VA+EP+EF,*,F,어땠으세요,Inflect,VA,EF,어떻/VA/*+았/EP/*+세요/EF/*
어땠다,0,0,-500,VA+EP+EF,*,F,어땠다,Inflect,VA,EF,어떻/VA/*+었/EP/*+다/EF/*
어땠어요,0,0,-500,VA+EP+EF,*,F,어땠어요,Inflect,VA,EF,어떻/VA/*+었/EP/*+요/EF/*
어땠ㅂ니다,0,0,-500,VA+EP+EF,*,F,어땠ㅂ니다,Inflect,VA,EF,어떻/VA/*+었/EP/*+ㅂ니다/EF/*
어땠으습니다,0,0,-500,VA+EP+EF,*,F,어땠으습니다,Inflect,VA,EF,어떻/VA/*+었/EP/*+습니다/EF/*
어땠ㄹ까,0,0,-500,VA+EP+EF,*,F,어땠ㄹ까,Inflect,VA,EF,어떻/VA/*+었/EP/*+ㄹ까/EF/*
어땠ㄹ까요,0,0,-500,VA+EP+EF,*,F,어땠ㄹ까요,Inflect,VA,EF,어떻/VA/*+었/EP/*+ㄹ까요/EF/*
어땠ㄹ게요,0,0,-500,VA+EP+EF,*,F,어땠ㄹ게요,Inflect,VA,EF,어떻/VA/*+었/EP/*+ㄹ게요/EF/*
어땠ㄹ게,0,0,-500,VA+EP+EF,*,F,어땠ㄹ게,Inflect,VA,EF,어떻/VA/*+었/EP/*+ㄹ게/EF/*
어땠자,0,0,-500,VA+EP+EF,*,F,어땠자,Inflect,VA,EF,어떻/VA/*+었/EP/*+자/EF/*
어땠으세요,0,0,-500,VA+EP+EF,*,F,어땠으세요,Inflect,VA,EF,어떻/VA/*+었/EP/*+세요/EF/*
어떻으시다,0,0,-500,VA+EP+EF,*,F,어떻으시다,Inflect,VA,EF,어떻/VA/*+시/EP/*+다/EF/*
어떻으셔요,0,0,-500,VA+EP+EF,*,F,어떻으셔요,Inflect,VA,EF,어떻/VA/*+시/EP/*+요/EF/*
어떻으십니다,0,0,-500,VA+EP+EF,*,F,어떻으십니다,Inflect,VA,EF,어떻/VA/*+시/EP/*+ㅂ니다/EF/*
어떻으시습니다,0,0,-500,VA+EP+EF,*,F,어떻으시습니다,Inflect,VA,EF,어떻/VA/*+시/EP/*+습니다/EF/*
어떻으실까,0,0,-500,VA+EP+EF,*,F,어떻으실까,Inflect,VA,EF,어떻/VA/*+시/EP/*+ㄹ까/EF/*
어떻으실까요,0,0,-500,VA+EP+EF,*,F,어떻으실까요,Inflect,VA,EF,어떻/VA/*+시/EP/*+ㄹ까요/EF/*
어떻으실게요,0,0,-500,VA+EP+EF,*,F,어떻으실게요,Inflect,VA,EF,어떻/VA/*+시/EP/*+ㄹ게요/EF/*
어떻으실게,0,0,-500,VA+EP+EF,*,F,어떻으실게,Inflect,VA,EF,어떻/VA/*+시/EP/*+ㄹ게/EF/*
어떻으시자,0,0,-500,VA+EP+EF,*,F,어떻으시자,Inflect,VA,EF,어떻/VA/*+시/EP/*+자/EF/*
어떻으시세요,0,0,-500,VA+EP+EF,*,F,어떻으시세요,Inflect,VA,EF,어떻/VA/*+시/EP/*+세요/EF/*
어떻겠다,0,0,-500,VA+EP+EF,*,F,어떻겠다,Inflect,VA,EF,어떻/VA/*+겠/EP/*+다/EF/*
어떻겠어요,0,0,-500,VA+EP+EF,*,F,어떻겠어요,Inflect,VA,EF,어떻/VA/*+겠/EP/*+요/EF/*
어떻겠ㅂ니다,0,0,-500,VA+EP+EF,*,F,어떻겠ㅂ니다,Inflect,VA,EF,어떻/VA/*+겠/EP/*+ㅂ니다/EF/*
어떻겠으습니다,0,0,-500,VA+EP+EF,*,F,어떻겠으습니다,Inflect,VA,EF,어떻/VA/*+겠/EP/*+습니다/EF/*
어떻겠ㄹ까,0,0,-500,VA+EP+EF,*,F,어떻겠ㄹ까,Inflect,VA,EF,어떻/VA/*+겠/EP/*+ㄹ까/EF/*
어떻겠ㄹ까요,0,0,-500,VA+EP+EF,*,F,어떻겠ㄹ까요,Inflect,VA,EF,어떻/VA/*+겠/EP/*+ㄹ까요/EF/*
어떻겠ㄹ게요,0,0,-500,VA+EP+EF,*,F,어떻겠ㄹ게요,Inflect,VA,EF,어떻/VA/*+겠/EP/*+ㄹ게요/EF/*
어떻겠ㄹ게,0,0,-500,VA+EP+EF,*,F,어떻겠ㄹ게,Inflect,VA,EF,어떻/VA/*+겠/EP/*+ㄹ게/EF/*
어떻겠자,0,0,-500,VA+EP+EF,*,F,어떻겠자,Inflect,VA,EF,어떻/VA/*+겠/EP/*+자/EF/*
어떻겠으세요,0,0,-500,VA+EP+EF,*,F,어떻겠으세요,Inflect,VA,EF,어떻/VA/*+겠/EP/*+세요/EF/*
빨갛는,0,0,-500,VA+ETM,*,T,빨갛는,Inflect,VA,ETM,빨갛/VA/*+는/ETM/*
빨갛ㄴ,0,0,-500,VA+ETM,*,F,빨갛ㄴ,Inflect,VA,ETM,빨갛/VA/*+ㄴ/ETM/*
빨갛으은,0,0,-500,VA+ETM,*,T,빨갛으은,Inflect,VA,ETM,빨갛/VA/*+은/ETM/*
빨갛ㄹ,0,0,-500,VA+ETM,*,F,빨갛ㄹ,Inflect,VA,ETM,빨갛/VA/*+ㄹ/ETM/*
빨갛으을,0,0,-500,VA+ETM,*,T,빨갛으을,Inflect,VA,ETM,빨갛/VA/*+을/ETM/*
빨갛고,0,0,-500,VA+EC,*,F,빨갛고,Inflect,VA,EC,빨갛/VA/*+고/EC/*
빨개서,0,0,-500,VA+EC,*,F,빨개서,Inflect,VA,EC,빨갛/VA/*+서/EC/*
빨갛으니까,0,0,-500,VA+EC,*,F,빨갛으니까,Inflect,VA,EC,빨갛/VA/*+니까/EC/*
빨갛으니,0,0,-500,VA+EC,*,F,빨갛으니,Inflect,VA,EC,빨갛/VA/*+니/EC/*
빨갛으면,0,0,-500,VA+EC,*,T,빨갛으면,Inflect,VA,EC,빨갛/VA/*+면/EC/*
빨갛지만,0,0,-500,VA+EC,*,T,빨갛지만,Inflect,VA,EC,빨갛/VA/*+지만/EC/*
빨갛는데,0,0,-500,VA+EC,*,F,빨갛는데,Inflect,VA,EC,빨갛/VA/*+는데/EC/*
빨갛ㄴ데,0,0,-500,VA+EC,*,F,빨갛ㄴ데,Inflect,VA,EC,빨갛/VA/*+ㄴ데/EC/*
빨갛으은데,0,0,-500,VA+EC,*,F,빨갛으은데,Inflect,VA,EC,빨갛/VA/*+은데/EC/*
빨갛으면서,0,0,-500,VA+EC,*,F,빨갛으면서,Inflect,VA,EC,빨갛/VA/*+면서/EC/*
빨갛으며,0,0,-500,VA+EC,*,F,빨갛으며,Inflect,VA,EC,빨갛/VA/*+며/EC/*
빨갛으러,0,0,-500,VA+EC,*,F,빨갛으러,Inflect,VA,EC,빨갛/VA/*+러/EC/*
빨갛으려고,0,0,-500,VA+EC,*,F,빨갛으려고,Inflect,VA,EC,빨갛/VA/*+려고/EC/*
빨갛으려,0,0,-500,VA+EC,*,F,빨갛으려,Inflect,VA,EC,빨갛/VA/*+려/EC/*
빨개도,0,0,-500,VA+EC,*,F,빨개도,Inflect,VA,EC,빨갛/VA/*+도/EC/*
빨갛다가,0,0,-500,VA+EC,*,F,빨갛다가,Inflect,VA,EC,빨갛/VA/*+다가/EC/*
빨갛자,0,0,-500,VA+EC,*,F,빨갛자,Inflect,VA,EC,빨갛/VA/*+자/EC/*
빨갛자마자,0,0,-500,VA+EC,*,F,빨갛자마자,Inflect,VA,EC,빨갛/VA/*+자마자/EC/*
빨갛고서,0,0,-500,VA+EC,*,F,빨갛고서,Inflect,VA,EC,빨갛/VA/*+고서/EC/*
빨갛고나서,0,0,-500,VA+EC,*,F,빨갛고나서,Inflect,VA,EC,빨갛/VA/*+고나서/EC/*
빨갛도록,0,0,-500,VA+EC,*,T,빨갛도록,Inflect,VA,EC,빨갛/VA/*+도록/EC/*
빨갛게,0,0,-500,VA+EC,*,F,빨갛게,Inflect,VA,EC,빨갛/VA/*+게/EC/*
빨갛더라도,0,0,-500,VA+EC,*,F,빨갛더라도,Inflect,VA,EC,빨갛/VA/*+더라도/EC/*
빨갛ㄹ지라도,0,0,-500,VA+EC,*,F,빨갛ㄹ지라도,Inflect,VA,EC,빨갛/VA/*+ㄹ지라도/EC/*
빨갛으을지라도,0,0,-500,VA+EC,*,F,빨갛으을지라도,Inflect,VA,EC,빨갛/VA/*+을지라도/EC/*
빨갛ㄹ수록,0,0,-500,VA+EC,*,T,빨갛ㄹ수록,Inflect,VA,EC,빨갛/VA/*+ㄹ수록/EC/*
빨갛으을수록,0,0,-500,VA+EC,*,T,빨갛으을수록,Inflect,VA,EC,빨갛/VA/*+을수록/EC/*
빨갛다고,0,0,-500,VA+EC,*,F,빨갛다고,Inflect,VA,EC,빨갛/VA/*+다고/EC/*
빨갛라고,0,0,-500,VA+EC,*,F,빨갛라고,Inflect,VA,EC,빨갛/VA/*+라고/EC/*
빨갛냐고,0,0,-500,VA+EC,*,F,빨갛냐고,Inflect,VA,EC,빨갛/VA/*+냐고/EC/*
빨갛지,0,0,-500,VA+EC,*,F,빨갛지,Inflect,VA,EC,빨갛/VA/*+지/EC/*
빨갛거나,0,0,-500,VA+EC,*,F,빨갛거나,Inflect,VA,EC,빨갛/VA/*+거나/EC/*
빨갛든지,0,0,-500,VA+EC,*,F,빨갛든지,Inflect,VA,EC,빨갛/VA/*+든지/EC/*
빨갛듯이,0,0,-500,VA+EC,*,F,빨갛듯이,Inflect,VA,EC,빨갛/VA/*+듯이/EC/*
빨갛듯,0,0,-500,VA+EC,*,T,빨갛듯,Inflect,VA,EC,빨갛/VA/*+듯/EC/*
빨갛다,0,0,-500,VA+EF,*,F,빨갛다,Inflect,VA,EF,빨갛/VA/*+다/EF/*
빨개요,0,0,-500,VA+EF,*,F,빨개요,Inflect,VA,EF,빨갛/VA/*+요/EF/*
빨갛ㅂ니다,0,0,-500,VA+EF,*,F,빨갛ㅂ니다,Inflect,VA,EF,빨갛/VA/*+ㅂ니다/EF/*
빨갛으습니다,0,0,-500,VA+EF,*,F,빨갛으습니다,Inflect,VA,EF,빨갛/VA/*+습니다/EF/*
빨갛ㄹ까,0,0,-500,VA+EF,*,F,빨갛ㄹ까,Inflect,VA,EF,빨갛/VA/*+ㄹ까/EF/*
빨갛ㄹ까요,0,0,-500,VA+EF,*,F,빨갛ㄹ까요,Inflect,VA,EF,빨갛/VA/*+ㄹ까요/EF/*
빨갛ㄹ게요,0,0,-500,VA+EF,*,F,빨갛ㄹ게요,Inflect,VA,EF,빨갛/VA/*+ㄹ게요/EF/*
빨갛ㄹ게,0,0,-500,VA+EF,*,F,빨갛ㄹ게,Inflect,VA,EF,빨갛/VA/*+ㄹ게/EF/*
빨갛자,0,0,-500,VA+EF,*,F,빨갛자,Inflect,VA,EF,빨갛/VA/*+자/EF/*
빨갛으세요,0,0,-500,VA+EF,*,F,빨갛으세요,Inflect,VA,EF,빨갛/VA/*+세요/EF/*
빨갰다,0,0,-500,VA+EP+EF,*,F,빨갰다,Inflect,VA,EF,빨갛/VA/*+았/EP/*+다/EF/*
빨갰어요,0,0,-500,VA+EP+EF,*,F,빨갰어요,Inflect,VA,EF,빨갛/VA/*+았/EP/*+요/EF/*
빨갰ㅂ니다,0,0,-500,VA+EP+EF,*,F,빨갰ㅂ니다,Inflect,VA,EF,빨갛/VA/*+았/EP/*+ㅂ니다/EF/*
빨갰으습니다,0,0,-500,VA+EP+EF,*,F,빨갰으습니다,Inflect,VA,EF,빨갛/VA/*+았/EP/*+습니다/EF/*
빨갰ㄹ까,0,0,-500,VA+EP+EF,*,F,빨갰ㄹ까,Inflect,VA,EF,빨갛/VA/*+았/EP/*+ㄹ까/EF/*
빨갰ㄹ까요,0,0,-500,VA+EP+EF,*,F,빨갰ㄹ까요,Inflect,VA,EF,빨갛/VA/*+았/EP/*+ㄹ까요/EF/*
빨갰ㄹ게요,0,0,-500,VA+EP+EF,*,F,빨갰ㄹ게요,Inflect,VA,EF,빨갛/VA/*+았/EP/*+ㄹ게요/EF/*
빨갰ㄹ게,0,0,-500,VA+EP+EF,*,F,빨갰ㄹ게,Inflect,VA,EF,빨갛/VA/*+았/EP/*+ㄹ게/EF/*
빨갰자,0,0,-500,VA+EP+EF,*,F,빨갰자,Inflect,VA,EF,빨갛/VA/*+았/EP/*+자/EF/*
빨갰으세요,0,0,-500,VA+EP+EF,*,F,빨갰으세요,Inflect,VA,EF,빨갛/VA/*+았/EP/*+세요/EF/*
빨갰다,0,0,-500,VA+EP+EF,*,F,빨갰다,Inflect,VA,EF,빨갛/VA/*+었/EP/*+다/EF/*
빨갰어요,0,0,-500,VA+EP+EF,*,F,빨갰어요,Inflect,VA,EF,빨갛/VA/*+었/EP/*+요/EF/*
빨갰ㅂ니다,0,0,-500,VA+EP+EF,*,F,빨갰ㅂ니다,Inflect,VA,EF,빨갛/VA/*+었/EP/*+ㅂ니다/EF/*
빨갰으습니다,0,0,-500,VA+EP+EF,*,F,빨갰으습니다,Inflect,VA,EF,빨갛/VA/*+었/EP/*+습니다/EF/*
빨갰ㄹ까,0,0,-500,VA+EP+EF,*,F,빨갰ㄹ까,Inflect,VA,EF,빨갛/VA/*+었/EP/*+ㄹ까/EF/*
빨갰ㄹ까요,0,0,-500,VA+EP+EF,*,F,빨갰ㄹ까요,Inflect,VA,EF,빨갛/VA/*+었/EP/*+ㄹ까요/EF/*
빨갰ㄹ게요,0,0,-500,VA+EP+EF,*,F,빨갰ㄹ게요,Inflect,VA,EF,빨갛/VA/*+었/EP/*+ㄹ게요/EF/*
빨갰ㄹ게,0,0,-500,VA+EP+EF,*,F,빨갰ㄹ게,Inflect,VA,EF,빨갛/VA/*+었/EP/*+ㄹ게/EF/*
빨갰자,0,0,-500,VA+EP+EF,*,F,빨갰자,Inflect,VA,EF,빨갛/VA/*+었/EP/*+자/EF/*
빨갰으세요,0,0,-500,VA+EP+EF,*,F,빨갰으세요,Inflect,VA,EF,빨갛/VA/*+었/EP/*+세요/EF/*
빨갛으시다,0,0,-500,VA+EP+EF,*,F,빨갛으시다,Inflect,VA,EF,빨갛/VA/*+시/EP/*+다/EF/*
빨갛으셔요,0,0,-500,VA+EP+EF,*,F,빨갛으셔요,Inflect,VA,EF,빨갛/VA/*+시/EP/*+요/EF/*
빨갛으십니다,0,0,-500,VA+EP+EF,*,F,빨갛으십니다,Inflect,VA,EF,빨갛/VA/*+시/EP/*+ㅂ니다/EF/*
빨갛으시습니다,0,0,-500,VA+EP+EF,*,F,빨갛으시습니다,Inflect,VA,EF,빨갛/VA/*+시/EP/*+습니다/EF/*
빨갛으실까,0,0,-500,VA+EP+EF,*,F,빨갛으실까,Inflect,VA,EF,빨갛/VA/*+시/EP/*+ㄹ까/EF/*
빨갛으실까요,0,0,-500,VA+EP+EF,*,F,빨갛으실까요,Inflect,VA,EF,빨갛/VA/*+시/EP/*+ㄹ까요/EF/*
빨갛으실게요,0,0,-500,VA+EP+EF,*,F,빨갛으실게요,Inflect,VA,EF,빨갛/VA/*+시/EP/*+ㄹ게요/EF/*
빨갛으실게,0,0,-500,VA+EP+EF,*,F,빨갛으실게,Inflect,VA,EF,빨갛/VA/*+시/EP/*+ㄹ게/EF/*
빨갛으시자,0,0,-500,VA+EP+EF,*,F,빨갛으시자,Inflect,VA,EF,빨갛/VA/*+시/EP/*+자/EF/*
빨갛으시세요,0,0,-500,VA+EP+EF,*,F,빨갛으시세요,Inflect,VA,EF,빨갛/VA/*+시/EP/*+세요/EF/*
빨갛겠다,0,0,-500,VA+EP+EF,*,F,빨갛겠다,Inflect,VA,EF,빨갛/VA/*+겠/EP/*+다/EF/*
빨갛겠어요,0,0,-500,VA+EP+EF,*,F,빨갛겠어요,Inflect,VA,EF,빨갛/VA/*+겠/EP/*+요/EF/*
빨갛겠ㅂ니다,0,0,-500,VA+EP+EF,*,F,빨갛겠ㅂ니다,Inflect,VA,EF,빨갛/VA/*+겠/EP/*+ㅂ니다/EF/*
빨갛겠으습니다,0,0,-500,VA+EP+EF,*,F,빨갛겠으습니다,Inflect,VA,EF,빨갛/VA/*+겠/EP/*+습니다/EF/*
빨갛겠ㄹ까,0,0,-500,VA+EP+EF,*,F,빨갛겠ㄹ까,Inflect,VA,EF,빨갛/VA/*+겠/EP/*+ㄹ까/EF/*
빨갛겠ㄹ까요,0,0,-500,VA+EP+EF,*,F,빨갛겠ㄹ까요,Inflect,VA,EF,빨갛/VA/*+겠/EP/*+ㄹ까요/EF/*
빨갛겠ㄹ게요,0,0,-500,VA+EP+EF,*,F,빨갛겠ㄹ게요,Inflect,VA,EF,빨갛/VA/*+겠/EP/*+ㄹ게요/EF/*
빨갛겠ㄹ게,0,0,-500,VA+EP+EF,*,F,빨갛겠ㄹ게,Inflect,VA,EF,빨갛/VA/*+겠/EP/*+ㄹ게/EF/*
빨갛겠자,0,0,-500,VA+EP+EF,*,F,빨갛겠자,Inflect,VA,EF,빨갛/VA/*+겠/EP/*+자/EF/*
빨갛겠으세요,0,0,-500,VA+EP+EF,*,F,빨갛겠으세요,Inflect,VA,EF,빨갛/VA/*+겠/EP/*+세요/EF/*
파랗는,0,0,-500,VA+ETM,*,T,파랗는,Inflect,VA,ETM,파랗/VA/*+는/ETM/*
파랗ㄴ,0,0,-500,VA+ETM,*,F,파랗ㄴ,Inflect,VA,ETM,파랗/VA/*+ㄴ/ETM/*
파랗으은,0,0,-500,VA+ETM,*,T,파랗으은,Inflect,VA,ETM,파랗/VA/*+은/ETM/*
파랗ㄹ,0,0,-500,VA+ETM,*,F,파랗ㄹ,Inflect,VA,ETM,파랗/VA/*+ㄹ/ETM/*
파랗으을,0,0,-500,VA+ETM,*,T,파랗으을,Inflect,VA,ETM,파랗/VA/*+을/ETM/*
파랗고,0,0,-500,VA+EC,*,F,파랗고,Inflect,VA,EC,파랗/VA/*+고/EC/*
파래서,0,0,-500,VA+EC,*,F,파래서,Inflect,VA,EC,파랗/VA/*+서/EC/*
파랗으니까,0,0,-500,VA+EC,*,F,파랗으니까,Inflect,VA,EC,파랗/VA/*+니까/EC/*
파랗으니,0,0,-500,VA+EC,*,F,파랗으니,Inflect,VA,EC,파랗/VA/*+니/EC/*
파랗으면,0,0,-500,VA+EC,*,T,파랗으면,Inflect,VA,EC,파랗/VA/*+면/EC/*
파랗지만,0,0,-500,VA+EC,*,T,파랗지만,Inflect,VA,EC,파랗/VA/*+지만/EC/*
파랗는데,0,0,-500,VA+EC,*,F,파랗는데,Inflect,VA,EC,파랗/VA/*+는데/EC/*
파랗ㄴ데,0,0,-500,VA+EC,*,F,파랗ㄴ데,Inflect,VA,EC,파랗/VA/*+ㄴ데/EC/*
파랗으은데,0,0,-500,VA+EC,*,F,파랗으은데,Inflect,VA,EC,파랗/VA/*+은데/EC/*
파랗으면서,0,0,-500,VA+EC,*,F,파랗으면서,Inflect,VA,EC,파랗/VA/*+면서/EC/*
파랗으며,0,0,-500,VA+EC,*,F,파랗으며,Inflect,VA,EC,파랗/VA/*+며/EC/*
파랗으러,0,0,-500,VA+EC,*,F,파랗으러,Inflect,VA,EC,파랗/VA/*+러/EC/*
파랗으려고,0,0,-500,VA+EC,*,F,파랗으려고,Inflect,VA,EC,파랗/VA/*+려고/EC/*
파랗으려,0,0,-500,VA+EC,*,F,파랗으려,Inflect,VA,EC,파랗/VA/*+려/EC/*
파래도,0,0,-500,VA+EC,*,F,파래도,Inflect,VA,EC,파랗/VA/*+도/EC/*
파랗다가,0,0,-500,VA+EC,*,F,파랗다가,Inflect,VA,EC,파랗/VA/*+다가/EC/*
파랗자,0,0,-500,VA+EC,*,F,파랗자,Inflect,VA,EC,파랗/VA/*+자/EC/*
파랗자마자,0,0,-500,VA+EC,*,F,파랗자마자,Inflect,VA,EC,파랗/VA/*+자마자/EC/*
파랗고서,0,0,-500,VA+EC,*,F,파랗고서,Inflect,VA,EC,파랗/VA/*+고서/EC/*
파랗고나서,0,0,-500,VA+EC,*,F,파랗고나서,Inflect,VA,EC,파랗/VA/*+고나서/EC/*
파랗도록,0,0,-500,VA+EC,*,T,파랗도록,Inflect,VA,EC,파랗/VA/*+도록/EC/*
파랗게,0,0,-500,VA+EC,*,F,파랗게,Inflect,VA,EC,파랗/VA/*+게/EC/*
파랗더라도,0,0,-500,VA+EC,*,F,파랗더라도,Inflect,VA,EC,파랗/VA/*+더라도/EC/*
파랗ㄹ지라도,0,0,-500,VA+EC,*,F,파랗ㄹ지라도,Inflect,VA,EC,파랗/VA/*+ㄹ지라도/EC/*
파랗으을지라도,0,0,-500,VA+EC,*,F,파랗으을지라도,Inflect,VA,EC,파랗/VA/*+을지라도/EC/*
파랗ㄹ수록,0,0,-500,VA+EC,*,T,파랗ㄹ수록,Inflect,VA,EC,파랗/VA/*+ㄹ수록/EC/*
파랗으을수록,0,0,-500,VA+EC,*,T,파랗으을수록,Inflect,VA,EC,파랗/VA/*+을수록/EC/*
파랗다고,0,0,-500,VA+EC,*,F,파랗다고,Inflect,VA,EC,파랗/VA/*+다고/EC/*
파랗라고,0,0,-500,VA+EC,*,F,파랗라고,Inflect,VA,EC,파랗/VA/*+라고/EC/*
파랗냐고,0,0,-500,VA+EC,*,F,파랗냐고,Inflect,VA,EC,파랗/VA/*+냐고/EC/*
파랗지,0,0,-500,VA+EC,*,F,파랗지,Inflect,VA,EC,파랗/VA/*+지/EC/*
파랗거나,0,0,-500,VA+EC,*,F,파랗거나,Inflect,VA,EC,파랗/VA/*+거나/EC/*
파랗든지,0,0,-500,VA+EC,*,F,파랗든지,Inflect,VA,EC,파랗/VA/*+든지/EC/*
파랗듯이,0,0,-500,VA+EC,*,F,파랗듯이,Inflect,VA,EC,파랗/VA/*+듯이/EC/*
파랗듯,0,0,-500,VA+EC,*,T,파랗듯,Inflect,VA,EC,파랗/VA/*+듯/EC/*
파랗다,0,0,-500,VA+EF,*,F,파랗다,Inflect,VA,EF,파랗/VA/*+다/EF/*
파래요,0,0,-500,VA+EF,*,F,파래요,Inflect,VA,EF,파랗/VA/*+요/EF/*
파랗ㅂ니다,0,0,-500,VA+EF,*,F,파랗ㅂ니다,Inflect,VA,EF,파랗/VA/*+ㅂ니다/EF/*
파랗으습니다,0,0,-500,VA+EF,*,F,파랗으습니다,Inflect,VA,EF,파랗/VA/*+습니다/EF/*
파랗ㄹ까,0,0,-500,VA+EF,*,F,파랗ㄹ까,Inflect,VA,EF,파랗/VA/*+ㄹ까/EF/*
파랗ㄹ까요,0,0,-500,VA+EF,*,F,파랗ㄹ까요,Inflect,VA,EF,파랗/VA/*+ㄹ까요/EF/*
파랗ㄹ게요,0,0,-500,VA+EF,*,F,파랗ㄹ게요,Inflect,VA,EF,파랗/VA/*+ㄹ게요/EF/*
파랗ㄹ게,0,0,-500,VA+EF,*,F,파랗ㄹ게,Inflect,VA,EF,파랗/VA/*+ㄹ게/EF/*
파랗자,0,0,-500,VA+EF,*,F,파랗자,Inflect,VA,EF,파랗/VA/*+자/EF/*
파랗으세요,0,0,-500,VA+EF,*,F,파랗으세요,Inflect,VA,EF,파랗/VA/*+세요/EF/*
파랬다,0,0,-500,VA+EP+EF,*,F,파랬다,Inflect,VA,EF,파랗/VA/*+았/EP/*+다/EF/*
파랬어요,0,0,-500,VA+EP+EF,*,F,파랬어요,Inflect,VA,EF,파랗/VA/*+았/EP/*+요/EF/*
파랬ㅂ니다,0,0,-500,VA+EP+EF,*,F,파랬ㅂ니다,Inflect,VA,EF,파랗/VA/*+았/EP/*+ㅂ니다/EF/*
파랬으습니다,0,0,-500,VA+EP+EF,*,F,파랬으습니다,Inflect,VA,EF,파랗/VA/*+았/EP/*+습니다/EF/*
파랬ㄹ까,0,0,-500,VA+EP+EF,*,F,파랬ㄹ까,Inflect,VA,EF,파랗/VA/*+았/EP/*+ㄹ까/EF/*
파랬ㄹ까요,0,0,-500,VA+EP+EF,*,F,파랬ㄹ까요,Inflect,VA,EF,파랗/VA/*+았/EP/*+ㄹ까요/EF/*
파랬ㄹ게요,0,0,-500,VA+EP+EF,*,F,파랬ㄹ게요,Inflect,VA,EF,파랗/VA/*+았/EP/*+ㄹ게요/EF/*
파랬ㄹ게,0,0,-500,VA+EP+EF,*,F,파랬ㄹ게,Inflect,VA,EF,파랗/VA/*+았/EP/*+ㄹ게/EF/*
파랬자,0,0,-500,VA+EP+EF,*,F,파랬자,Inflect,VA,EF,파랗/VA/*+았/EP/*+자/EF/*
파랬으세요,0,0,-500,VA+EP+EF,*,F,파랬으세요,Inflect,VA,EF,파랗/VA/*+았/EP/*+세요/EF/*
파랬다,0,0,-500,VA+EP+EF,*,F,파랬다,Inflect,VA,EF,파랗/VA/*+었/EP/*+다/EF/*
파랬어요,0,0,-500,VA+EP+EF,*,F,파랬어요,Inflect,VA,EF,파랗/VA/*+었/EP/*+요/EF/*
파랬ㅂ니다,0,0,-500,VA+EP+EF,*,F,파랬ㅂ니다,Inflect,VA,EF,파랗/VA/*+었/EP/*+ㅂ니다/EF/*
파랬으습니다,0,0,-500,VA+EP+EF,*,F,파랬으습니다,Inflect,VA,EF,파랗/VA/*+었/EP/*+습니다/EF/*
파랬ㄹ까,0,0,-500,VA+EP+EF,*,F,파랬ㄹ까,Inflect,VA,EF,파랗/VA/*+었/EP/*+ㄹ까/EF/*
파랬ㄹ까요,0,0,-500,VA+EP+EF,*,F,파랬ㄹ까요,Inflect,VA,EF,파랗/VA/*+었/EP/*+ㄹ까요/EF/*
파랬ㄹ게요,0,0,-500,VA+EP+EF,*,F,파랬ㄹ게요,Inflect,VA,EF,파랗/VA/*+었/EP/*+ㄹ게요/EF/*
파랬ㄹ게,0,0,-500,VA+EP+EF,*,F,파랬ㄹ게,Inflect,VA,EF,파랗/VA/*+었/EP/*+ㄹ게/EF/*
파랬자,0,0,-500,VA+EP+EF,*,F,파랬자,Inflect,VA,EF,파랗/VA/*+었/EP/*+자/EF/*
파랬으세요,0,0,-500,VA+EP+EF,*,F,파랬으세요,Inflect,VA,EF,파랗/VA/*+었/EP/*+세요/EF/*
파랗으시다,0,0,-500,VA+EP+EF,*,F,파랗으시다,Inflect,VA,EF,파랗/VA/*+시/EP/*+다/EF/*
파랗으셔요,0,0,-500,VA+EP+EF,*,F,파랗으셔요,Inflect,VA,EF,파랗/VA/*+시/EP/*+요/EF/*
파랗으십니다,0,0,-500,VA+EP+EF,*,F,파랗으십니다,Inflect,VA,EF,파랗/VA/*+시/EP/*+ㅂ니다/EF/*
파랗으시습니다,0,0,-500,VA+EP+EF,*,F,파랗으시습니다,Inflect,VA,EF,파랗/VA/*+시/EP/*+습니다/EF/*
파랗으실까,0,0,-500,VA+EP+EF,*,F,파랗으실까,Inflect,VA,EF,파랗/VA/*+시/EP/*+ㄹ까/EF/*
파랗으실까요,0,0,-500,VA+EP+EF,*,F,파랗으실까요,Inflect,VA,EF,파랗/VA/*+시/EP/*+ㄹ까요/EF/*
파랗으실게요,0,0,-500,VA+EP+EF,*,F,파랗으실게요,Inflect,VA,EF,파랗/VA/*+시/EP/*+ㄹ게요/EF/*
파랗으실게,0,0,-500,VA+EP+EF,*,F,파랗으실게,Inflect,VA,EF,파랗/VA/*+시/EP/*+ㄹ게/EF/*
파랗으시자,0,0,-500,VA+EP+EF,*,F,파랗으시자,Inflect,VA,EF,파랗/VA/*+시/EP/*+자/EF/*
파랗으시세요,0,0,-500,VA+EP+EF,*,F,파랗으시세요,Inflect,VA,EF,파랗/VA/*+시/EP/*+세요/EF/*
파랗겠다,0,0,-500,VA+EP+EF,*,F,파랗겠다,Inflect,VA,EF,파랗/VA/*+겠/EP/*+다/EF/*
파랗겠어요,0,0,-500,VA+EP+EF,*,F,파랗겠어요,Inflect,VA,EF,파랗/VA/*+겠/EP/*+요/EF/*
파랗겠ㅂ니다,0,0,-500,VA+EP+EF,*,F,파랗겠ㅂ니다,Inflect,VA,EF,파랗/VA/*+겠/EP/*+ㅂ니다/EF/*
파랗겠으습니다,0,0,-500,VA+EP+EF,*,F,파랗겠으습니다,Inflect,VA,EF,파랗/VA/*+겠/EP/*+습니다/EF/*
파랗겠ㄹ까,0,0,-500,VA+EP+EF,*,F,파랗겠ㄹ까,Inflect,VA,EF,파랗/VA/*+겠/EP/*+ㄹ까/EF/*
파랗겠ㄹ까요,0,0,-500,VA+EP+EF,*,F,파랗겠ㄹ까요,Inflect,VA,EF,파랗/VA/*+겠/EP/*+ㄹ까요/EF/*
파랗겠ㄹ게요,0,0,-500,VA+EP+EF,*,F,파랗겠ㄹ게요,Inflect,VA,EF,파랗/VA/*+겠/EP/*+ㄹ게요/EF/*
파랗겠ㄹ게,0,0,-500,VA+EP+EF,*,F,파랗겠ㄹ게,Inflect,VA,EF,파랗/VA/*+겠/EP/*+ㄹ게/EF/*
파랗겠자,0,0,-500,VA+EP+EF,*,F,파랗겠자,Inflect,VA,EF,파랗/VA/*+겠/EP/*+자/EF/*
파랗겠으세요,0,0,-500,VA+EP+EF,*,F,파랗겠으세요,Inflect,VA,EF,파랗/VA/*+겠/EP/*+세요/EF/*
노랗는,0,0,-500,VA+ETM,*,T,노랗는,Inflect,VA,ETM,노랗/VA/*+는/ETM/*
노랗ㄴ,0,0,-500,VA+ETM,*,F,노랗ㄴ,Inflect,VA,ETM,노랗/VA/*+ㄴ/ETM/*
노랗으은,0,0,-500,VA+ETM,*,T,노랗으은,Inflect,VA,ETM,노랗/VA/*+은/ETM/*
노랗ㄹ,0,0,-500,VA+ETM,*,F,노랗ㄹ,Inflect,VA,ETM,노랗/VA/*+ㄹ/ETM/*
노랗으을,0,0,-500,VA+ETM,*,T,노랗으을,Inflect,VA,ETM,노랗/VA/*+을/ETM/*
노랗고,0,0,-500,VA+EC,*,F,노랗고,Inflect,VA,EC,노랗/VA/*+고/EC/*
노래서,0,0,-500,VA+EC,*,F,노래서,Inflect,VA,EC,노랗/VA/*+서/EC/*
노랗으니까,0,0,-500,VA+EC,*,F,노랗으니까,Inflect,VA,EC,노랗/VA/*+니까/EC/*
노랗으니,0,0,-500,VA+EC,*,F,노랗으니,Inflect,VA,EC,노랗/VA/*+니/EC/*
노랗으면,0,0,-500,VA+EC,*,T,노랗으면,Inflect,VA,EC,노랗/VA/*+면/EC/*
노랗지만,0,0,-500,VA+EC,*,T,노랗지만,Inflect,VA,EC,노랗/VA/*+지만/EC/*
노랗는데,0,0,-500,VA+EC,*,F,노랗는데,Inflect,VA,EC,노랗/VA/*+는데/EC/*
노랗ㄴ데,0,0,-500,VA+EC,*,F,노랗ㄴ데,Inflect,VA,EC,노랗/VA/*+ㄴ데/EC/*
노랗으은데,0,0,-500,VA+EC,*,F,노랗으은데,Inflect,VA,EC,노랗/VA/*+은데/EC/*
노랗으면서,0,0,-500,VA+EC,*,F,노랗으면서,Inflect,VA,EC,노랗/VA/*+면서/EC/*
노랗으며,0,0,-500,VA+EC,*,F,노랗으며,Inflect,VA,EC,노랗/VA/*+며/EC/*
노랗으러,0,0,-500,VA+EC,*,F,노랗으러,Inflect,VA,EC,노랗/VA/*+러/EC/*
노랗으려고,0,0,-500,VA+EC,*,F,노랗으려고,Inflect,VA,EC,노랗/VA/*+려고/EC/*
노랗으려,0,0,-500,VA+EC,*,F,노랗으려,Inflect,VA,EC,노랗/VA/*+려/EC/*
노래도,0,0,-500,VA+EC,*,F,노래도,Inflect,VA,EC,노랗/VA/*+도/EC/*
노랗다가,0,0,-500,VA+EC,*,F,노랗다가,Inflect,VA,EC,노랗/VA/*+다가/EC/*
노랗자,0,0,-500,VA+EC,*,F,노랗자,Inflect,VA,EC,노랗/VA/*+자/EC/*
노랗자마자,0,0,-500,VA+EC,*,F,노랗자마자,Inflect,VA,EC,노랗/VA/*+자마자/EC/*
노랗고서,0,0,-500,VA+EC,*,F,노랗고서,Inflect,VA,EC,노랗/VA/*+고서/EC/*
노랗고나서,0,0,-500,VA+EC,*,F,노랗고나서,Inflect,VA,EC,노랗/VA/*+고나서/EC/*
노랗도록,0,0,-500,VA+EC,*,T,노랗도록,Inflect,VA,EC,노랗/VA/*+도록/EC/*
노랗게,0,0,-500,VA+EC,*,F,노랗게,Inflect,VA,EC,노랗/VA/*+게/EC/*
노랗더라도,0,0,-500,VA+EC,*,F,노랗더라도,Inflect,VA,EC,노랗/VA/*+더라도/EC/*
노랗ㄹ지라도,0,0,-500,VA+EC,*,F,노랗ㄹ지라도,Inflect,VA,EC,노랗/VA/*+ㄹ지라도/EC/*
노랗으을지라도,0,0,-500,VA+EC,*,F,노랗으을지라도,Inflect,VA,EC,노랗/VA/*+을지라도/EC/*
노랗ㄹ수록,0,0,-500,VA+EC,*,T,노랗ㄹ수록,Inflect,VA,EC,노랗/VA/*+ㄹ수록/EC/*
노랗으을수록,0,0,-500,VA+EC,*,T,노랗으을수록,Inflect,VA,EC,노랗/VA/*+을수록/EC/*
노랗다고,0,0,-500,VA+EC,*,F,노랗다고,Inflect,VA,EC,노랗/VA/*+다고/EC/*
노랗라고,0,0,-500,VA+EC,*,F,노랗라고,Inflect,VA,EC,노랗/VA/*+라고/EC/*
노랗냐고,0,0,-500,VA+EC,*,F,노랗냐고,Inflect,VA,EC,노랗/VA/*+냐고/EC/*
노랗지,0,0,-500,VA+EC,*,F,노랗지,Inflect,VA,EC,노랗/VA/*+지/EC/*
노랗거나,0,0,-500,VA+EC,*,F,노랗거나,Inflect,VA,EC,노랗/VA/*+거나/EC/*
노랗든지,0,0,-500,VA+EC,*,F,노랗든지,Inflect,VA,EC,노랗/VA/*+든지/EC/*
노랗듯이,0,0,-500,VA+EC,*,F,노랗듯이,Inflect,VA,EC,노랗/VA/*+듯이/EC/*
노랗듯,0,0,-500,VA+EC,*,T,노랗듯,Inflect,VA,EC,노랗/VA/*+듯/EC/*
노랗다,0,0,-500,VA+EF,*,F,노랗다,Inflect,VA,EF,노랗/VA/*+다/EF/*
노래요,0,0,-500,VA+EF,*,F,노래요,Inflect,VA,EF,노랗/VA/*+요/EF/*
노랗ㅂ니다,0,0,-500,VA+EF,*,F,노랗ㅂ니다,Inflect,VA,EF,노랗/VA/*+ㅂ니다/EF/*
노랗으습니다,0,0,-500,VA+EF,*,F,노랗으습니다,Inflect,VA,EF,노랗/VA/*+습니다/EF/*
노랗ㄹ까,0,0,-500,VA+EF,*,F,노랗ㄹ까,Inflect,VA,EF,노랗/VA/*+ㄹ까/EF/*
노랗ㄹ까요,0,0,-500,VA+EF,*,F,노랗ㄹ까요,Inflect,VA,EF,노랗/VA/*+ㄹ까요/EF/*
노랗ㄹ게요,0,0,-500,VA+EF,*,F,노랗ㄹ게요,Inflect,VA,EF,노랗/VA/*+ㄹ게요/EF/*
노랗ㄹ게,0,0,-500,VA+EF,*,F,노랗ㄹ게,Inflect,VA,EF,노랗/VA/*+ㄹ게/EF/*
노랗자,0,0,-500,VA+EF,*,F,노랗자,Inflect,VA,EF,노랗/VA/*+자/EF/*
노랗으세요,0,0,-500,VA+EF,*,F,노랗으세요,Inflect,VA,EF,노랗/VA/*+세요/EF/*
노랬다,0,0,-500,VA+EP+EF,*,F,노랬다,Inflect,VA,EF,노랗/VA/*+았/EP/*+다/EF/*
노랬어요,0,0,-500,VA+EP+EF,*,F,노랬어요,Inflect,VA,EF,노랗/VA/*+았/EP/*+요/EF/*
노랬ㅂ니다,0,0,-500,VA+EP+EF,*,F,노랬ㅂ니다,Inflect,VA,EF,노랗/VA/*+았/EP/*+ㅂ니다/EF/*
노랬으습니다,0,0,-500,VA+EP+EF,*,F,노랬으습니다,Inflect,VA,EF,노랗/VA/*+았/EP/*+습니다/EF/*
노랬ㄹ까,0,0,-500,VA+EP+EF,*,F,노랬ㄹ까,Inflect,VA,EF,노랗/VA/*+았/EP/*+ㄹ까/EF/*
노랬ㄹ까요,0,0,-500,VA+EP+EF,*,F,노랬ㄹ까요,Inflect,VA,EF,노랗/VA/*+았/EP/*+ㄹ까요/EF/*
노랬ㄹ게요,0,0,-500,VA+EP+EF,*,F,노랬ㄹ게요,Inflect,VA,EF,노랗/VA/*+았/EP/*+ㄹ게요/EF/*
노랬ㄹ게,0,0,-500,VA+EP+EF,*,F,노랬ㄹ게,Inflect,VA,EF,노랗/VA/*+았/EP/*+ㄹ게/EF/*
노랬자,0,0,-500,VA+EP+EF,*,F,노랬자,Inflect,VA,EF,노랗/VA/*+았/EP/*+자/EF/*
노랬으세요,0,0,-500,VA+EP+EF,*,F,노랬으세요,Inflect,VA,EF,노랗/VA/*+았/EP/*+세요/EF/*
노랬다,0,0,-500,VA+EP+EF,*,F,노랬다,Inflect,VA,EF,노랗/VA/*+었/EP/*+다/EF/*
노랬어요,0,0,-500,VA+EP+EF,*,F,노랬어요,Inflect,VA,EF,노랗/VA/*+었/EP/*+요/EF/*
노랬ㅂ니다,0,0,-500,VA+EP+EF,*,F,노랬ㅂ니다,Inflect,VA,EF,노랗/VA/*+었/EP/*+ㅂ니다/EF/*
노랬으습니다,0,0,-500,VA+EP+EF,*,F,노랬으습니다,Inflect,VA,EF,노랗/VA/*+었/EP/*+습니다/EF/*
노랬ㄹ까,0,0,-500,VA+EP+EF,*,F,노랬ㄹ까,Inflect,VA,EF,노랗/VA/*+었/EP/*+ㄹ까/EF/*
노랬ㄹ까요,0,0,-500,VA+EP+EF,*,F,노랬ㄹ까요,Inflect,VA,EF,노랗/VA/*+었/EP/*+ㄹ까요/EF/*
노랬ㄹ게요,0,0,-500,VA+EP+EF,*,F,노랬ㄹ게요,Inflect,VA,EF,노랗/VA/*+었/EP/*+ㄹ게요/EF/*
노랬ㄹ게,0,0,-500,VA+EP+EF,*,F,노랬ㄹ게,Inflect,VA,EF,노랗/VA/*+었/EP/*+ㄹ게/EF/*
노랬자,0,0,-500,VA+EP+EF,*,F,노랬자,Inflect,VA,EF,노랗/VA/*+었/EP/*+자/EF/*
노랬으세요,0,0,-500,VA+EP+EF,*,F,노랬으세요,Inflect,VA,EF,노랗/VA/*+었/EP/*+세요/EF/*
노랗으시다,0,0,-500,VA+EP+EF,*,F,노랗으시다,Inflect,VA,EF,노랗/VA/*+시/EP/*+다/EF/*
노랗으셔요,0,0,-500,VA+EP+EF,*,F,노랗으셔요,Inflect,VA,EF,노랗/VA/*+시/EP/*+요/EF/*
노랗으십니다,0,0,-500,VA+EP+EF,*,F,노랗으십니다,Inflect,VA,EF,노랗/VA/*+시/EP/*+ㅂ니다/EF/*
노랗으시습니다,0,0,-500,VA+EP+EF,*,F,노랗으시습니다,Inflect,VA,EF,노랗/VA/*+시/EP/*+습니다/EF/*
노랗으실까,0,0,-500,VA+EP+EF,*,F,노랗으실까,Inflect,VA,EF,노랗/VA/*+시/EP/*+ㄹ까/EF/*
노랗으실까요,0,0,-500,VA+EP+EF,*,F,노랗으실까요,Inflect,VA,EF,노랗/VA/*+시/EP/*+ㄹ까요/EF/*
노랗으실게요,0,0,-500,VA+EP+EF,*,F,노랗으실게요,Inflect,VA,EF,노랗/VA/*+시/EP/*+ㄹ게요/EF/*
노랗으실게,0,0,-500,VA+EP+EF,*,F,노랗으실게,Inflect,VA,EF,노랗/VA/*+시/EP/*+ㄹ게/EF/*
노랗으시자,0,0,-500,VA+EP+EF,*,F,노랗으시자,Inflect,VA,EF,노랗/VA/*+시/EP/*+자/EF/*
노랗으시세요,0,0,-500,VA+EP+EF,*,F,노랗으시세요,Inflect,VA,EF,노랗/VA/*+시/EP/*+세요/EF/*
노랗겠다,0,0,-500,VA+EP+EF,*,F,노랗겠다,Inflect,VA,EF,노랗/VA/*+겠/EP/*+다/EF/*
노랗겠어요,0,0,-500,VA+EP+EF,*,F,노랗겠어요,Inflect,VA,EF,노랗/VA/*+겠/EP/*+요/EF/*
노랗겠ㅂ니다,0,0,-500,VA+EP+EF,*,F,노랗겠ㅂ니다,Inflect,VA,EF,노랗/VA/*+겠/EP/*+ㅂ니다/EF/*
노랗겠으습니다,0,0,-500,VA+EP+EF,*,F,노랗겠으습니다,Inflect,VA,EF,노랗/VA/*+겠/EP/*+습니다/EF/*
노랗겠ㄹ까,0,0,-500,VA+EP+EF,*,F,노랗겠ㄹ까,Inflect,VA,EF,노랗/VA/*+겠/EP/*+ㄹ까/EF/*
노랗겠ㄹ까요,0,0,-500,VA+EP+EF,*,F,노랗겠ㄹ까요,Inflect,VA,EF,노랗/VA/*+겠/EP/*+ㄹ까요/EF/*
노랗겠ㄹ게요,0,0,-500,VA+EP+EF,*,F,노랗겠ㄹ게요,Inflect,VA,EF,노랗/VA/*+겠/EP/*+ㄹ게요/EF/*
노랗겠ㄹ게,0,0,-500,VA+EP+EF,*,F,노랗겠ㄹ게,Inflect,VA,EF,노랗/VA/*+겠/EP/*+ㄹ게/EF/*
노랗겠자,0,0,-500,VA+EP+EF,*,F,노랗겠자,Inflect,VA,EF,노랗/VA/*+겠/EP/*+자/EF/*
노랗겠으세요,0,0,-500,VA+EP+EF,*,F,노랗겠으세요,Inflect,VA,EF,노랗/VA/*+겠/EP/*+세요/EF/*
하얗는,0,0,-500,VA+ETM,*,T,하얗는,Inflect,VA,ETM,하얗/VA/*+는/ETM/*
하얗ㄴ,0,0,-500,VA+ETM,*,F,하얗ㄴ,Inflect,VA,ETM,하얗/VA/*+ㄴ/ETM/*
하얗으은,0,0,-500,VA+ETM,*,T,하얗으은,Inflect,VA,ETM,하얗/VA/*+은/ETM/*
하얗ㄹ,0,0,-500,VA+ETM,*,F,하얗ㄹ,Inflect,VA,ETM,하얗/VA/*+ㄹ/ETM/*
하얗으을,0,0,-500,VA+ETM,*,T,하얗으을,Inflect,VA,ETM,하얗/VA/*+을/ETM/*
하얗고,0,0,-500,VA+EC,*,F,하얗고,Inflect,VA,EC,하얗/VA/*+고/EC/*
하애서,0,0,-500,VA+EC,*,F,하애서,Inflect,VA,EC,하얗/VA/*+서/EC/*
하얗으니까,0,0,-500,VA+EC,*,F,하얗으니까,Inflect,VA,EC,하얗/VA/*+니까/EC/*
하얗으니,0,0,-500,VA+EC,*,F,하얗으니,Inflect,VA,EC,하얗/VA/*+니/EC/*
하얗으면,0,0,-500,VA+EC,*,T,하얗으면,Inflect,VA,EC,하얗/VA/*+면/EC/*
하얗지만,0,0,-500,VA+EC,*,T,하얗지만,Inflect,VA,EC,하얗/VA/*+지만/EC/*
하얗는데,0,0,-500,VA+EC,*,F,하얗는데,Inflect,VA,EC,하얗/VA/*+는데/EC/*
하얗ㄴ데,0,0,-500,VA+EC,*,F,하얗ㄴ데,Inflect,VA,EC,하얗/VA/*+ㄴ데/EC/*
하얗으은데,0,0,-500,VA+EC,*,F,하얗으은데,Inflect,VA,EC,하얗/VA/*+은데/EC/*
하얗으면서,0,0,-500,VA+EC,*,F,하얗으면서,Inflect,VA,EC,하얗/VA/*+면서/EC/*
하얗으며,0,0,-500,VA+EC,*,F,하얗으며,Inflect,VA,EC,하얗/VA/*+며/EC/*
하얗으러,0,0,-500,VA+EC,*,F,하얗으러,Inflect,VA,EC,하얗/VA/*+러/EC/*
하얗으려고,0,0,-500,VA+EC,*,F,하얗으려고,Inflect,VA,EC,하얗/VA/*+려고/EC/*
하얗으려,0,0,-500,VA+EC,*,F,하얗으려,Inflect,VA,EC,하얗/VA/*+려/EC/*
하애도,0,0,-500,VA+EC,*,F,하애도,Inflect,VA,EC,하얗/VA/*+도/EC/*
하얗다가,0,0,-500,VA+EC,*,F,하얗다가,Inflect,VA,EC,하얗/VA/*+다가/EC/*
하얗자,0,0,-500,VA+EC,*,F,하얗자,Inflect,VA,EC,하얗/VA/*+자/EC/*
하얗자마자,0,0,-500,VA+EC,*,F,하얗자마자,Inflect,VA,EC,하얗/VA/*+자마자/EC/*
하얗고서,0,0,-500,VA+EC,*,F,하얗고서,Inflect,VA,EC,하얗/VA/*+고서/EC/*
하얗고나서,0,0,-500,VA+EC,*,F,하얗고나서,Inflect,VA,EC,하얗/VA/*+고나서/EC/*
하얗도록,0,0,-500,VA+EC,*,T,하얗도록,Inflect,VA,EC,하얗/VA/*+도록/EC/*
하얗게,0,0,-500,VA+EC,*,F,하얗게,Inflect,VA,EC,하얗/VA/*+게/EC/*
하얗더라도,0,0,-500,VA+EC,*,F,하얗더라도,Inflect,VA,EC,하얗/VA/*+더라도/EC/*
하얗ㄹ지라도,0,0,-500,VA+EC,*,F,하얗ㄹ지라도,Inflect,VA,EC,하얗/VA/*+ㄹ지라도/EC/*
하얗으을지라도,0,0,-500,VA+EC,*,F,하얗으을지라도,Inflect,VA,EC,하얗/VA/*+을지라도/EC/*
하얗ㄹ수록,0,0,-500,VA+EC,*,T,하얗ㄹ수록,Inflect,VA,EC,하얗/VA/*+ㄹ수록/EC/*
하얗으을수록,0,0,-500,VA+EC,*,T,하얗으을수록,Inflect,VA,EC,하얗/VA/*+을수록/EC/*
하얗다고,0,0,-500,VA+EC,*,F,하얗다고,Inflect,VA,EC,하얗/VA/*+다고/EC/*
하얗라고,0,0,-500,VA+EC,*,F,하얗라고,Inflect,VA,EC,하얗/VA/*+라고/EC/*
하얗냐고,0,0,-500,VA+EC,*,F,하얗냐고,Inflect,VA,EC,하얗/VA/*+냐고/EC/*
하얗지,0,0,-500,VA+EC,*,F,하얗지,Inflect,VA,EC,하얗/VA/*+지/EC/*
하얗거나,0,0,-500,VA+EC,*,F,하얗거나,Inflect,VA,EC,하얗/VA/*+거나/EC/*
하얗든지,0,0,-500,VA+EC,*,F,하얗든지,Inflect,VA,EC,하얗/VA/*+든지/EC/*
하얗듯이,0,0,-500,VA+EC,*,F,하얗듯이,Inflect,VA,EC,하얗/VA/*+듯이/EC/*
하얗듯,0,0,-500,VA+EC,*,T,하얗듯,Inflect,VA,EC,하얗/VA/*+듯/EC/*
하얗다,0,0,-500,VA+EF,*,F,하얗다,Inflect,VA,EF,하얗/VA/*+다/EF/*
하애요,0,0,-500,VA+EF,*,F,하애요,Inflect,VA,EF,하얗/VA/*+요/EF/*
하얗ㅂ니다,0,0,-500,VA+EF,*,F,하얗ㅂ니다,Inflect,VA,EF,하얗/VA/*+ㅂ니다/EF/*
하얗으습니다,0,0,-500,VA+EF,*,F,하얗으습니다,Inflect,VA,EF,하얗/VA/*+습니다/EF/*
하얗ㄹ까,0,0,-500,VA+EF,*,F,하얗ㄹ까,Inflect,VA,EF,하얗/VA/*+ㄹ까/EF/*
하얗ㄹ까요,0,0,-500,VA+EF,*,F,하얗ㄹ까요,Inflect,VA,EF,하얗/VA/*+ㄹ까요/EF/*
하얗ㄹ게요,0,0,-500,VA+EF,*,F,하얗ㄹ게요,Inflect,VA,EF,하얗/VA/*+ㄹ게요/EF/*
하얗ㄹ게,0,0,-500,VA+EF,*,F,하얗ㄹ게,Inflect,VA,EF,하얗/VA/*+ㄹ게/EF/*
하얗자,0,0,-500,VA+EF,*,F,하얗자,Inflect,VA,EF,하얗/VA/*+자/EF/*
하얗으세요,0,0,-500,VA+EF,*,F,하얗으세요,Inflect,VA,EF,하얗/VA/*+세요/EF/*
하앴다,0,0,-500,VA+EP+EF,*,F,하앴다,Inflect,VA,EF,하얗/VA/*+았/EP/*+다/EF/*
하앴어요,0,0,-500,VA+EP+EF,*,F,하앴어요,Inflect,VA,EF,하얗/VA/*+았/EP/*+요/EF/*
하앴ㅂ니다,0,0,-500,VA+EP+EF,*,F,하앴ㅂ니다,Inflect,VA,EF,하얗/VA/*+았/EP/*+ㅂ니다/EF/*
하앴으습니다,0,0,-500,VA+EP+EF,*,F,하앴으습니다,Inflect,VA,EF,하얗/VA/*+았/EP/*+습니다/EF/*
하앴ㄹ까,0,0,-500,VA+EP+EF,*,F,하앴ㄹ까,Inflect,VA,EF,하얗/VA/*+았/EP/*+ㄹ까/EF/*
하앴ㄹ까요,0,0,-500,VA+EP+EF,*,F,하앴ㄹ까요,Inflect,VA,EF,하얗/VA/*+았/EP/*+ㄹ까요/EF/*
하앴ㄹ게요,0,0,-500,VA+EP+EF,*,F,하앴ㄹ게요,Inflect,VA,EF,하얗/VA/*+았/EP/*+ㄹ게요/EF/*
하앴ㄹ게,0,0,-500,VA+EP+EF,*,F,하앴ㄹ게,Inflect,VA,EF,하얗/VA/*+았/EP/*+ㄹ게/EF/*
하앴자,0,0,-500,VA+EP+EF,*,F,하앴자,Inflect,VA,EF,하얗/VA/*+았/EP/*+자/EF/*
하앴으세요,0,0,-500,VA+EP+EF,*,F,하앴으세요,Inflect,VA,EF,하얗/VA/*+았/EP/*+세요/EF/*
하앴다,0,0,-500,VA+EP+EF,*,F,하앴다,Inflect,VA,EF,하얗/VA/*+었/EP/*+다/EF/*
하앴어요,0,0,-500,VA+EP+EF,*,F,하앴어요,Inflect,VA,EF,하얗/VA/*+었/EP/*+요/EF/*
하앴ㅂ니다,0,0,-500,VA+EP+EF,*,F,하앴ㅂ니다,Inflect,VA,EF,하얗/VA/*+었/EP/*+ㅂ니다/EF/*
하앴으습니다,0,0,-500,VA+EP+EF,*,F,하앴으습니다,Inflect,VA,EF,하얗/VA/*+었/EP/*+습니다/EF/*
하앴ㄹ까,0,0,-500,VA+EP+EF,*,F,하앴ㄹ까,Inflect,VA,EF,하얗/VA/*+었/EP/*+ㄹ까/EF/*
하앴ㄹ까요,0,0,-500,VA+EP+EF,*,F,하앴ㄹ까요,Inflect,VA,EF,하얗/VA/*+었/EP/*+ㄹ까요/EF/*
하앴ㄹ게요,0,0,-500,VA+EP+EF,*,F,하앴ㄹ게요,Inflect,VA,EF,하얗/VA/*+었/EP/*+ㄹ게요/EF/*
하앴ㄹ게,0,0,-500,VA+EP+EF,*,F,하앴ㄹ게,Inflect,VA,EF,하얗/VA/*+었/EP/*+ㄹ게/EF/*
하앴자,0,0,-500,VA+EP+EF,*,F,하앴자,Inflect,VA,EF,하얗/VA/*+었/EP/*+자/EF/*
하앴으세요,0,0,-500,VA+EP+EF,*,F,하앴으세요,Inflect,VA,EF,하얗/VA/*+었/EP/*+세요/EF/*
하얗으시다,0,0,-500,VA+EP+EF,*,F,하얗으시다,Inflect,VA,EF,하얗/VA/*+시/EP/*+다/EF/*
하얗으셔요,0,0,-500,VA+EP+EF,*,F,하얗으셔요,Inflect,VA,EF,하얗/VA/*+시/EP/*+요/EF/*
하얗으십니다,0,0,-500,VA+EP+EF,*,F,하얗으십니다,Inflect,VA,EF,하얗/VA/*+시/EP/*+ㅂ니다/EF/*
하얗으시습니다,0,0,-500,VA+EP+EF,*,F,하얗으시습니다,Inflect,VA,EF,하얗/VA/*+시/EP/*+습니다/EF/*
하얗으실까,0,0,-500,VA+EP+EF,*,F,하얗으실까,Inflect,VA,EF,하얗/VA/*+시/EP/*+ㄹ까/EF/*
하얗으실까요,0,0,-500,VA+EP+EF,*,F,하얗으실까요,Inflect,VA,EF,하얗/VA/*+시/EP/*+ㄹ까요/EF/*
하얗으실게요,0,0,-500,VA+EP+EF,*,F,하얗으실게요,Inflect,VA,EF,하얗/VA/*+시/EP/*+ㄹ게요/EF/*
하얗으실게,0,0,-500,VA+EP+EF,*,F,하얗으실게,Inflect,VA,EF,하얗/VA/*+시/EP/*+ㄹ게/EF/*
하얗으시자,0,0,-500,VA+EP+EF,*,F,하얗으시자,Inflect,VA,EF,하얗/VA/*+시/EP/*+자/EF/*
하얗으시세요,0,0,-500,VA+EP+EF,*,F,하얗으시세요,Inflect,VA,EF,하얗/VA/*+시/EP/*+세요/EF/*
하얗겠다,0,0,-500,VA+EP+EF,*,F,하얗겠다,Inflect,VA,EF,하얗/VA/*+겠/EP/*+다/EF/*
하얗겠어요,0,0,-500,VA+EP+EF,*,F,하얗겠어요,Inflect,VA,EF,하얗/VA/*+겠/EP/*+요/EF/*
하얗겠ㅂ니다,0,0,-500,VA+EP+EF,*,F,하얗겠ㅂ니다,Inflect,VA,EF,하얗/VA/*+겠/EP/*+ㅂ니다/EF/*
하얗겠으습니다,0,0,-500,VA+EP+EF,*,F,하얗겠으습니다,Inflect,VA,EF,하얗/VA/*+겠/EP/*+습니다/EF/*
하얗겠ㄹ까,0,0,-500,VA+EP+EF,*,F,하얗겠ㄹ까,Inflect,VA,EF,하얗/VA/*+겠/EP/*+ㄹ까/EF/*
하얗겠ㄹ까요,0,0,-500,VA+EP+EF,*,F,하얗겠ㄹ까요,Inflect,VA,EF,하얗/VA/*+겠/EP/*+ㄹ까요/EF/*
하얗겠ㄹ게요,0,0,-500,VA+EP+EF,*,F,하얗겠ㄹ게요,Inflect,VA,EF,하얗/VA/*+겠/EP/*+ㄹ게요/EF/*
하얗겠ㄹ게,0,0,-500,VA+EP+EF,*,F,하얗겠ㄹ게,Inflect,VA,EF,하얗/VA/*+겠/EP/*+ㄹ게/EF/*
하얗겠자,0,0,-500,VA+EP+EF,*,F,하얗겠자,Inflect,VA,EF,하얗/VA/*+겠/EP/*+자/EF/*
하얗겠으세요,0,0,-500,VA+EP+EF,*,F,하얗겠으세요,Inflect,VA,EF,하얗/VA/*+겠/EP/*+세요/EF/*
까맣는,0,0,-500,VA+ETM,*,T,까맣는,Inflect,VA,ETM,까맣/VA/*+는/ETM/*
까맣ㄴ,0,0,-500,VA+ETM,*,F,까맣ㄴ,Inflect,VA,ETM,까맣/VA/*+ㄴ/ETM/*
까맣으은,0,0,-500,VA+ETM,*,T,까맣으은,Inflect,VA,ETM,까맣/VA/*+은/ETM/*
까맣ㄹ,0,0,-500,VA+ETM,*,F,까맣ㄹ,Inflect,VA,ETM,까맣/VA/*+ㄹ/ETM/*
까맣으을,0,0,-500,VA+ETM,*,T,까맣으을,Inflect,VA,ETM,까맣/VA/*+을/ETM/*
까맣고,0,0,-500,VA+EC,*,F,까맣고,Inflect,VA,EC,까맣/VA/*+고/EC/*
까매서,0,0,-500,VA+EC,*,F,까매서,Inflect,VA,EC,까맣/VA/*+서/EC/*
까맣으니까,0,0,-500,VA+EC,*,F,까맣으니까,Inflect,VA,EC,까맣/VA/*+니까/EC/*
까맣으니,0,0,-500,VA+EC,*,F,까맣으니,Inflect,VA,EC,까맣/VA/*+니/EC/*
까맣으면,0,0,-500,VA+EC,*,T,까맣으면,Inflect,VA,EC,까맣/VA/*+면/EC/*
까맣지만,0,0,-500,VA+EC,*,T,까맣지만,Inflect,VA,EC,까맣/VA/*+지만/EC/*
까맣는데,0,0,-500,VA+EC,*,F,까맣는데,Inflect,VA,EC,까맣/VA/*+는데/EC/*
까맣ㄴ데,0,0,-500,VA+EC,*,F,까맣ㄴ데,Inflect,VA,EC,까맣/VA/*+ㄴ데/EC/*
까맣으은데,0,0,-500,VA+EC,*,F,까맣으은데,Inflect,VA,EC,까맣/VA/*+은데/EC/*
까맣으면서,0,0,-500,VA+EC,*,F,까맣으면서,Inflect,VA,EC,까맣/VA/*+면서/EC/*
까맣으며,0,0,-500,VA+EC,*,F,까맣으며,Inflect,VA,EC,까맣/VA/*+며/EC/*
까맣으러,0,0,-500,VA+EC,*,F,까맣으러,Inflect,VA,EC,까맣/VA/*+러/EC/*
까맣으려고,0,0,-500,VA+EC,*,F,까맣으려고,Inflect,VA,EC,까맣/VA/*+려고/EC/*
까맣으려,0,0,-500,VA+EC,*,F,까맣으려,Inflect,VA,EC,까맣/VA/*+려/EC/*
까매도,0,0,-500,VA+EC,*,F,까매도,Inflect,VA,EC,까맣/VA/*+도/EC/*
까맣다가,0,0,-500,VA+EC,*,F,까맣다가,Inflect,VA,EC,까맣/VA/*+다가/EC/*
까맣자,0,0,-500,VA+EC,*,F,까맣자,Inflect,VA,EC,까맣/VA/*+자/EC/*
까맣자마자,0,0,-500,VA+EC,*,F,까맣자마자,Inflect,VA,EC,까맣/VA/*+자마자/EC/*
까맣고서,0,0,-500,VA+EC,*,F,까맣고서,Inflect,VA,EC,까맣/VA/*+고서/EC/*
까맣고나서,0,0,-500,VA+EC,*,F,까맣고나서,Inflect,VA,EC,까맣/VA/*+고나서/EC/*
까맣도록,0,0,-500,VA+EC,*,T,까맣도록,Inflect,VA,EC,까맣/VA/*+도록/EC/*
까맣게,0,0,-500,VA+EC,*,F,까맣게,Inflect,VA,EC,까맣/VA/*+게/EC/*
까맣더라도,0,0,-500,VA+EC,*,F,까맣더라도,Inflect,VA,EC,까맣/VA/*+더라도/EC/*
까맣ㄹ지라도,0,0,-500,VA+EC,*,F,까맣ㄹ지라도,Inflect,VA,EC,까맣/VA/*+ㄹ지라도/EC/*
까맣으을지라도,0,0,-500,VA+EC,*,F,까맣으을지라도,Inflect,VA,EC,까맣/VA/*+을지라도/EC/*
까맣ㄹ수록,0,0,-500,VA+EC,*,T,까맣ㄹ수록,Inflect,VA,EC,까맣/VA/*+ㄹ수록/EC/*
까맣으을수록,0,0,-500,VA+EC,*,T,까맣으을수록,Inflect,VA,EC,까맣/VA/*+을수록/EC/*
까맣다고,0,0,-500,VA+EC,*,F,까맣다고,Inflect,VA,EC,까맣/VA/*+다고/EC/*
까맣라고,0,0,-500,VA+EC,*,F,까맣라고,Inflect,VA,EC,까맣/VA/*+라고/EC/*
까맣냐고,0,0,-500,VA+EC,*,F,까맣냐고,Inflect,VA,EC,까맣/VA/*+냐고/EC/*
까맣지,0,0,-500,VA+EC,*,F,까맣지,Inflect,VA,EC,까맣/VA/*+지/EC/*
까맣거나,0,0,-500,VA+EC,*,F,까맣거나,Inflect,VA,EC,까맣/VA/*+거나/EC/*
까맣든지,0,0,-500,VA+EC,*,F,까맣든지,Inflect,VA,EC,까맣/VA/*+든지/EC/*
까맣듯이,0,0,-500,VA+EC,*,F,까맣듯이,Inflect,VA,EC,까맣/VA/*+듯이/EC/*
까맣듯,0,0,-500,VA+EC,*,T,까맣듯,Inflect,VA,EC,까맣/VA/*+듯/EC/*
까맣다,0,0,-500,VA+EF,*,F,까맣다,Inflect,VA,EF,까맣/VA/*+다/EF/*
까매요,0,0,-500,VA+EF,*,F,까매요,Inflect,VA,EF,까맣/VA/*+요/EF/*
까맣ㅂ니다,0,0,-500,VA+EF,*,F,까맣ㅂ니다,Inflect,VA,EF,까맣/VA/*+ㅂ니다/EF/*
까맣으습니다,0,0,-500,VA+EF,*,F,까맣으습니다,Inflect,VA,EF,까맣/VA/*+습니다/EF/*
까맣ㄹ까,0,0,-500,VA+EF,*,F,까맣ㄹ까,Inflect,VA,EF,까맣/VA/*+ㄹ까/EF/*
까맣ㄹ까요,0,0,-500,VA+EF,*,F,까맣ㄹ까요,Inflect,VA,EF,까맣/VA/*+ㄹ까요/EF/*
까맣ㄹ게요,0,0,-500,VA+EF,*,F,까맣ㄹ게요,Inflect,VA,EF,까맣/VA/*+ㄹ게요/EF/*
까맣ㄹ게,0,0,-500,VA+EF,*,F,까맣ㄹ게,Inflect,VA,EF,까맣/VA/*+ㄹ게/EF/*
까맣자,0,0,-500,VA+EF,*,F,까맣자,Inflect,VA,EF,까맣/VA/*+자/EF/*
까맣으세요,0,0,-500,VA+EF,*,F,까맣으세요,Inflect,VA,EF,까맣/VA/*+세요/EF/*
까맸다,0,0,-500,VA+EP+EF,*,F,까맸다,Inflect,VA,EF,까맣/VA/*+았/EP/*+다/EF/*
까맸어요,0,0,-500,VA+EP+EF,*,F,까맸어요,Inflect,VA,EF,까맣/VA/*+았/EP/*+요/EF/*
까맸ㅂ니다,0,0,-500,VA+EP+EF,*,F,까맸ㅂ니다,Inflect,VA,EF,까맣/VA/*+았/EP/*+ㅂ니다/EF/*
까맸으습니다,0,0,-500,VA+EP+EF,*,F,까맸으습니다,Inflect,VA,EF,까맣/VA/*+았/EP/*+습니다/EF/*
까맸ㄹ까,0,0,-500,VA+EP+EF,*,F,까맸ㄹ까,Inflect,VA,EF,까맣/VA/*+았/EP/*+ㄹ까/EF/*
까맸ㄹ까요,0,0,-500,VA+EP+EF,*,F,까맸ㄹ까요,Inflect,VA,EF,까맣/VA/*+았/EP/*+ㄹ까요/EF/*
까맸ㄹ게요,0,0,-500,VA+EP+EF,*,F,까맸ㄹ게요,Inflect,VA,EF,까맣/VA/*+았/EP/*+ㄹ게요/EF/*
까맸ㄹ게,0,0,-500,VA+EP+EF,*,F,까맸ㄹ게,Inflect,VA,EF,까맣/VA/*+았/EP/*+ㄹ게/EF/*
까맸자,0,0,-500,VA+EP+EF,*,F,까맸자,Inflect,VA,EF,까맣/VA/*+았/EP/*+자/EF/*
까맸으세요,0,0,-500,VA+EP+EF,*,F,까맸으세요,Inflect,VA,EF,까맣/VA/*+았/EP/*+세요/EF/*
까맸다,0,0,-500,VA+EP+EF,*,F,까맸다,Inflect,VA,EF,까맣/VA/*+었/EP/*+다/EF/*
까맸어요,0,0,-500,VA+EP+EF,*,F,까맸어요,Inflect,VA,EF,까맣/VA/*+었/EP/*+요/EF/*
까맸ㅂ니다,0,0,-500,VA+EP+EF,*,F,까맸ㅂ니다,Inflect,VA,EF,까맣/VA/*+었/EP/*+ㅂ니다/EF/*
까맸으습니다,0,0,-500,VA+EP+EF,*,F,까맸으습니다,Inflect,VA,EF,까맣/VA/*+었/EP/*+습니다/EF/*
까맸ㄹ까,0,0,-500,VA+EP+EF,*,F,까맸ㄹ까,Inflect,VA,EF,까맣/VA/*+었/EP/*+ㄹ까/EF/*
까맸ㄹ까요,0,0,-500,VA+EP+EF,*,F,까맸ㄹ까요,Inflect,VA,EF,까맣/VA/*+었/EP/*+ㄹ까요/EF/*
까맸ㄹ게요,0,0,-500,VA+EP+EF,*,F,까맸ㄹ게요,Inflect,VA,EF,까맣/VA/*+었/EP/*+ㄹ게요/EF/*
까맸ㄹ게,0,0,-500,VA+EP+EF,*,F,까맸ㄹ게,Inflect,VA,EF,까맣/VA/*+었/EP/*+ㄹ게/EF/*
까맸자,0,0,-500,VA+EP+EF,*,F,까맸자,Inflect,VA,EF,까맣/VA/*+었/EP/*+자/EF/*
까맸으세요,0,0,-500,VA+EP+EF,*,F,까맸으세요,Inflect,VA,EF,까맣/VA/*+었/EP/*+세요/EF/*
까맣으시다,0,0,-500,VA+EP+EF,*,F,까맣으시다,Inflect,VA,EF,까맣/VA/*+시/EP/*+다/EF/*
까맣으셔요,0,0,-500,VA+EP+EF,*,F,까맣으셔요,Inflect,VA,EF,까맣/VA/*+시/EP/*+요/EF/*
까맣으십니다,0,0,-500,VA+EP+EF,*,F,까맣으십니다,Inflect,VA,EF,까맣/VA/*+시/EP/*+ㅂ니다/EF/*
까맣으시습니다,0,0,-500,VA+EP+EF,*,F,까맣으시습니다,Inflect,VA,EF,까맣/VA/*+시/EP/*+습니다/EF/*
까맣으실까,0,0,-500,VA+EP+EF,*,F,까맣으실까,Inflect,VA,EF,까맣/VA/*+시/EP/*+ㄹ까/EF/*
까맣으실까요,0,0,-500,VA+EP+EF,*,F,까맣으실까요,Inflect,VA,EF,까맣/VA/*+시/EP/*+ㄹ까요/EF/*
까맣으실게요,0,0,-500,VA+EP+EF,*,F,까맣으실게요,Inflect,VA,EF,까맣/VA/*+시/EP/*+ㄹ게요/EF/*
까맣으실게,0,0,-500,VA+EP+EF,*,F,까맣으실게,Inflect,VA,EF,까맣/VA/*+시/EP/*+ㄹ게/EF/*
까맣으시자,0,0,-500,VA+EP+EF,*,F,까맣으시자,Inflect,VA,EF,까맣/VA/*+시/EP/*+자/EF/*
까맣으시세요,0,0,-500,VA+EP+EF,*,F,까맣으시세요,Inflect,VA,EF,까맣/VA/*+시/EP/*+세요/EF/*
까맣겠다,0,0,-500,VA+EP+EF,*,F,까맣겠다,Inflect,VA,EF,까맣/VA/*+겠/EP/*+다/EF/*
까맣겠어요,0,0,-500,VA+EP+EF,*,F,까맣겠어요,Inflect,VA,EF,까맣/VA/*+겠/EP/*+요/EF/*
까맣겠ㅂ니다,0,0,-500,VA+EP+EF,*,F,까맣겠ㅂ니다,Inflect,VA,EF,까맣/VA/*+겠/EP/*+ㅂ니다/EF/*
까맣겠으습니다,0,0,-500,VA+EP+EF,*,F,까맣겠으습니다,Inflect,VA,EF,까맣/VA/*+겠/EP/*+습니다/EF/*
까맣겠ㄹ까,0,0,-500,VA+EP+EF,*,F,까맣겠ㄹ까,Inflect,VA,EF,까맣/VA/*+겠/EP/*+ㄹ까/EF/*
까맣겠ㄹ까요,0,0,-500,VA+EP+EF,*,F,까맣겠ㄹ까요,Inflect,VA,EF,까맣/VA/*+겠/EP/*+ㄹ까요/EF/*
까맣겠ㄹ게요,0,0,-500,VA+EP+EF,*,F,까맣겠ㄹ게요,Inflect,VA,EF,까맣/VA/*+겠/EP/*+ㄹ게요/EF/*
까맣겠ㄹ게,0,0,-500,VA+EP+EF,*,F,까맣겠ㄹ게,Inflect,VA,EF,까맣/VA/*+겠/EP/*+ㄹ게/EF/*
까맣겠자,0,0,-500,VA+EP+EF,*,F,까맣겠자,Inflect,VA,EF,까맣/VA/*+겠/EP/*+자/EF/*
까맣겠으세요,0,0,-500,VA+EP+EF,*,F,까맣겠으세요,Inflect,VA,EF,까맣/VA/*+겠/EP/*+세요/EF/*
하는,0,0,-500,VV+ETM,*,T,하는,Inflect,VV,ETM,하/VV/*+는/ETM/*
한,0,0,-500,VV+ETM,*,T,한,Inflect,VV,ETM,하/VV/*+ㄴ/ETM/*
하은,0,0,-500,VV+ETM,*,T,하은,Inflect,VV,ETM,하/VV/*+은/ETM/*
할,0,0,-500,VV+ETM,*,T,할,Inflect,VV,ETM,하/VV/*+ㄹ/ETM/*
하을,0,0,-500,VV+ETM,*,T,하을,Inflect,VV,ETM,하/VV/*+을/ETM/*
하고,0,0,-500,VV+EC,*,F,하고,Inflect,VV,EC,하/VV/*+고/EC/*
해서,0,0,-500,VV+EC,*,F,해서,Inflect,VV,EC,하/VV/*+서/EC/*
하니까,0,0,-500,VV+EC,*,F,하니까,Inflect,VV,EC,하/VV/*+니까/EC/*
하니,0,0,-500,VV+EC,*,F,하니,Inflect,VV,EC,하/VV/*+니/EC/*
하면,0,0,-500,VV+EC,*,T,하면,Inflect,VV,EC,하/VV/*+면/EC/*
하지만,0,0,-500,VV+EC,*,T,하지만,Inflect,VV,EC,하/VV/*+지만/EC/*
하는데,0,0,-500,VV+EC,*,F,하는데,Inflect,VV,EC,하/VV/*+는데/EC/*
한데,0,0,-500,VV+EC,*,F,한데,Inflect,VV,EC,하/VV/*+ㄴ데/EC/*
하은데,0,0,-500,VV+EC,*,F,하은데,Inflect,VV,EC,하/VV/*+은데/EC/*
하면서,0,0,-500,VV+EC,*,F,하면서,Inflect,VV,EC,하/VV/*+면서/EC/*
하며,0,0,-500,VV+EC,*,F,하며,Inflect,VV,EC,하/VV/*+며/EC/*
하러,0,0,-500,VV+EC,*,F,하러,Inflect,VV,EC,하/VV/*+러/EC/*
하려고,0,0,-500,VV+EC,*,F,하려고,Inflect,VV,EC,하/VV/*+려고/EC/*
하려,0,0,-500,VV+EC,*,F,하려,Inflect,VV,EC,하/VV/*+려/EC/*
해도,0,0,-500,VV+EC,*,F,해도,Inflect,VV,EC,하/VV/*+도/EC/*
하다가,0,0,-500,VV+EC,*,F,하다가,Inflect,VV,EC,하/VV/*+다가/EC/*
하자,0,0,-500,VV+EC,*,F,하자,Inflect,VV,EC,하/VV/*+자/EC/*
하자마자,0,0,-500,VV+EC,*,F,하자마자,Inflect,VV,EC,하/VV/*+자마자/EC/*
하고서,0,0,-500,VV+EC,*,F,하고서,Inflect,VV,EC,하/VV/*+고서/EC/*
하고나서,0,0,-500,VV+EC,*,F,하고나서,Inflect,VV,EC,하/VV/*+고나서/EC/*
하도록,0,0,-500,VV+EC,*,T,하도록,Inflect,VV,EC,하/VV/*+도록/EC/*
하게,0,0,-500,VV+EC,*,F,하게,Inflect,VV,EC,하/VV/*+게/EC/*
하더라도,0,0,-500,VV+EC,*,F,하더라도,Inflect,VV,EC,하/VV/*+더라도/EC/*
할지라도,0,0,-500,VV+EC,*,F,할지라도,Inflect,VV,EC,하/VV/*+ㄹ지라도/EC/*
하을지라도,0,0,-500,VV+EC,*,F,하을지라도,Inflect,VV,EC,하/VV/*+을지라도/EC/*
할수록,0,0,-500,VV+EC,*,T,할수록,Inflect,VV,EC,하/VV/*+ㄹ수록/EC/*
하을수록,0,0,-500,VV+EC,*,T,하을수록,Inflect,VV,EC,하/VV/*+을수록/EC/*
하다고,0,0,-500,VV+EC,*,F,하다고,Inflect,VV,EC,하/VV/*+다고/EC/*
하라고,0,0,-500,VV+EC,*,F,하라고,Inflect,VV,EC,하/VV/*+라고/EC/*
하냐고,0,0,-500,VV+EC,*,F,하냐고,Inflect,VV,EC,하/VV/*+냐고/EC/*
하지,0,0,-500,VV+EC,*,F,하지,Inflect,VV,EC,하/VV/*+지/EC/*
하거나,0,0,-500,VV+EC,*,F,하거나,Inflect,VV,EC,하/VV/*+거나/EC/*
하든지,0,0,-500,VV+EC,*,F,하든지,Inflect,VV,EC,하/VV/*+든지/EC/*
하듯이,0,0,-500,VV+EC,*,F,하듯이,Inflect,VV,EC,하/VV/*+듯이/EC/*
하듯,0,0,-500,VV+EC,*,T,하듯,Inflect,VV,EC,하/VV/*+듯/EC/*
하다,0,0,-500,VV+EF,*,F,하다,Inflect,VV,EF,하/VV/*+다/EF/*
해요,0,0,-500,VV+EF,*,F,해요,Inflect,VV,EF,하/VV/*+요/EF/*
합니다,0,0,-500,VV+EF,*,F,합니다,Inflect,VV,EF,하/VV/*+ㅂ니다/EF/*
하습니다,0,0,-500,VV+EF,*,F,하습니다,Inflect,VV,EF,하/VV/*+습니다/EF/*
할까,0,0,-500,VV+EF,*,F,할까,Inflect,VV,EF,하/VV/*+ㄹ까/EF/*
할까요,0,0,-500,VV+EF,*,F,할까요,Inflect,VV,EF,하/VV/*+ㄹ까요/EF/*
할게요,0,0,-500,VV+EF,*,F,할게요,Inflect,VV,EF,하/VV/*+ㄹ게요/EF/*
할게,0,0,-500,VV+EF,*,F,할게,Inflect,VV,EF,하/VV/*+ㄹ게/EF/*
하자,0,0,-500,VV+EF,*,F,하자,Inflect,VV,EF,하/VV/*+자/EF/*
하세요,0,0,-500,VV+EF,*,F,하세요,Inflect,VV,EF,하/VV/*+세요/EF/*
했다,0,0,-500,VV+EP+EF,*,F,했다,Inflect,VV,EF,하/VV/*+았/EP/*+다/EF/*
했어요,0,0,-500,VV+EP+EF,*,F,했어요,Inflect,VV,EF,하/VV/*+았/EP/*+요/EF/*
했ㅂ니다,0,0,-500,VV+EP+EF,*,F,했ㅂ니다,Inflect,VV,EF,하/VV/*+았/EP/*+ㅂ니다/EF/*
했으습니다,0,0,-500,VV+EP+EF,*,F,했으습니다,Inflect,VV,EF,하/VV/*+았/EP/*+습니다/EF/*
했ㄹ까,0,0,-500,VV+EP+EF,*,F,했ㄹ까,Inflect,VV,EF,하/VV/*+았/EP/*+ㄹ까/EF/*
했ㄹ까요,0,0,-500,VV+EP+EF,*,F,했ㄹ까요,Inflect,VV,EF,하/VV/*+았/EP/*+ㄹ까요/EF/*
했ㄹ게요,0,0,-500,VV+EP+EF,*,F,했ㄹ게요,Inflect,VV,EF,하/VV/*+았/EP/*+ㄹ게요/EF/*
했ㄹ게,0,0,-500,VV+EP+EF,*,F,했ㄹ게,Inflect,VV,EF,하/VV/*+았/EP/*+ㄹ게/EF/*
했자,0,0,-500,VV+EP+EF,*,F,했자,Inflect,VV,EF,하/VV/*+았/EP/*+자/EF/*
했으세요,0,0,-500,VV+EP+EF,*,F,했으세요,Inflect,VV,EF,하/VV/*+았/EP/*+세요/EF/*
했다,0,0,-500,VV+EP+EF,*,F,했다,Inflect,VV,EF,하/VV/*+었/EP/*+다/EF/*
했어요,0,0,-500,VV+EP+EF,*,F,했어요,Inflect,VV,EF,하/VV/*+었/EP/*+요/EF/*
했ㅂ니다,0,0,-500,VV+EP+EF,*,F,했ㅂ니다,Inflect,VV,EF,하/VV/*+었/EP/*+ㅂ니다/EF/*
했으습니다,0,0,-500,VV+EP+EF,*,F,했으습니다,Inflect,VV,EF,하/VV/*+었/EP/*+습니다/EF/*
했ㄹ까,0,0,-500,VV+EP+EF,*,F,했ㄹ까,Inflect,VV,EF,하/VV/*+었/EP/*+ㄹ까/EF/*
했ㄹ까요,0,0,-500,VV+EP+EF,*,F,했ㄹ까요,Inflect,VV,EF,하/VV/*+었/EP/*+ㄹ까요/EF/*
했ㄹ게요,0,0,-500,VV+EP+EF,*,F,했ㄹ게요,Inflect,VV,EF,하/VV/*+었/EP/*+ㄹ게요/EF/*
했ㄹ게,0,0,-500,VV+EP+EF,*,F,했ㄹ게,Inflect,VV,EF,하/VV/*+었/EP/*+ㄹ게/EF/*
했자,0,0,-500,VV+EP+EF,*,F,했자,Inflect,VV,EF,하/VV/*+었/EP/*+자/EF/*
했으세요,0,0,-500,VV+EP+EF,*,F,했으세요,Inflect,VV,EF,하/VV/*+었/EP/*+세요/EF/*
하시다,0,0,-500,VV+EP+EF,*,F,하시다,Inflect,VV,EF,하/VV/*+시/EP/*+다/EF/*
하셔요,0,0,-500,VV+EP+EF,*,F,하셔요,Inflect,VV,EF,하/VV/*+시/EP/*+요/EF/*
하십니다,0,0,-500,VV+EP+EF,*,F,하십니다,Inflect,VV,EF,하/VV/*+시/EP/*+ㅂ니다/EF/*
하시습니다,0,0,-500,VV+EP+EF,*,F,하시습니다,Inflect,VV,EF,하/VV/*+시/EP/*+습니다/EF/*
하실까,0,0,-500,VV+EP+EF,*,F,하실까,Inflect,VV,EF,하/VV/*+시/EP/*+ㄹ까/EF/*
하실까요,0,0,-500,VV+EP+EF,*,F,하실까요,Inflect,VV,EF,하/VV/*+시/EP/*+ㄹ까요/EF/*
하실게요,0,0,-500,VV+EP+EF,*,F,하실게요,Inflect,VV,EF,하/VV/*+시/EP/*+ㄹ게요/EF/*
하실게,0,0,-500,VV+EP+EF,*,F,하실게,Inflect,VV,EF,하/VV/*+시/EP/*+ㄹ게/EF/*
하시자,0,0,-500,VV+EP+EF,*,F,하시자,Inflect,VV,EF,하/VV/*+시/EP/*+자/EF/*
하시세요,0,0,-500,VV+EP+EF,*,F,하시세요,Inflect,VV,EF,하/VV/*+시/EP/*+세요/EF/*
하겠다,0,0,-500,VV+EP+EF,*,F,하겠다,Inflect,VV,EF,하/VV/*+겠/EP/*+다/EF/*
하겠어요,0,0,-500,VV+EP+EF,*,F,하겠어요,Inflect,VV,EF,하/VV/*+겠/EP/*+요/EF/*
하겠ㅂ니다,0,0,-500,VV+EP+EF,*,F,하겠ㅂ니다,Inflect,VV,EF,하/VV/*+겠/EP/*+ㅂ니다/EF/*
하겠으습니다,0,0,-500,VV+EP+EF,*,F,하겠으습니다,Inflect,VV,EF,하/VV/*+겠/EP/*+습니다/EF/*
하겠ㄹ까,0,0,-500,VV+EP+EF,*,F,하겠ㄹ까,Inflect,VV,EF,하/VV/*+겠/EP/*+ㄹ까/EF/*
하겠ㄹ까요,0,0,-500,VV+EP+EF,*,F,하겠ㄹ까요,Inflect,VV,EF,하/VV/*+겠/EP/*+ㄹ까요/EF/*
하겠ㄹ게요,0,0,-500,VV+EP+EF,*,F,하겠ㄹ게요,Inflect,VV,EF,하/VV/*+겠/EP/*+ㄹ게요/EF/*
하겠ㄹ게,0,0,-500,VV+EP+EF,*,F,하겠ㄹ게,Inflect,VV,EF,하/VV/*+겠/EP/*+ㄹ게/EF/*
하겠자,0,0,-500,VV+EP+EF,*,F,하겠자,Inflect,VV,EF,하/VV/*+겠/EP/*+자/EF/*
하겠으세요,0,0,-500,VV+EP+EF,*,F,하겠으세요,Inflect,VV,EF,하/VV/*+겠/EP/*+세요/EF/*
되는,0,0,-500,VV+ETM,*,T,되는,Inflect,VV,ETM,되/VV/*+는/ETM/*
된,0,0,-500,VV+ETM,*,T,된,Inflect,VV,ETM,되/VV/*+ㄴ/ETM/*
되은,0,0,-500,VV+ETM,*,T,되은,Inflect,VV,ETM,되/VV/*+은/ETM/*
될,0,0,-500,VV+ETM,*,T,될,Inflect,VV,ETM,되/VV/*+ㄹ/ETM/*
되을,0,0,-500,VV+ETM,*,T,되을,Inflect,VV,ETM,되/VV/*+을/ETM/*
되고,0,0,-500,VV+EC,*,F,되고,Inflect,VV,EC,되/VV/*+고/EC/*
되어서,0,0,-500,VV+EC,*,F,되어서,Inflect,VV,EC,되/VV/*+서/EC/*
되니까,0,0,-500,VV+EC,*,F,되니까,Inflect,VV,EC,되/VV/*+니까/EC/*
되니,0,0,-500,VV+EC,*,F,되니,Inflect,VV,EC,되/VV/*+니/EC/*
되면,0,0,-500,VV+EC,*,T,되면,Inflect,VV,EC,되/VV/*+면/EC/*
되지만,0,0,-500,VV+EC,*,T,되지만,Inflect,VV,EC,되/VV/*+지만/EC/*
되는데,0,0,-500,VV+EC,*,F,되는데,Inflect,VV,EC,되/VV/*+는데/EC/*
된데,0,0,-500,VV+EC,*,F,된데,Inflect,VV,EC,되/VV/*+ㄴ데/EC/*
되은데,0,0,-500,VV+EC,*,F,되은데,Inflect,VV,EC,되/VV/*+은데/EC/*
되면서,0,0,-500,VV+EC,*,F,되면서,Inflect,VV,EC,되/VV/*+면서/EC/*
되며,0,0,-500,VV+EC,*,F,되며,Inflect,VV,EC,되/VV/*+며/EC/*
되러,0,0,-500,VV+EC,*,F,되러,Inflect,VV,EC,되/VV/*+러/EC/*
되려고,0,0,-500,VV+EC,*,F,되려고,Inflect,VV,EC,되/VV/*+려고/EC/*
되려,0,0,-500,VV+EC,*,F,되려,Inflect,VV,EC,되/VV/*+려/EC/*
되어도,0,0,-500,VV+EC,*,F,되어도,Inflect,VV,EC,되/VV/*+도/EC/*
되다가,0,0,-500,VV+EC,*,F,되다가,Inflect,VV,EC,되/VV/*+다가/EC/*
되자,0,0,-500,VV+EC,*,F,되자,Inflect,VV,EC,되/VV/*+자/EC/*
되자마자,0,0,-500,VV+EC,*,F,되자마자,Inflect,VV,EC,되/VV/*+자마자/EC/*
되고서,0,0,-500,VV+EC,*,F,되고서,Inflect,VV,EC,되/VV/*+고서/EC/*
되고나서,0,0,-500,VV+EC,*,F,되고나서,Inflect,VV,EC,되/VV/*+고나서/EC/*
되도록,0,0,-500,VV+EC,*,T,되도록,Inflect,VV,EC,되/VV/*+도록/EC/*
되게,0,0,-500,VV+EC,*,F,되게,Inflect,VV,EC,되/VV/*+게/EC/*
되더라도,0,0,-500,VV+EC,*,F,되더라도,Inflect,VV,EC,되/VV/*+더라도/EC/*
될지라도,0,0,-500,VV+EC,*,F,될지라도,Inflect,VV,EC,되/VV/*+ㄹ지라도/EC/*
되을지라도,0,0,-500,VV+EC,*,F,되을지라도,Inflect,VV,EC,되/VV/*+을지라도/EC/*
될수록,0,0,-500,VV+EC,*,T,될수록,Inflect,VV,EC,되/VV/*+ㄹ수록/EC/*
되을수록,0,0,-500,VV+EC,*,T,되을수록,Inflect,VV,EC,되/VV/*+을수록/EC/*
되다고,0,0,-500,VV+EC,*,F,되다고,Inflect,VV,EC,되/VV/*+다고/EC/*
되라고,0,0,-500,VV+EC,*,F,되라고,Inflect,VV,EC,되/VV/*+라고/EC/*
되냐고,0,0,-500,VV+EC,*,F,되냐고,Inflect,VV,EC,되/VV/*+냐고/EC/*
되지,0,0,-500,VV+EC,*,F,되지,Inflect,VV,EC,되/VV/*+지/EC/*
되거나,0,0,-500,VV+EC,*,F,되거나,Inflect,VV,EC,되/VV/*+거나/EC/*
되든지,0,0,-500,VV+EC,*,F,되든지,Inflect,VV,EC,되/VV/*+든지/EC/*
되듯이,0,0,-500,VV+EC,*,F,되듯이,Inflect,VV,EC,되/VV/*+듯이/EC/*
되듯,0,0,-500,VV+EC,*,T,되듯,Inflect,VV,EC,되/VV/*+듯/EC/*
되다,0,0,-500,VV+EF,*,F,되다,Inflect,VV,EF,되/VV/*+다/EF/*
되어요,0,0,-500,VV+EF,*,F,되어요,Inflect,VV,EF,되/VV/*+요/EF/*
됩니다,0,0,-500,VV+EF,*,F,됩니다,Inflect,VV,EF,되/VV/*+ㅂ니다/EF/*
되습니다,0,0,-500,VV+EF,*,F,되습니다,Inflect,VV,EF,되/VV/*+습니다/EF/*
될까,0,0,-500,VV+EF,*,F,될까,Inflect,VV,EF,되/VV/*+ㄹ까/EF/*
될까요,0,0,-500,VV+EF,*,F,될까요,Inflect,VV,EF,되/VV/*+ㄹ까요/EF/*
될게요,0,0,-500,VV+EF,*,F,될게요,Inflect,VV,EF,되/VV/*+ㄹ게요/EF/*
될게,0,0,-500,VV+EF,*,F,될게,Inflect,VV,EF,되/VV/*+ㄹ게/EF/*
되자,0,0,-500,VV+EF,*,F,되자,Inflect,VV,EF,되/VV/*+자/EF/*
되세요,0,0,-500,VV+EF,*,F,되세요,Inflect,VV,EF,되/VV/*+세요/EF/*
되었다,0,0,-500,VV+EP+EF,*,F,되었다,Inflect,VV,EF,되/VV/*+았/EP/*+다/EF/*
되었어요,0,0,-500,VV+EP+EF,*,F,되었어요,Inflect,VV,EF,되/VV/*+았/EP/*+요/EF/*
되었ㅂ니다,0,0,-500,VV+EP+EF,*,F,되었ㅂ니다,Inflect,VV,EF,되/VV/*+았/EP/*+ㅂ니다/EF/*
되었으습니다,0,0,-500,VV+EP+EF,*,F,되었으습니다,Inflect,VV,EF,되/VV/*+았/EP/*+습니다/EF/*
되었ㄹ까,0,0,-500,VV+EP+EF,*,F,되었ㄹ까,Inflect,VV,EF,되/VV/*+았/EP/*+ㄹ까/EF/*
되었ㄹ까요,0,0,-500,VV+EP+EF,*,F,되었ㄹ까요,Inflect,VV,EF,되/VV/*+았/EP/*+ㄹ까요/EF/*
되었ㄹ게요,0,0,-500,VV+EP+EF,*,F,되었ㄹ게요,Inflect,VV,EF,되/VV/*+았/EP/*+ㄹ게요/EF/*
되었ㄹ게,0,0,-500,VV+EP+EF,*,F,되었ㄹ게,Inflect,VV,EF,되/VV/*+았/EP/*+ㄹ게/EF/*
되었자,0,0,-500,VV+EP+EF,*,F,되었자,Inflect,VV,EF,되/VV/*+았/EP/*+자/EF/*
되었으세요,0,0,-500,VV+EP+EF,*,F,되었으세요,Inflect,VV,EF,되/VV/*+았/EP/*+세요/EF/*
되었다,0,0,-500,VV+EP+EF,*,F,되었다,Inflect,VV,EF,되/VV/*+었/EP/*+다/EF/*
되었어요,0,0,-500,VV+EP+EF,*,F,되었어요,Inflect,VV,EF,되/VV/*+었/EP/*+요/EF/*
되었ㅂ니다,0,0,-500,VV+EP+EF,*,F,되었ㅂ니다,Inflect,VV,EF,되/VV/*+었/EP/*+ㅂ니다/EF/*
되었으습니다,0,0,-500,VV+EP+EF,*,F,되었으습니다,Inflect,VV,EF,되/VV/*+었/EP/*+습니다/EF/*
되었ㄹ까,0,0,-500,VV+EP+EF,*,F,되었ㄹ까,Inflect,VV,EF,되/VV/*+었/EP/*+ㄹ까/EF/*
되었ㄹ까요,0,0,-500,VV+EP+EF,*,F,되었ㄹ까요,Inflect,VV,EF,되/VV/*+었/EP/*+ㄹ까요/EF/*
되었ㄹ게요,0,0,-500,VV+EP+EF,*,F,되었ㄹ게요,Inflect,VV,EF,되/VV/*+었/EP/*+ㄹ게요/EF/*
되었ㄹ게,0,0,-500,VV+EP+EF,*,F,되었ㄹ게,Inflect,VV,EF,되/VV/*+었/EP/*+ㄹ게/EF/*
되었자,0,0,-500,VV+EP+EF,*,F,되었자,Inflect,VV,EF,되/VV/*+었/EP/*+자/EF/*
되었으세요,0,0,-500,VV+EP+EF,*,F,되었으세요,Inflect,VV,EF,되/VV/*+었/EP/*+세요/EF/*
되시다,0,0,-500,VV+EP+EF,*,F,되시다,Inflect,VV,EF,되/VV/*+시/EP/*+다/EF/*
되셔요,0,0,-500,VV+EP+EF,*,F,되셔요,Inflect,VV,EF,되/VV/*+시/EP/*+요/EF/*
되십니다,0,0,-500,VV+EP+EF,*,F,되십니다,Inflect,VV,EF,되/VV/*+시/EP/*+ㅂ니다/EF/*
되시습니다,0,0,-500,VV+EP+EF,*,F,되시습니다,Inflect,VV,EF,되/VV/*+시/EP/*+습니다/EF/*
되실까,0,0,-500,VV+EP+EF,*,F,되실까,Inflect,VV,EF,되/VV/*+시/EP/*+ㄹ까/EF/*
되실까요,0,0,-500,VV+EP+EF,*,F,되실까요,Inflect,VV,EF,되/VV/*+시/EP/*+ㄹ까요/EF/*
되실게요,0,0,-500,VV+EP+EF,*,F,되실게요,Inflect,VV,EF,되/VV/*+시/EP/*+ㄹ게요/EF/*
되실게,0,0,-500,VV+EP+EF,*,F,되실게,Inflect,VV,EF,되/VV/*+시/EP/*+ㄹ게/EF/*
되시자,0,0,-500,VV+EP+EF,*,F,되시자,Inflect,VV,EF,되/VV/*+시/EP/*+자/EF/*
되시세요,0,0,-500,VV+EP+EF,*,F,되시세요,Inflect,VV,EF,되/VV/*+시/EP/*+세요/EF/*
되겠다,0,0,-500,VV+EP+EF,*,F,되겠다,Inflect,VV,EF,되/VV/*+겠/EP/*+다/EF/*
되겠어요,0,0,-500,VV+EP+EF,*,F,되겠어요,Inflect,VV,EF,되/VV/*+겠/EP/*+요/EF/*
되겠ㅂ니다,0,0,-500,VV+EP+EF,*,F,되겠ㅂ니다,Inflect,VV,EF,되/VV/*+겠/EP/*+ㅂ니다/EF/*
되겠으습니다,0,0,-500,VV+EP+EF,*,F,되겠으습니다,Inflect,VV,EF,되/VV/*+겠/EP/*+습니다/EF/*
되겠ㄹ까,0,0,-500,VV+EP+EF,*,F,되겠ㄹ까,Inflect,VV,EF,되/VV/*+겠/EP/*+ㄹ까/EF/*
되겠ㄹ까요,0,0,-500,VV+EP+EF,*,F,되겠ㄹ까요,Inflect,VV,EF,되/VV/*+겠/EP/*+ㄹ까요/EF/*
되겠ㄹ게요,0,0,-500,VV+EP+EF,*,F,되겠ㄹ게요,Inflect,VV,EF,되/VV/*+겠/EP/*+ㄹ게요/EF/*
되겠ㄹ게,0,0,-500,VV+EP+EF,*,F,되겠ㄹ게,Inflect,VV,EF,되/VV/*+겠/EP/*+ㄹ게/EF/*
되겠자,0,0,-500,VV+EP+EF,*,F,되겠자,Inflect,VV,EF,되/VV/*+겠/EP/*+자/EF/*
되겠으세요,0,0,-500,VV+EP+EF,*,F,되겠으세요,Inflect,VV,EF,되/VV/*+겠/EP/*+세요/EF/*
공부하는,0,0,-500,VV+ETM,*,T,공부하는,Inflect,VV,ETM,공부하/VV/*+는/ETM/*
공부한,0,0,-500,VV+ETM,*,T,공부한,Inflect,VV,ETM,공부하/VV/*+ㄴ/ETM/*
공부하은,0,0,-500,VV+ETM,*,T,공부하은,Inflect,VV,ETM,공부하/VV/*+은/ETM/*
공부할,0,0,-500,VV+ETM,*,T,공부할,Inflect,VV,ETM,공부하/VV/*+ㄹ/ETM/*
공부하을,0,0,-500,VV+ETM,*,T,공부하을,Inflect,VV,ETM,공부하/VV/*+을/ETM/*
공부하고,0,0,-500,VV+EC,*,F,공부하고,Inflect,VV,EC,공부하/VV/*+고/EC/*
공부해서,0,0,-500,VV+EC,*,F,공부해서,Inflect,VV,EC,공부하/VV/*+서/EC/*
공부하니까,0,0,-500,VV+EC,*,F,공부하니까,Inflect,VV,EC,공부하/VV/*+니까/EC/*
공부하니,0,0,-500,VV+EC,*,F,공부하니,Inflect,VV,EC,공부하/VV/*+니/EC/*
공부하면,0,0,-500,VV+EC,*,T,공부하면,Inflect,VV,EC,공부하/VV/*+면/EC/*
공부하지만,0,0,-500,VV+EC,*,T,공부하지만,Inflect,VV,EC,공부하/VV/*+지만/EC/*
공부하는데,0,0,-500,VV+EC,*,F,공부하는데,Inflect,VV,EC,공부하/VV/*+는데/EC/*
공부한데,0,0,-500,VV+EC,*,F,공부한데,Inflect,VV,EC,공부하/VV/*+ㄴ데/EC/*
공부하은데,0,0,-500,VV+EC,*,F,공부하은데,Inflect,VV,EC,공부하/VV/*+은데/EC/*
공부하면서,0,0,-500,VV+EC,*,F,공부하면서,Inflect,VV,EC,공부하/VV/*+면서/EC/*
공부하며,0,0,-500,VV+EC,*,F,공부하며,Inflect,VV,EC,공부하/VV/*+며/EC/*
공부하러,0,0,-500,VV+EC,*,F,공부하러,Inflect,VV,EC,공부하/VV/*+러/EC/*
공부하려고,0,0,-500,VV+EC,*,F,공부하려고,Inflect,VV,EC,공부하/VV/*+려고/EC/*
공부하려,0,0,-500,VV+EC,*,F,공부하려,Inflect,VV,EC,공부하/VV/*+려/EC/*
공부해도,0,0,-500,VV+EC,*,F,공부해도,Inflect,VV,EC,공부하/VV/*+도/EC/*
공부하다가,0,0,-500,VV+EC,*,F,공부하다가,Inflect,VV,EC,공부하/VV/*+다가/EC/*
공부하자,0,0,-500,VV+EC,*,F,공부하자,Inflect,VV,EC,공부하/VV/*+자/EC/*
공부하자마자,0,0,-500,VV+EC,*,F,공부하자마자,Inflect,VV,EC,공부하/VV/*+자마자/EC/*
공부하고서,0,0,-500,VV+EC,*,F,공부하고서,Inflect,VV,EC,공부하/VV/*+고서/EC/*
공부하고나서,0,0,-500,VV+EC,*,F,공부하고나서,Inflect,VV,EC,공부하/VV/*+고나서/EC/*
공부하도록,0,0,-500,VV+EC,*,T,공부하도록,Inflect,VV,EC,공부하/VV/*+도록/EC/*
공부하게,0,0,-500,VV+EC,*,F,공부하게,Inflect,VV,EC,공부하/VV/*+게/EC/*
공부하더라도,0,0,-500,VV+EC,*,F,공부하더라도,Inflect,VV,EC,공부하/VV/*+더라도/EC/*
공부할지라도,0,0,-500,VV+EC,*,F,공부할지라도,Inflect,VV,EC,공부하/VV/*+ㄹ지라도/EC/*
공부하을지라도,0,0,-500,VV+EC,*,F,공부하을지라도,Inflect,VV,EC,공부하/VV/*+을지라도/EC/*
공부할수록,0,0,-500,VV+EC,*,T,공부할수록,Inflect,VV,EC,공부하/VV/*+ㄹ수록/EC/*
공부하을수록,0,0,-500,VV+EC,*,T,공부하을수록,Inflect,VV,EC,공부하/VV/*+을수록/EC/*
공부하다고,0,0,-500,VV+EC,*,F,공부하다고,Inflect,VV,EC,공부하/VV/*+다고/EC/*
공부하라고,0,0,-500,VV+EC,*,F,공부하라고,Inflect,VV,EC,공부하/VV/*+라고/EC/*
공부하냐고,0,0,-500,VV+EC,*,F,공부하냐고,Inflect,VV,EC,공부하/VV/*+냐고/EC/*
공부하지,0,0,-500,VV+EC,*,F,공부하지,Inflect,VV,EC,공부하/VV/*+지/EC/*
공부하거나,0,0,-500,VV+EC,*,F,공부하거나,Inflect,VV,EC,공부하/VV/*+거나/EC/*
공부하든지,0,0,-500,VV+EC,*,F,공부하든지,Inflect,VV,EC,공부하/VV/*+든지/EC/*
공부하듯이,0,0,-500,VV+EC,*,F,공부하듯이,Inflect,VV,EC,공부하/VV/*+듯이/EC/*
공부하듯,0,0,-500,VV+EC,*,T,공부하듯,Inflect,VV,EC,공부하/VV/*+듯/EC/*
공부하다,0,0,-500,VV+EF,*,F,공부하다,Inflect,VV,EF,공부하/VV/*+다/EF/*
공부해요,0,0,-500,VV+EF,*,F,공부해요,Inflect,VV,EF,공부하/VV/*+요/EF/*
공부합니다,0,0,-500,VV+EF,*,F,공부합니다,Inflect,VV,EF,공부하/VV/*+ㅂ니다/EF/*
공부하습니다,0,0,-500,VV+EF,*,F,공부하습니다,Inflect,VV,EF,공부하/VV/*+습니다/EF/*
공부할까,0,0,-500,VV+EF,*,F,공부할까,Inflect,VV,EF,공부하/VV/*+ㄹ까/EF/*
공부할까요,0,0,-500,VV+EF,*,F,공부할까요,Inflect,VV,EF,공부하/VV/*+ㄹ까요/EF/*
공부할게요,0,0,-500,VV+EF,*,F,공부할게요,Inflect,VV,EF,공부하/VV/*+ㄹ게요/EF/*
공부할게,0,0,-500,VV+EF,*,F,공부할게,Inflect,VV,EF,공부하/VV/*+ㄹ게/EF/*
공부하자,0,0,-500,VV+EF,*,F,공부하자,Inflect,VV,EF,공부하/VV/*+자/EF/*
공부하세요,0,0,-500,VV+EF,*,F,공부하세요,Inflect,VV,EF,공부하/VV/*+세요/EF/*
공부했다,0,0,-500,VV+EP+EF,*,F,공부했다,Inflect,VV,EF,공부하/VV/*+았/EP/*+다/EF/*
공부했어요,0,0,-500,VV+EP+EF,*,F,공부했어요,Inflect,VV,EF,공부하/VV/*+았/EP/*+요/EF/*
공부했ㅂ니다,0,0,-500,VV+EP+EF,*,F,공부했ㅂ니다,Inflect,VV,EF,공부하/VV/*+았/EP/*+ㅂ니다/EF/*
공부했으습니다,0,0,-500,VV+EP+EF,*,F,공부했으습니다,Inflect,VV,EF,공부하/VV/*+았/EP/*+습니다/EF/*
공부했ㄹ까,0,0,-500,VV+EP+EF,*,F,공부했ㄹ까,Inflect,VV,EF,공부하/VV/*+았/EP/*+ㄹ까/EF/*
공부했ㄹ까요,0,0,-500,VV+EP+EF,*,F,공부했ㄹ까요,Inflect,VV,EF,공부하/VV/*+았/EP/*+ㄹ까요/EF/*
공부했ㄹ게요,0,0,-500,VV+EP+EF,*,F,공부했ㄹ게요,Inflect,VV,EF,공부하/VV/*+았/EP/*+ㄹ게요/EF/*
공부했ㄹ게,0,0,-500,VV+EP+EF,*,F,공부했ㄹ게,Inflect,VV,EF,공부하/VV/*+았/EP/*+ㄹ게/EF/*
공부했자,0,0,-500,VV+EP+EF,*,F,공부했자,Inflect,VV,EF,공부하/VV/*+았/EP/*+자/EF/*
공부했으세요,0,0,-500,VV+EP+EF,*,F,공부했으세요,Inflect,VV,EF,공부하/VV/*+았/EP/*+세요/EF/*
공부했다,0,0,-500,VV+EP+EF,*,F,공부했다,Inflect,VV,EF,공부하/VV/*+었/EP/*+다/EF/*
공부했어요,0,0,-500,VV+EP+EF,*,F,공부했어요,Inflect,VV,EF,공부하/VV/*+었/EP/*+요/EF/*
공부했ㅂ니다,0,0,-500,VV+EP+EF,*,F,공부했ㅂ니다,Inflect,VV,EF,공부하/VV/*+었/EP/*+ㅂ니다/EF/*
공부했으습니다,0,0,-500,VV+EP+EF,*,F,공부했으습니다,Inflect,VV,EF,공부하/VV/*+었/EP/*+습니다/EF/*
공부했ㄹ까,0,0,-500,VV+EP+EF,*,F,공부했ㄹ까,Inflect,VV,EF,공부하/VV/*+었/EP/*+ㄹ까/EF/*
공부했ㄹ까요,0,0,-500,VV+EP+EF,*,F,공부했ㄹ까요,Inflect,VV,EF,공부하/VV/*+었/EP/*+ㄹ까요/EF/*
공부했ㄹ게요,0,0,-500,VV+EP+EF,*,F,공부했ㄹ게요,Inflect,VV,EF,공부하/VV/*+었/EP/*+ㄹ게요/EF/*
공부했ㄹ게,0,0,-500,VV+EP+EF,*,F,공부했ㄹ게,Inflect,VV,EF,공부하/VV/*+었/EP/*+ㄹ게/EF/*
공부했자,0,0,-500,VV+EP+EF,*,F,공부했자,Inflect,VV,EF,공부하/VV/*+었/EP/*+자/EF/*
공부했으세요,0,0,-500,VV+EP+EF,*,F,공부했으세요,Inflect,VV,EF,공부하/VV/*+었/EP/*+세요/EF/*
공부하시다,0,0,-500,VV+EP+EF,*,F,공부하시다,Inflect,VV,EF,공부하/VV/*+시/EP/*+다/EF/*
공부하셔요,0,0,-500,VV+EP+EF,*,F,공부하셔요,Inflect,VV,EF,공부하/VV/*+시/EP/*+요/EF/*
공부하십니다,0,0,-500,VV+EP+EF,*,F,공부하십니다,Inflect,VV,EF,공부하/VV/*+시/EP/*+ㅂ니다/EF/*
공부하시습니다,0,0,-500,VV+EP+EF,*,F,공부하시습니다,Inflect,VV,EF,공부하/VV/*+시/EP/*+습니다/EF/*
공부하실까,0,0,-500,VV+EP+EF,*,F,공부하실까,Inflect,VV,EF,공부하/VV/*+시/EP/*+ㄹ까/EF/*
공부하실까요,0,0,-500,VV+EP+EF,*,F,공부하실까요,Inflect,VV,EF,공부하/VV/*+시/EP/*+ㄹ까요/EF/*
공부하실게요,0,0,-500,VV+EP+EF,*,F,공부하실게요,Inflect,VV,EF,공부하/VV/*+시/EP/*+ㄹ게요/EF/*
공부하실게,0,0,-500,VV+EP+EF,*,F,공부하실게,Inflect,VV,EF,공부하/VV/*+시/EP/*+ㄹ게/EF/*
공부하시자,0,0,-500,VV+EP+EF,*,F,공부하시자,Inflect,VV,EF,공부하/VV/*+시/EP/*+자/EF/*
공부하시세요,0,0,-500,VV+EP+EF,*,F,공부하시세요,Inflect,VV,EF,공부하/VV/*+시/EP/*+세요/EF/*
공부하겠다,0,0,-500,VV+EP+EF,*,F,공부하겠다,Inflect,VV,EF,공부하/VV/*+겠/EP/*+다/EF/*
공부하겠어요,0,0,-500,VV+EP+EF,*,F,공부하겠어요,Inflect,VV,EF,공부하/VV/*+겠/EP/*+요/EF/*
공부하겠ㅂ니다,0,0,-500,VV+EP+EF,*,F,공부하겠ㅂ니다,Inflect,VV,EF,공부하/VV/*+겠/EP/*+ㅂ니다/EF/*
공부하겠으습니다,0,0,-500,VV+EP+EF,*,F,공부하겠으습니다,Inflect,VV,EF,공부하/VV/*+겠/EP/*+습니다/EF/*
공부하겠ㄹ까,0,0,-500,VV+EP+EF,*,F,공부하겠ㄹ까,Inflect,VV,EF,공부하/VV/*+겠/EP/*+ㄹ까/EF/*
공부하겠ㄹ까요,0,0,-500,VV+EP+EF,*,F,공부하겠ㄹ까요,Inflect,VV,EF,공부하/VV/*+겠/EP/*+ㄹ까요/EF/*
공부하겠ㄹ게요,0,0,-500,VV+EP+EF,*,F,공부하겠ㄹ게요,Inflect,VV,EF,공부하/VV/*+겠/EP/*+ㄹ게요/EF/*
공부하겠ㄹ게,0,0,-500,VV+EP+EF,*,F,공부하겠ㄹ게,Inflect,VV,EF,공부하/VV/*+겠/EP/*+ㄹ게/EF/*
공부하겠자,0,0,-500,VV+EP+EF,*,F,공부하겠자,Inflect,VV,EF,공부하/VV/*+겠/EP/*+자/EF/*
공부하겠으세요,0,0,-500,VV+EP+EF,*,F,공부하겠으세요,Inflect,VV,EF,공부하/VV/*+겠/EP/*+세요/EF/*
운동하는,0,0,-500,VV+ETM,*,T,운동하는,Inflect,VV,ETM,운동하/VV/*+는/ETM/*
운동한,0,0,-500,VV+ETM,*,T,운동한,Inflect,VV,ETM,운동하/VV/*+ㄴ/ETM/*
운동하은,0,0,-500,VV+ETM,*,T,운동하은,Inflect,VV,ETM,운동하/VV/*+은/ETM/*
운동할,0,0,-500,VV+ETM,*,T,운동할,Inflect,VV,ETM,운동하/VV/*+ㄹ/ETM/*
운동하을,0,0,-500,VV+ETM,*,T,운동하을,Inflect,VV,ETM,운동하/VV/*+을/ETM/*
운동하고,0,0,-500,VV+EC,*,F,운동하고,Inflect,VV,EC,운동하/VV/*+고/EC/*
운동해서,0,0,-500,VV+EC,*,F,운동해서,Inflect,VV,EC,운동하/VV/*+서/EC/*
운동하니까,0,0,-500,VV+EC,*,F,운동하니까,Inflect,VV,EC,운동하/VV/*+니까/EC/*
운동하니,0,0,-500,VV+EC,*,F,운동하니,Inflect,VV,EC,운동하/VV/*+니/EC/*
운동하면,0,0,-500,VV+EC,*,T,운동하면,Inflect,VV,EC,운동하/VV/*+면/EC/*
운동하지만,0,0,-500,VV+EC,*,T,운동하지만,Inflect,VV,EC,운동하/VV/*+지만/EC/*
운동하는데,0,0,-500,VV+EC,*,F,운동하는데,Inflect,VV,EC,운동하/VV/*+는데/EC/*
운동한데,0,0,-500,VV+EC,*,F,운동한데,Inflect,VV,EC,운동하/VV/*+ㄴ데/EC/*
운동하은데,0,0,-500,VV+EC,*,F,운동하은데,Inflect,VV,EC,운동하/VV/*+은데/EC/*
운동하면서,0,0,-500,VV+EC,*,F,운동하면서,Inflect,VV,EC,운동하/VV/*+면서/EC/*
운동하며,0,0,-500,VV+EC,*,F,운동하며,Inflect,VV,EC,운동하/VV/*+며/EC/*
운동하러,0,0,-500,VV+EC,*,F,운동하러,Inflect,VV,EC,운동하/VV/*+러/EC/*
운동하려고,0,0,-500,VV+EC,*,F,운동하려고,Inflect,VV,EC,운동하/VV/*+려고/EC/*
운동하려,0,0,-500,VV+EC,*,F,운동하려,Inflect,VV,EC,운동하/VV/*+려/EC/*
운동해도,0,0,-500,VV+EC,*,F,운동해도,Inflect,VV,EC,운동하/VV/*+도/EC/*
운동하다가,0,0,-500,VV+EC,*,F,운동하다가,Inflect,VV,EC,운동하/VV/*+다가/EC/*
운동하자,0,0,-500,VV+EC,*,F,운동하자,Inflect,VV,EC,운동하/VV/*+자/EC/*
운동하자마자,0,0,-500,VV+EC,*,F,운동하자마자,Inflect,VV,EC,운동하/VV/*+자마자/EC/*
운동하고서,0,0,-500,VV+EC,*,F,운동하고서,Inflect,VV,EC,운동하/VV/*+고서/EC/*
운동하고나서,0,0,-500,VV+EC,*,F,운동하고나서,Inflect,VV,EC,운동하/VV/*+고나서/EC/*
운동하도록,0,0,-500,VV+EC,*,T,운동하도록,Inflect,VV,EC,운동하/VV/*+도록/EC/*
운동하게,0,0,-500,VV+EC,*,F,운동하게,Inflect,VV,EC,운동하/VV/*+게/EC/*
운동하더라도,0,0,-500,VV+EC,*,F,운동하더라도,Inflect,VV,EC,운동하/VV/*+더라도/EC/*
운동할지라도,0,0,-500,VV+EC,*,F,운동할지라도,Inflect,VV,EC,운동하/VV/*+ㄹ지라도/EC/*
운동하을지라도,0,0,-500,VV+EC,*,F,운동하을지라도,Inflect,VV,EC,운동하/VV/*+을지라도/EC/*
운동할수록,0,0,-500,VV+EC,*,T,운동할수록,Inflect,VV,EC,운동하/VV/*+ㄹ수록/EC/*
운동하을수록,0,0,-500,VV+EC,*,T,운동하을수록,Inflect,VV,EC,운동하/VV/*+을수록/EC/*
운동하다고,0,0,-500,VV+EC,*,F,운동하다고,Inflect,VV,EC,운동하/VV/*+다고/EC/*
운동하라고,0,0,-500,VV+EC,*,F,운동하라고,Inflect,VV,EC,운동하/VV/*+라고/EC/*
운동하냐고,0,0,-500,VV+EC,*,F,운동하냐고,Inflect,VV,EC,운동하/VV/*+냐고/EC/*
운동하지,0,0,-500,VV+EC,*,F,운동하지,Inflect,VV,EC,운동하/VV/*+지/EC/*
운동하거나,0,0,-500,VV+EC,*,F,운동하거나,Inflect,VV,EC,운동하/VV/*+거나/EC/*
운동하든지,0,0,-500,VV+EC,*,F,운동하든지,Inflect,VV,EC,운동하/VV/*+든지/EC/*
운동하듯이,0,0,-500,VV+EC,*,F,운동하듯이,Inflect,VV,EC,운동하/VV/*+듯이/EC/*
운동하듯,0,0,-500,VV+EC,*,T,운동하듯,Inflect,VV,EC,운동하/VV/*+듯/EC/*
운동하다,0,0,-500,VV+EF,*,F,운동하다,Inflect,VV,EF,운동하/VV/*+다/EF/*
운동해요,0,0,-500,VV+EF,*,F,운동해요,Inflect,VV,EF,운동하/VV/*+요/EF/*
운동합니다,0,0,-500,VV+EF,*,F,운동합니다,Inflect,VV,EF,운동하/VV/*+ㅂ니다/EF/*
운동하습니다,0,0,-500,VV+EF,*,F,운동하습니다,Inflect,VV,EF,운동하/VV/*+습니다/EF/*
운동할까,0,0,-500,VV+EF,*,F,운동할까,Inflect,VV,EF,운동하/VV/*+ㄹ까/EF/*
운동할까요,0,0,-500,VV+EF,*,F,운동할까요,Inflect,VV,EF,운동하/VV/*+ㄹ까요/EF/*
운동할게요,0,0,-500,VV+EF,*,F,운동할게요,Inflect,VV,EF,운동하/VV/*+ㄹ게요/EF/*
운동할게,0,0,-500,VV+EF,*,F,운동할게,Inflect,VV,EF,운동하/VV/*+ㄹ게/EF/*
운동하자,0,0,-500,VV+EF,*,F,운동하자,Inflect,VV,EF,운동하/VV/*+자/EF/*
운동하세요,0,0,-500,VV+EF,*,F,운동하세요,Inflect,VV,EF,운동하/VV/*+세요/EF/*
운동했다,0,0,-500,VV+EP+EF,*,F,운동했다,Inflect,VV,EF,운동하/VV/*+았/EP/*+다/EF/*
운동했어요,0,0,-500,VV+EP+EF,*,F,운동했어요,Inflect,VV,EF,운동하/VV/*+았/EP/*+요/EF/*
운동했ㅂ니다,0,0,-500,VV+EP+EF,*,F,운동했ㅂ니다,Inflect,VV,EF,운동하/VV/*+았/EP/*+ㅂ니다/EF/*
운동했으습니다,0,0,-500,VV+EP+EF,*,F,운동했으습니다,Inflect,VV,EF,운동하/VV/*+았/EP/*+습니다/EF/*
운동했ㄹ까,0,0,-500,VV+EP+EF,*,F,운동했ㄹ까,Inflect,VV,EF,운동하/VV/*+았/EP/*+ㄹ까/EF/*
운동했ㄹ까요,0,0,-500,VV+EP+EF,*,F,운동했ㄹ까요,Inflect,VV,EF,운동하/VV/*+았/EP/*+ㄹ까요/EF/*
운동했ㄹ게요,0,0,-500,VV+EP+EF,*,F,운동했ㄹ게요,Inflect,VV,EF,운동하/VV/*+았/EP/*+ㄹ게요/EF/*
운동했ㄹ게,0,0,-500,VV+EP+EF,*,F,운동했ㄹ게,Inflect,VV,EF,운동하/VV/*+았/EP/*+ㄹ게/EF/*
운동했자,0,0,-500,VV+EP+EF,*,F,운동했자,Inflect,VV,EF,운동하/VV/*+았/EP/*+자/EF/*
운동했으세요,0,0,-500,VV+EP+EF,*,F,운동했으세요,Inflect,VV,EF,운동하/VV/*+았/EP/*+세요/EF/*
운동했다,0,0,-500,VV+EP+EF,*,F,운동했다,Inflect,VV,EF,운동하/VV/*+었/EP/*+다/EF/*
운동했어요,0,0,-500,VV+EP+EF,*,F,운동했어요,Inflect,VV,EF,운동하/VV/*+었/EP/*+요/EF/*
운동했ㅂ니다,0,0,-500,VV+EP+EF,*,F,운동했ㅂ니다,Inflect,VV,EF,운동하/VV/*+었/EP/*+ㅂ니다/EF/*
운동했으습니다,0,0,-500,VV+EP+EF,*,F,운동했으습니다,Inflect,VV,EF,운동하/VV/*+었/EP/*+습니다/EF/*
운동했ㄹ까,0,0,-500,VV+EP+EF,*,F,운동했ㄹ까,Inflect,VV,EF,운동하/VV/*+었/EP/*+ㄹ까/EF/*
운동했ㄹ까요,0,0,-500,VV+EP+EF,*,F,운동했ㄹ까요,Inflect,VV,EF,운동하/VV/*+었/EP/*+ㄹ까요/EF/*
운동했ㄹ게요,0,0,-500,VV+EP+EF,*,F,운동했ㄹ게요,Inflect,VV,EF,운동하/VV/*+었/EP/*+ㄹ게요/EF/*
운동했ㄹ게,0,0,-500,VV+EP+EF,*,F,운동했ㄹ게,Inflect,VV,EF,운동하/VV/*+었/EP/*+ㄹ게/EF/*
운동했자,0,0,-500,VV+EP+EF,*,F,운동했자,Inflect,VV,EF,운동하/VV/*+었/EP/*+자/EF/*
운동했으세요,0,0,-500,VV+EP+EF,*,F,운동했으세요,Inflect,VV,EF,운동하/VV/*+었/EP/*+세요/EF/*
운동하시다,0,0,-500,VV+EP+EF,*,F,운동하시다,Inflect,VV,EF,운동하/VV/*+시/EP/*+다/EF/*
운동하셔요,0,0,-500,VV+EP+EF,*,F,운동하셔요,Inflect,VV,EF,운동하/VV/*+시/EP/*+요/EF/*
운동하십니다,0,0,-500,VV+EP+EF,*,F,운동하십니다,Inflect,VV,EF,운동하/VV/*+시/EP/*+ㅂ니다/EF/*
운동하시습니다,0,0,-500,VV+EP+EF,*,F,운동하시습니다,Inflect,VV,EF,운동하/VV/*+시/EP/*+습니다/EF/*
운동하실까,0,0,-500,VV+EP+EF,*,F,운동하실까,Inflect,VV,EF,운동하/VV/*+시/EP/*+ㄹ까/EF/*
운동하실까요,0,0,-500,VV+EP+EF,*,F,운동하실까요,Inflect,VV,EF,운동하/VV/*+시/EP/*+ㄹ까요/EF/*
운동하실게요,0,0,-500,VV+EP+EF,*,F,운동하실게요,Inflect,VV,EF,운동하/VV/*+시/EP/*+ㄹ게요/EF/*
운동하실게,0,0,-500,VV+EP+EF,*,F,운동하실게,Inflect,VV,EF,운동하/VV/*+시/EP/*+ㄹ게/EF/*
운동하시자,0,0,-500,VV+EP+EF,*,F,운동하시자,Inflect,VV,EF,운동하/VV/*+시/EP/*+자/EF/*
운동하시세요,0,0,-500,VV+EP+EF,*,F,운동하시세요,Inflect,VV,EF,운동하/VV/*+시/EP/*+세요/EF/*
운동하겠다,0,0,-500,VV+EP+EF,*,F,운동하겠다,Inflect,VV,EF,운동하/VV/*+겠/EP/*+다/EF/*
운동하겠어요,0,0,-500,VV+EP+EF,*,F,운동하겠어요,Inflect,VV,EF,운동하/VV/*+겠/EP/*+요/EF/*
운동하겠ㅂ니다,0,0,-500,VV+EP+EF,*,F,운동하겠ㅂ니다,Inflect,VV,EF,운동하/VV/*+겠/EP/*+ㅂ니다/EF/*
운동하겠으습니다,0,0,-500,VV+EP+EF,*,F,운동하겠으습니다,Inflect,VV,EF,운동하/VV/*+겠/EP/*+습니다/EF/*
운동하겠ㄹ까,0,0,-500,VV+EP+EF,*,F,운동하겠ㄹ까,Inflect,VV,EF,운동하/VV/*+겠/EP/*+ㄹ까/EF/*
운동하겠ㄹ까요,0,0,-500,VV+EP+EF,*,F,운동하겠ㄹ까요,Inflect,VV,EF,운동하/VV/*+겠/EP/*+ㄹ까요/EF/*
운동하겠ㄹ게요,0,0,-500,VV+EP+EF,*,F,운동하겠ㄹ게요,Inflect,VV,EF,운동하/VV/*+겠/EP/*+ㄹ게요/EF/*
운동하겠ㄹ게,0,0,-500,VV+EP+EF,*,F,운동하겠ㄹ게,Inflect,VV,EF,운동하/VV/*+겠/EP/*+ㄹ게/EF/*
운동하겠자,0,0,-500,VV+EP+EF,*,F,운동하겠자,Inflect,VV,EF,운동하/VV/*+겠/EP/*+자/EF/*
운동하겠으세요,0,0,-500,VV+EP+EF,*,F,운동하겠으세요,Inflect,VV,EF,운동하/VV/*+겠/EP/*+세요/EF/*
청소하는,0,0,-500,VV+ETM,*,T,청소하는,Inflect,VV,ETM,청소하/VV/*+는/ETM/*
청소한,0,0,-500,VV+ETM,*,T,청소한,Inflect,VV,ETM,청소하/VV/*+ㄴ/ETM/*
청소하은,0,0,-500,VV+ETM,*,T,청소하은,Inflect,VV,ETM,청소하/VV/*+은/ETM/*
청소할,0,0,-500,VV+ETM,*,T,청소할,Inflect,VV,ETM,청소하/VV/*+ㄹ/ETM/*
청소하을,0,0,-500,VV+ETM,*,T,청소하을,Inflect,VV,ETM,청소하/VV/*+을/ETM/*
청소하고,0,0,-500,VV+EC,*,F,청소하고,Inflect,VV,EC,청소하/VV/*+고/EC/*
청소해서,0,0,-500,VV+EC,*,F,청소해서,Inflect,VV,EC,청소하/VV/*+서/EC/*
청소하니까,0,0,-500,VV+EC,*,F,청소하니까,Inflect,VV,EC,청소하/VV/*+니까/EC/*
청소하니,0,0,-500,VV+EC,*,F,청소하니,Inflect,VV,EC,청소하/VV/*+니/EC/*
청소하면,0,0,-500,VV+EC,*,T,청소하면,Inflect,VV,EC,청소하/VV/*+면/EC/*
청소하지만,0,0,-500,VV+EC,*,T,청소하지만,Inflect,VV,EC,청소하/VV/*+지만/EC/*
청소하는데,0,0,-500,VV+EC,*,F,청소하는데,Inflect,VV,EC,청소하/VV/*+는데/EC/*
청소한데,0,0,-500,VV+EC,*,F,청소한데,Inflect,VV,EC,청소하/VV/*+ㄴ데/EC/*
청소하은데,0,0,-500,VV+EC,*,F,청소하은데,Inflect,VV,EC,청소하/VV/*+은데/EC/*
청소하면서,0,0,-500,VV+EC,*,F,청소하면서,Inflect,VV,EC,청소하/VV/*+면서/EC/*
청소하며,0,0,-500,VV+EC,*,F,청소하며,Inflect,VV,EC,청소하/VV/*+며/EC/*
청소하러,0,0,-500,VV+EC,*,F,청소하러,Inflect,VV,EC,청소하/VV/*+러/EC/*
청소하려고,0,0,-500,VV+EC,*,F,청소하려고,Inflect,VV,EC,청소하/VV/*+려고/EC/*
청소하려,0,0,-500,VV+EC,*,F,청소하려,Inflect,VV,EC,청소하/VV/*+려/EC/*
청소해도,0,0,-500,VV+EC,*,F,청소해도,Inflect,VV,EC,청소하/VV/*+도/EC/*
청소하다가,0,0,-500,VV+EC,*,F,청소하다가,Inflect,VV,EC,청소하/VV/*+다가/EC/*
청소하자,0,0,-500,VV+EC,*,F,청소하자,Inflect,VV,EC,청소하/VV/*+자/EC/*
청소하자마자,0,0,-500,VV+EC,*,F,청소하자마자,Inflect,VV,EC,청소하/VV/*+자마자/EC/*
청소하고서,0,0,-500,VV+EC,*,F,청소하고서,Inflect,VV,EC,청소하/VV/*+고서/EC/*
청소하고나서,0,0,-500,VV+EC,*,F,청소하고나서,Inflect,VV,EC,청소하/VV/*+고나서/EC/*
청소하도록,0,0,-500,VV+EC,*,T,청소하도록,Inflect,VV,EC,청소하/VV/*+도록/EC/*
청소하게,0,0,-500,VV+EC,*,F,청소하게,Inflect,VV,EC,청소하/VV/*+게/EC/*
청소하더라도,0,0,-500,VV+EC,*,F,청소하더라도,Inflect,VV,EC,청소하/VV/*+더라도/EC/*
청소할지라도,0,0,-500,VV+EC,*,F,청소할지라도,Inflect,VV,EC,청소하/VV/*+ㄹ지라도/EC/*
청소하을지라도,0,0,-500,VV+EC,*,F,청소하을지라도,Inflect,VV,EC,청소하/VV/*+을지라도/EC/*
청소할수록,0,0,-500,VV+EC,*,T,청소할수록,Inflect,VV,EC,청소하/VV/*+ㄹ수록/EC/*
청소하을수록,0,0,-500,VV+EC,*,T,청소하을수록,Inflect,VV,EC,청소하/VV/*+을수록/EC/*
청소하다고,0,0,-500,VV+EC,*,F,청소하다고,Inflect,VV,EC,청소하/VV/*+다고/EC/*
청소하라고,0,0,-500,VV+EC,*,F,청소하라고,Inflect,VV,EC,청소하/VV/*+라고/EC/*
청소하냐고,0,0,-500,VV+EC,*,F,청소하냐고,Inflect,VV,EC,청소하/VV/*+냐고/EC/*
청소하지,0,0,-500,VV+EC,*,F,청소하지,Inflect,VV,EC,청소하/VV/*+지/EC/*
청소하거나,0,0,-500,VV+EC,*,F,청소하거나,Inflect,VV,EC,청소하/VV/*+거나/EC/*
청소하든지,0,0,-500,VV+EC,*,F,청소하든지,Inflect,VV,EC,청소하/VV/*+든지/EC/*
청소하듯이,0,0,-500,VV+EC,*,F,청소하듯이,Inflect,VV,EC,청소하/VV/*+듯이/EC/*
청소하듯,0,0,-500,VV+EC,*,T,청소하듯,Inflect,VV,EC,청소하/VV/*+듯/EC/*
청소하다,0,0,-500,VV+EF,*,F,청소하다,Inflect,VV,EF,청소하/VV/*+다/EF/*
청소해요,0,0,-500,VV+EF,*,F,청소해요,Inflect,VV,EF,청소하/VV/*+요/EF/*
청소합니다,0,0,-500,VV+EF,*,F,청소합니다,Inflect,VV,EF,청소하/VV/*+ㅂ니다/EF/*
청소하습니다,0,0,-500,VV+EF,*,F,청소하습니다,Inflect,VV,EF,청소하/VV/*+습니다/EF/*
청소할까,0,0,-500,VV+EF,*,F,청소할까,Inflect,VV,EF,청소하/VV/*+ㄹ까/EF/*
청소할까요,0,0,-500,VV+EF,*,F,청소할까요,Inflect,VV,EF,청소하/VV/*+ㄹ까요/EF/*
청소할게요,0,0,-500,VV+EF,*,F,청소할게요,Inflect,VV,EF,청소하/VV/*+ㄹ게요/EF/*
청소할게,0,0,-500,VV+EF,*,F,청소할게,Inflect,VV,EF,청소하/VV/*+ㄹ게/EF/*
청소하자,0,0,-500,VV+EF,*,F,청소하자,Inflect,VV,EF,청소하/VV/*+자/EF/*
청소하세요,0,0,-500,VV+EF,*,F,청소하세요,Inflect,VV,EF,청소하/VV/*+세요/EF/*
청소했다,0,0,-500,VV+EP+EF,*,F,청소했다,Inflect,VV,EF,청소하/VV/*+았/EP/*+다/EF/*
청소했어요,0,0,-500,VV+EP+EF,*,F,청소했어요,Inflect,VV,EF,청소하/VV/*+았/EP/*+요/EF/*
청소했ㅂ니다,0,0,-500,VV+EP+EF,*,F,청소했ㅂ니다,Inflect,VV,EF,청소하/VV/*+았/EP/*+ㅂ니다/EF/*
청소했으습니다,0,0,-500,VV+EP+EF,*,F,청소했으습니다,Inflect,VV,EF,청소하/VV/*+았/EP/*+습니다/EF/*
청소했ㄹ까,0,0,-500,VV+EP+EF,*,F,청소했ㄹ까,Inflect,VV,EF,청소하/VV/*+았/EP/*+ㄹ까/EF/*
청소했ㄹ까요,0,0,-500,VV+EP+EF,*,F,청소했ㄹ까요,Inflect,VV,EF,청소하/VV/*+았/EP/*+ㄹ까요/EF/*
청소했ㄹ게요,0,0,-500,VV+EP+EF,*,F,청소했ㄹ게요,Inflect,VV,EF,청소하/VV/*+았/EP/*+ㄹ게요/EF/*
청소했ㄹ게,0,0,-500,VV+EP+EF,*,F,청소했ㄹ게,Inflect,VV,EF,청소하/VV/*+았/EP/*+ㄹ게/EF/*
청소했자,0,0,-500,VV+EP+EF,*,F,청소했자,Inflect,VV,EF,청소하/VV/*+았/EP/*+자/EF/*
청소했으세요,0,0,-500,VV+EP+EF,*,F,청소했으세요,Inflect,VV,EF,청소하/VV/*+았/EP/*+세요/EF/*
청소했다,0,0,-500,VV+EP+EF,*,F,청소했다,Inflect,VV,EF,청소하/VV/*+었/EP/*+다/EF/*
청소했어요,0,0,-500,VV+EP+EF,*,F,청소했어요,Inflect,VV,EF,청소하/VV/*+었/EP/*+요/EF/*
청소했ㅂ니다,0,0,-500,VV+EP+EF,*,F,청소했ㅂ니다,Inflect,VV,EF,청소하/VV/*+었/EP/*+ㅂ니다/EF/*
청소했으습니다,0,0,-500,VV+EP+EF,*,F,청소했으습니다,Inflect,VV,EF,청소하/VV/*+었/EP/*+습니다/EF/*
청소했ㄹ까,0,0,-500,VV+EP+EF,*,F,청소했ㄹ까,Inflect,VV,EF,청소하/VV/*+었/EP/*+ㄹ까/EF/*
청소했ㄹ까요,0,0,-500,VV+EP+EF,*,F,청소했ㄹ까요,Inflect,VV,EF,청소하/VV/*+었/EP/*+ㄹ까요/EF/*
청소했ㄹ게요,0,0,-500,VV+EP+EF,*,F,청소했ㄹ게요,Inflect,VV,EF,청소하/VV/*+었/EP/*+ㄹ게요/EF/*
청소했ㄹ게,0,0,-500,VV+EP+EF,*,F,청소했ㄹ게,Inflect,VV,EF,청소하/VV/*+었/EP/*+ㄹ게/EF/*
청소했자,0,0,-500,VV+EP+EF,*,F,청소했자,Inflect,VV,EF,청소하/VV/*+었/EP/*+자/EF/*
청소했으세요,0,0,-500,VV+EP+EF,*,F,청소했으세요,Inflect,VV,EF,청소하/VV/*+었/EP/*+세요/EF/*
청소하시다,0,0,-500,VV+EP+EF,*,F,청소하시다,Inflect,VV,EF,청소하/VV/*+시/EP/*+다/EF/*
청소하셔요,0,0,-500,VV+EP+EF,*,F,청소하셔요,Inflect,VV,EF,청소하/VV/*+시/EP/*+요/EF/*
청소하십니다,0,0,-500,VV+EP+EF,*,F,청소하십니다,Inflect,VV,EF,청소하/VV/*+시/EP/*+ㅂ니다/EF/*
청소하시습니다,0,0,-500,VV+EP+EF,*,F,청소하시습니다,Inflect,VV,EF,청소하/VV/*+시/EP/*+습니다/EF/*
청소하실까,0,0,-500,VV+EP+EF,*,F,청소하실까,Inflect,VV,EF,청소하/VV/*+시/EP/*+ㄹ까/EF/*
청소하실까요,0,0,-500,VV+EP+EF,*,F,청소하실까요,Inflect,VV,EF,청소하/VV/*+시/EP/*+ㄹ까요/EF/*
청소하실게요,0,0,-500,VV+EP+EF,*,F,청소하실게요,Inflect,VV,EF,청소하/VV/*+시/EP/*+ㄹ게요/EF/*
청소하실게,0,0,-500,VV+EP+EF,*,F,청소하실게,Inflect,VV,EF,청소하/VV/*+시/EP/*+ㄹ게/EF/*
청소하시자,0,0,-500,VV+EP+EF,*,F,청소하시자,Inflect,VV,EF,청소하/VV/*+시/EP/*+자/EF/*
청소하시세요,0,0,-500,VV+EP+EF,*,F,청소하시세요,Inflect,VV,EF,청소하/VV/*+시/EP/*+세요/EF/*
청소하겠다,0,0,-500,VV+EP+EF,*,F,청소하겠다,Inflect,VV,EF,청소하/VV/*+겠/EP/*+다/EF/*
청소하겠어요,0,0,-500,VV+EP+EF,*,F,청소하겠어요,Inflect,VV,EF,청소하/VV/*+겠/EP/*+요/EF/*
청소하겠ㅂ니다,0,0,-500,VV+EP+EF,*,F,청소하겠ㅂ니다,Inflect,VV,EF,청소하/VV/*+겠/EP/*+ㅂ니다/EF/*
청소하겠으습니다,0,0,-500,VV+EP+EF,*,F,청소하겠으습니다,Inflect,VV,EF,청소하/VV/*+겠/EP/*+습니다/EF/*
청소하겠ㄹ까,0,0,-500,VV+EP+EF,*,F,청소하겠ㄹ까,Inflect,VV,EF,청소하/VV/*+겠/EP/*+ㄹ까/EF/*
청소하겠ㄹ까요,0,0,-500,VV+EP+EF,*,F,청소하겠ㄹ까요,Inflect,VV,EF,청소하/VV/*+겠/EP/*+ㄹ까요/EF/*
청소하겠ㄹ게요,0,0,-500,VV+EP+EF,*,F,청소하겠ㄹ게요,Inflect,VV,EF,청소하/VV/*+겠/EP/*+ㄹ게요/EF/*
청소하겠ㄹ게,0,0,-500,VV+EP+EF,*,F,청소하겠ㄹ게,Inflect,VV,EF,청소하/VV/*+겠/EP/*+ㄹ게/EF/*
청소하겠자,0,0,-500,VV+EP+EF,*,F,청소하겠자,Inflect,VV,EF,청소하/VV/*+겠/EP/*+자/EF/*
청소하겠으세요,0,0,-500,VV+EP+EF,*,F,청소하겠으세요,Inflect,VV,EF,청소하/VV/*+겠/EP/*+세요/EF/*
요리하는,0,0,-500,VV+ETM,*,T,요리하는,Inflect,VV,ETM,요리하/VV/*+는/ETM/*
요리한,0,0,-500,VV+ETM,*,T,요리한,Inflect,VV,ETM,요리하/VV/*+ㄴ/ETM/*
요리하은,0,0,-500,VV+ETM,*,T,요리하은,Inflect,VV,ETM,요리하/VV/*+은/ETM/*
요리할,0,0,-500,VV+ETM,*,T,요리할,Inflect,VV,ETM,요리하/VV/*+ㄹ/ETM/*
요리하을,0,0,-500,VV+ETM,*,T,요리하을,Inflect,VV,ETM,요리하/VV/*+을/ETM/*
요리하고,0,0,-500,VV+EC,*,F,요리하고,Inflect,VV,EC,요리하/VV/*+고/EC/*
요리해서,0,0,-500,VV+EC,*,F,요리해서,Inflect,VV,EC,요리하/VV/*+서/EC/*
요리하니까,0,0,-500,VV+EC,*,F,요리하니까,Inflect,VV,EC,요리하/VV/*+니까/EC/*
요리하니,0,0,-500,VV+EC,*,F,요리하니,Inflect,VV,EC,요리하/VV/*+니/EC/*
요리하면,0,0,-500,VV+EC,*,T,요리하면,Inflect,VV,EC,요리하/VV/*+면/EC/*
요리하지만,0,0,-500,VV+EC,*,T,요리하지만,Inflect,VV,EC,요리하/VV/*+지만/EC/*
요리하는데,0,0,-500,VV+EC,*,F,요리하는데,Inflect,VV,EC,요리하/VV/*+는데/EC/*
요리한데,0,0,-500,VV+EC,*,F,요리한데,Inflect,VV,EC,요리하/VV/*+ㄴ데/EC/*
요리하은데,0,0,-500,VV+EC,*,F,요리하은데,Inflect,VV,EC,요리하/VV/*+은데/EC/*
요리하면서,0,0,-500,VV+EC,*,F,요리하면서,Inflect,VV,EC,요리하/VV/*+면서/EC/*
요리하며,0,0,-500,VV+EC,*,F,요리하며,Inflect,VV,EC,요리하/VV/*+며/EC/*
요리하러,0,0,-500,VV+EC,*,F,요리하러,Inflect,VV,EC,요리하/VV/*+러/EC/*
요리하려고,0,0,-500,VV+EC,*,F,요리하려고,Inflect,VV,EC,요리하/VV/*+려고/EC/*
요리하려,0,0,-500,VV+EC,*,F,요리하려,Inflect,VV,EC,요리하/VV/*+려/EC/*
요리해도,0,0,-500,VV+EC,*,F,요리해도,Inflect,VV,EC,요리하/VV/*+도/EC/*
요리하다가,0,0,-500,VV+EC,*,F,요리하다가,Inflect,VV,EC,요리하/VV/*+다가/EC/*
요리하자,0,0,-500,VV+EC,*,F,요리하자,Inflect,VV,EC,요리하/VV/*+자/EC/*
요리하자마자,0,0,-500,VV+EC,*,F,요리하자마자,Inflect,VV,EC,요리하/VV/*+자마자/EC/*
요리하고서,0,0,-500,VV+EC,*,F,요리하고서,Inflect,VV,EC,요리하/VV/*+고서/EC/*
요리하고나서,0,0,-500,VV+EC,*,F,요리하고나서,Inflect,VV,EC,요리하/VV/*+고나서/EC/*
요리하도록,0,0,-500,VV+EC,*,T,요리하도록,Inflect,VV,EC,요리하/VV/*+도록/EC/*
요리하게,0,0,-500,VV+EC,*,F,요리하게,Inflect,VV,EC,요리하/VV/*+게/EC/*
요리하더라도,0,0,-500,VV+EC,*,F,요리하더라도,Inflect,VV,EC,요리하/VV/*+더라도/EC/*
요리할지라도,0,0,-500,VV+EC,*,F,요리할지라도,Inflect,VV,EC,요리하/VV/*+ㄹ지라도/EC/*
요리하을지라도,0,0,-500,VV+EC,*,F,요리하을지라도,Inflect,VV,EC,요리하/VV/*+을지라도/EC/*
요리할수록,0,0,-500,VV+EC,*,T,요리할수록,Inflect,VV,EC,요리하/VV/*+ㄹ수록/EC/*
요리하을수록,0,0,-500,VV+EC,*,T,요리하을수록,Inflect,VV,EC,요리하/VV/*+을수록/EC/*
요리하다고,0,0,-500,VV+EC,*,F,요리하다고,Inflect,VV,EC,요리하/VV/*+다고/EC/*
요리하라고,0,0,-500,VV+EC,*,F,요리하라고,Inflect,VV,EC,요리하/VV/*+라고/EC/*
요리하냐고,0,0,-500,VV+EC,*,F,요리하냐고,Inflect,VV,EC,요리하/VV/*+냐고/EC/*
요리하지,0,0,-500,VV+EC,*,F,요리하지,Inflect,VV,EC,요리하/VV/*+지/EC/*
요리하거나,0,0,-500,VV+EC,*,F,요리하거나,Inflect,VV,EC,요리하/VV/*+거나/EC/*
요리하든지,0,0,-500,VV+EC,*,F,요리하든지,Inflect,VV,EC,요리하/VV/*+든지/EC/*
요리하듯이,0,0,-500,VV+EC,*,F,요리하듯이,Inflect,VV,EC,요리하/VV/*+듯이/EC/*
요리하듯,0,0,-500,VV+EC,*,T,요리하듯,Inflect,VV,EC,요리하/VV/*+듯/EC/*
요리하다,0,0,-500,VV+EF,*,F,요리하다,Inflect,VV,EF,요리하/VV/*+다/EF/*
요리해요,0,0,-500,VV+EF,*,F,요리해요,Inflect,VV,EF,요리하/VV/*+요/EF/*
요리합니다,0,0,-500,VV+EF,*,F,요리합니다,Inflect,VV,EF,요리하/VV/*+ㅂ니다/EF/*
요리하습니다,0,0,-500,VV+EF,*,F,요리하습니다,Inflect,VV,EF,요리하/VV/*+습니다/EF/*
요리할까,0,0,-500,VV+EF,*,F,요리할까,Inflect,VV,EF,요리하/VV/*+ㄹ까/EF/*
요리할까요,0,0,-500,VV+EF,*,F,요리할까요,Inflect,VV,EF,요리하/VV/*+ㄹ까요/EF/*
요리할게요,0,0,-500,VV+EF,*,F,요리할게요,Inflect,VV,EF,요리하/VV/*+ㄹ게요/EF/*
요리할게,0,0,-500,VV+EF,*,F,요리할게,Inflect,VV,EF,요리하/VV/*+ㄹ게/EF/*
요리하자,0,0,-500,VV+EF,*,F,요리하자,Inflect,VV,EF,요리하/VV/*+자/EF/*
요리하세요,0,0,-500,VV+EF,*,F,요리하세요,Inflect,VV,EF,요리하/VV/*+세요/EF/*
요리했다,0,0,-500,VV+EP+EF,*,F,요리했다,Inflect,VV,EF,요리하/VV/*+았/EP/*+다/EF/*
요리했어요,0,0,-500,VV+EP+EF,*,F,요리했어요,Inflect,VV,EF,요리하/VV/*+았/EP/*+요/EF/*
요리했ㅂ니다,0,0,-500,VV+EP+EF,*,F,요리했ㅂ니다,Inflect,VV,EF,요리하/VV/*+았/EP/*+ㅂ니다/EF/*
요리했으습니다,0,0,-500,VV+EP+EF,*,F,요리했으습니다,Inflect,VV,EF,요리하/VV/*+았/EP/*+습니다/EF/*
요리했ㄹ까,0,0,-500,VV+EP+EF,*,F,요리했ㄹ까,Inflect,VV,EF,요리하/VV/*+았/EP/*+ㄹ까/EF/*
요리했ㄹ까요,0,0,-500,VV+EP+EF,*,F,요리했ㄹ까요,Inflect,VV,EF,요리하/VV/*+았/EP/*+ㄹ까요/EF/*
요리했ㄹ게요,0,0,-500,VV+EP+EF,*,F,요리했ㄹ게요,Inflect,VV,EF,요리하/VV/*+았/EP/*+ㄹ게요/EF/*
요리했ㄹ게,0,0,-500,VV+EP+EF,*,F,요리했ㄹ게,Inflect,VV,EF,요리하/VV/*+았/EP/*+ㄹ게/EF/*
요리했자,0,0,-500,VV+EP+EF,*,F,요리했자,Inflect,VV,EF,요리하/VV/*+았/EP/*+자/EF/*
요리했으세요,0,0,-500,VV+EP+EF,*,F,요리했으세요,Inflect,VV,EF,요리하/VV/*+았/EP/*+세요/EF/*
요리했다,0,0,-500,VV+EP+EF,*,F,요리했다,Inflect,VV,EF,요리하/VV/*+었/EP/*+다/EF/*
요리했어요,0,0,-500,VV+EP+EF,*,F,요리했어요,Inflect,VV,EF,요리하/VV/*+었/EP/*+요/EF/*
요리했ㅂ니다,0,0,-500,VV+EP+EF,*,F,요리했ㅂ니다,Inflect,VV,EF,요리하/VV/*+었/EP/*+ㅂ니다/EF/*
요리했으습니다,0,0,-500,VV+EP+EF,*,F,요리했으습니다,Inflect,VV,EF,요리하/VV/*+었/EP/*+습니다/EF/*
요리했ㄹ까,0,0,-500,VV+EP+EF,*,F,요리했ㄹ까,Inflect,VV,EF,요리하/VV/*+었/EP/*+ㄹ까/EF/*
요리했ㄹ까요,0,0,-500,VV+EP+EF,*,F,요리했ㄹ까요,Inflect,VV,EF,요리하/VV/*+었/EP/*+ㄹ까요/EF/*
요리했ㄹ게요,0,0,-500,VV+EP+EF,*,F,요리했ㄹ게요,Inflect,VV,EF,요리하/VV/*+었/EP/*+ㄹ게요/EF/*
요리했ㄹ게,0,0,-500,VV+EP+EF,*,F,요리했ㄹ게,Inflect,VV,EF,요리하/VV/*+었/EP/*+ㄹ게/EF/*
요리했자,0,0,-500,VV+EP+EF,*,F,요리했자,Inflect,VV,EF,요리하/VV/*+었/EP/*+자/EF/*
요리했으세요,0,0,-500,VV+EP+EF,*,F,요리했으세요,Inflect,VV,EF,요리하/VV/*+었/EP/*+세요/EF/*
요리하시다,0,0,-500,VV+EP+EF,*,F,요리하시다,Inflect,VV,EF,요리하/VV/*+시/EP/*+다/EF/*
요리하셔요,0,0,-500,VV+EP+EF,*,F,요리하셔요,Inflect,VV,EF,요리하/VV/*+시/EP/*+요/EF/*
요리하십니다,0,0,-500,VV+EP+EF,*,F,요리하십니다,Inflect,VV,EF,요리하/VV/*+시/EP/*+ㅂ니다/EF/*
요리하시습니다,0,0,-500,VV+EP+EF,*,F,요리하시습니다,Inflect,VV,EF,요리하/VV/*+시/EP/*+습니다/EF/*
요리하실까,0,0,-500,VV+EP+EF,*,F,요리하실까,Inflect,VV,EF,요리하/VV/*+시/EP/*+ㄹ까/EF/*
요리하실까요,0,0,-500,VV+EP+EF,*,F,요리하실까요,Inflect,VV,EF,요리하/VV/*+시/EP/*+ㄹ까요/EF/*
요리하실게요,0,0,-500,VV+EP+EF,*,F,요리하실게요,Inflect,VV,EF,요리하/VV/*+시/EP/*+ㄹ게요/EF/*
요리하실게,0,0,-500,VV+EP+EF,*,F,요리하실게,Inflect,VV,EF,요리하/VV/*+시/EP/*+ㄹ게/EF/*
요리하시자,0,0,-500,VV+EP+EF,*,F,요리하시자,Inflect,VV,EF,요리하/VV/*+시/EP/*+자/EF/*
요리하시세요,0,0,-500,VV+EP+EF,*,F,요리하시세요,Inflect,VV,EF,요리하/VV/*+시/EP/*+세요/EF/*
요리하겠다,0,0,-500,VV+EP+EF,*,F,요리하겠다,Inflect,VV,EF,요리하/VV/*+겠/EP/*+다/EF/*
요리하겠어요,0,0,-500,VV+EP+EF,*,F,요리하겠어요,Inflect,VV,EF,요리하/VV/*+겠/EP/*+요/EF/*
요리하겠ㅂ니다,0,0,-500,VV+EP+EF,*,F,요리하겠ㅂ니다,Inflect,VV,EF,요리하/VV/*+겠/EP/*+ㅂ니다/EF/*
요리하겠으습니다,0,0,-500,VV+EP+EF,*,F,요리하겠으습니다,Inflect,VV,EF,요리하/VV/*+겠/EP/*+습니다/EF/*
요리하겠ㄹ까,0,0,-500,VV+EP+EF,*,F,요리하겠ㄹ까,Inflect,VV,EF,요리하/VV/*+겠/EP/*+ㄹ까/EF/*
요리하겠ㄹ까요,0,0,-500,VV+EP+EF,*,F,요리하겠ㄹ까요,Inflect,VV,EF,요리하/VV/*+겠/EP/*+ㄹ까요/EF/*
요리하겠ㄹ게요,0,0,-500,VV+EP+EF,*,F,요리하겠ㄹ게요,Inflect,VV,EF,요리하/VV/*+겠/EP/*+ㄹ게요/EF/*
요리하겠ㄹ게,0,0,-500,VV+EP+EF,*,F,요리하겠ㄹ게,Inflect,VV,EF,요리하/VV/*+겠/EP/*+ㄹ게/EF/*
요리하겠자,0,0,-500,VV+EP+EF,*,F,요리하겠자,Inflect,VV,EF,요리하/VV/*+겠/EP/*+자/EF/*
요리하겠으세요,0,0,-500,VV+EP+EF,*,F,요리하겠으세요,Inflect,VV,EF,요리하/VV/*+겠/EP/*+세요/EF/*
독서하는,0,0,-500,VV+ETM,*,T,독서하는,Inflect,VV,ETM,독서하/VV/*+는/ETM/*
독서한,0,0,-500,VV+ETM,*,T,독서한,Inflect,VV,ETM,독서하/VV/*+ㄴ/ETM/*
독서하은,0,0,-500,VV+ETM,*,T,독서하은,Inflect,VV,ETM,독서하/VV/*+은/ETM/*
독서할,0,0,-500,VV+ETM,*,T,독서할,Inflect,VV,ETM,독서하/VV/*+ㄹ/ETM/*
독서하을,0,0,-500,VV+ETM,*,T,독서하을,Inflect,VV,ETM,독서하/VV/*+을/ETM/*
독서하고,0,0,-500,VV+EC,*,F,독서하고,Inflect,VV,EC,독서하/VV/*+고/EC/*
독서해서,0,0,-500,VV+EC,*,F,독서해서,Inflect,VV,EC,독서하/VV/*+서/EC/*
독서하니까,0,0,-500,VV+EC,*,F,독서하니까,Inflect,VV,EC,독서하/VV/*+니까/EC/*
독서하니,0,0,-500,VV+EC,*,F,독서하니,Inflect,VV,EC,독서하/VV/*+니/EC/*
독서하면,0,0,-500,VV+EC,*,T,독서하면,Inflect,VV,EC,독서하/VV/*+면/EC/*
독서하지만,0,0,-500,VV+EC,*,T,독서하지만,Inflect,VV,EC,독서하/VV/*+지만/EC/*
독서하는데,0,0,-500,VV+EC,*,F,독서하는데,Inflect,VV,EC,독서하/VV/*+는데/EC/*
독서한데,0,0,-500,VV+EC,*,F,독서한데,Inflect,VV,EC,독서하/VV/*+ㄴ데/EC/*
독서하은데,0,0,-500,VV+EC,*,F,독서하은데,Inflect,VV,EC,독서하/VV/*+은데/EC/*
독서하면서,0,0,-500,VV+EC,*,F,독서하면서,Inflect,VV,EC,독서하/VV/*+면서/EC/*
독서하며,0,0,-500,VV+EC,*,F,독서하며,Inflect,VV,EC,독서하/VV/*+며/EC/*
독서하러,0,0,-500,VV+EC,*,F,독서하러,Inflect,VV,EC,독서하/VV/*+러/EC/*
독서하려고,0,0,-500,VV+EC,*,F,독서하려고,Inflect,VV,EC,독서하/VV/*+려고/EC/*
독서하려,0,0,-500,VV+EC,*,F,독서하려,Inflect,VV,EC,독서하/VV/*+려/EC/*
독서해도,0,0,-500,VV+EC,*,F,독서해도,Inflect,VV,EC,독서하/VV/*+도/EC/*
독서하다가,0,0,-500,VV+EC,*,F,독서하다가,Inflect,VV,EC,독서하/VV/*+다가/EC/*
독서하자,0,0,-500,VV+EC,*,F,독서하자,Inflect,VV,EC,독서하/VV/*+자/EC/*
독서하자마자,0,0,-500,VV+EC,*,F,독서하자마자,Inflect,VV,EC,독서하/VV/*+자마자/EC/*
독서하고서,0,0,-500,VV+EC,*,F,독서하고서,Inflect,VV,EC,독서하/VV/*+고서/EC/*
독서하고나서,0,0,-500,VV+EC,*,F,독서하고나서,Inflect,VV,EC,독서하/VV/*+고나서/EC/*
독서하도록,0,0,-500,VV+EC,*,T,독서하도록,Inflect,VV,EC,독서하/VV/*+도록/EC/*
독서하게,0,0,-500,VV+EC,*,F,독서하게,Inflect,VV,EC,독서하/VV/*+게/EC/*
독서하더라도,0,0,-500,VV+EC,*,F,독서하더라도,Inflect,VV,EC,독서하/VV/*+더라도/EC/*
독서할지라도,0,0,-500,VV+EC,*,F,독서할지라도,Inflect,VV,EC,독서하/VV/*+ㄹ지라도/EC/*
독서하을지라도,0,0,-500,VV+EC,*,F,독서하을지라도,Inflect,VV,EC,독서하/VV/*+을지라도/EC/*
독서할수록,0,0,-500,VV+EC,*,T,독서할수록,Inflect,VV,EC,독서하/VV/*+ㄹ수록/EC/*
독서하을수록,0,0,-500,VV+EC,*,T,독서하을수록,Inflect,VV,EC,독서하/VV/*+을수록/EC/*
독서하다고,0,0,-500,VV+EC,*,F,독서하다고,Inflect,VV,EC,독서하/VV/*+다고/EC/*
독서하라고,0,0,-500,VV+EC,*,F,독서하라고,Inflect,VV,EC,독서하/VV/*+라고/EC/*
독서하냐고,0,0,-500,VV+EC,*,F,독서하냐고,Inflect,VV,EC,독서하/VV/*+냐고/EC/*
독서하지,0,0,-500,VV+EC,*,F,독서하지,Inflect,VV,EC,독서하/VV/*+지/EC/*
독서하거나,0,0,-500,VV+EC,*,F,독서하거나,Inflect,VV,EC,독서하/VV/*+거나/EC/*
독서하든지,0,0,-500,VV+EC,*,F,독서하든지,Inflect,VV,EC,독서하/VV/*+든지/EC/*
독서하듯이,0,0,-500,VV+EC,*,F,독서하듯이,Inflect,VV,EC,독서하/VV/*+듯이/EC/*
독서하듯,0,0,-500,VV+EC,*,T,독서하듯,Inflect,VV,EC,독서하/VV/*+듯/EC/*
독서하다,0,0,-500,VV+EF,*,F,독서하다,Inflect,VV,EF,독서하/VV/*+다/EF/*
독서해요,0,0,-500,VV+EF,*,F,독서해요,Inflect,VV,EF,독서하/VV/*+요/EF/*
독서합니다,0,0,-500,VV+EF,*,F,독서합니다,Inflect,VV,EF,독서하/VV/*+ㅂ니다/EF/*
독서하습니다,0,0,-500,VV+EF,*,F,독서하습니다,Inflect,VV,EF,독서하/VV/*+습니다/EF/*
독서할까,0,0,-500,VV+EF,*,F,독서할까,Inflect,VV,EF,독서하/VV/*+ㄹ까/EF/*
독서할까요,0,0,-500,VV+EF,*,F,독서할까요,Inflect,VV,EF,독서하/VV/*+ㄹ까요/EF/*
독서할게요,0,0,-500,VV+EF,*,F,독서할게요,Inflect,VV,EF,독서하/VV/*+ㄹ게요/EF/*
독서할게,0,0,-500,VV+EF,*,F,독서할게,Inflect,VV,EF,독서하/VV/*+ㄹ게/EF/*
독서하자,0,0,-500,VV+EF,*,F,독서하자,Inflect,VV,EF,독서하/VV/*+자/EF/*
독서하세요,0,0,-500,VV+EF,*,F,독서하세요,Inflect,VV,EF,독서하/VV/*+세요/EF/*
독서했다,0,0,-500,VV+EP+EF,*,F,독서했다,Inflect,VV,EF,독서하/VV/*+았/EP/*+다/EF/*
독서했어요,0,0,-500,VV+EP+EF,*,F,독서했어요,Inflect,VV,EF,독서하/VV/*+았/EP/*+요/EF/*
독서했ㅂ니다,0,0,-500,VV+EP+EF,*,F,독서했ㅂ니다,Inflect,VV,EF,독서하/VV/*+았/EP/*+ㅂ니다/EF/*
독서했으습니다,0,0,-500,VV+EP+EF,*,F,독서했으습니다,Inflect,VV,EF,독서하/VV/*+았/EP/*+습니다/EF/*
독서했ㄹ까,0,0,-500,VV+EP+EF,*,F,독서했ㄹ까,Inflect,VV,EF,독서하/VV/*+았/EP/*+ㄹ까/EF/*
독서했ㄹ까요,0,0,-500,VV+EP+EF,*,F,독서했ㄹ까요,Inflect,VV,EF,독서하/VV/*+았/EP/*+ㄹ까요/EF/*
독서했ㄹ게요,0,0,-500,VV+EP+EF,*,F,독서했ㄹ게요,Inflect,VV,EF,독서하/VV/*+았/EP/*+ㄹ게요/EF/*
독서했ㄹ게,0,0,-500,VV+EP+EF,*,F,독서했ㄹ게,Inflect,VV,EF,독서하/VV/*+았/EP/*+ㄹ게/EF/*
독서했자,0,0,-500,VV+EP+EF,*,F,독서했자,Inflect,VV,EF,독서하/VV/*+았/EP/*+자/EF/*
독서했으세요,0,0,-500,VV+EP+EF,*,F,독서했으세요,Inflect,VV,EF,독서하/VV/*+았/EP/*+세요/EF/*
독서했다,0,0,-500,VV+EP+EF,*,F,독서했다,Inflect,VV,EF,독서하/VV/*+었/EP/*+다/EF/*
독서했어요,0,0,-500,VV+EP+EF,*,F,독서했어요,Inflect,VV,EF,독서하/VV/*+었/EP/*+요/EF/*
독서했ㅂ니다,0,0,-500,VV+EP+EF,*,F,독서했ㅂ니다,Inflect,VV,EF,독서하/VV/*+었/EP/*+ㅂ니다/EF/*
독서했으습니다,0,0,-500,VV+EP+EF,*,F,독서했으습니다,Inflect,VV,EF,독서하/VV/*+었/EP/*+습니다/EF/*
독서했ㄹ까,0,0,-500,VV+EP+EF,*,F,독서했ㄹ까,Inflect,VV,EF,독서하/VV/*+었/EP/*+ㄹ까/EF/*
독서했ㄹ까요,0,0,-500,VV+EP+EF,*,F,독서했ㄹ까요,Inflect,VV,EF,독서하/VV/*+었/EP/*+ㄹ까요/EF/*
독서했ㄹ게요,0,0,-500,VV+EP+EF,*,F,독서했ㄹ게요,Inflect,VV,EF,독서하/VV/*+었/EP/*+ㄹ게요/EF/*
독서했ㄹ게,0,0,-500,VV+EP+EF,*,F,독서했ㄹ게,Inflect,VV,EF,독서하/VV/*+었/EP/*+ㄹ게/EF/*
독서했자,0,0,-500,VV+EP+EF,*,F,독서했자,Inflect,VV,EF,독서하/VV/*+었/EP/*+자/EF/*
독서했으세요,0,0,-500,VV+EP+EF,*,F,독서했으세요,Inflect,VV,EF,독서하/VV/*+었/EP/*+세요/EF/*
독서하시다,0,0,-500,VV+EP+EF,*,F,독서하시다,Inflect,VV,EF,독서하/VV/*+시/EP/*+다/EF/*
독서하셔요,0,0,-500,VV+EP+EF,*,F,독서하셔요,Inflect,VV,EF,독서하/VV/*+시/EP/*+요/EF/*
독서하십니다,0,0,-500,VV+EP+EF,*,F,독서하십니다,Inflect,VV,EF,독서하/VV/*+시/EP/*+ㅂ니다/EF/*
독서하시습니다,0,0,-500,VV+EP+EF,*,F,독서하시습니다,Inflect,VV,EF,독서하/VV/*+시/EP/*+습니다/EF/*
독서하실까,0,0,-500,VV+EP+EF,*,F,독서하실까,Inflect,VV,EF,독서하/VV/*+시/EP/*+ㄹ까/EF/*
독서하실까요,0,0,-500,VV+EP+EF,*,F,독서하실까요,Inflect,VV,EF,독서하/VV/*+시/EP/*+ㄹ까요/EF/*
독서하실게요,0,0,-500,VV+EP+EF,*,F,독서하실게요,Inflect,VV,EF,독서하/VV/*+시/EP/*+ㄹ게요/EF/*
독서하실게,0,0,-500,VV+EP+EF,*,F,독서하실게,Inflect,VV,EF,독서하/VV/*+시/EP/*+ㄹ게/EF/*
독서하시자,0,0,-500,VV+EP+EF,*,F,독서하시자,Inflect,VV,EF,독서하/VV/*+시/EP/*+자/EF/*
독서하시세요,0,0,-500,VV+EP+EF,*,F,독서하시세요,Inflect,VV,EF,독서하/VV/*+시/EP/*+세요/EF/*
독서하겠다,0,0,-500,VV+EP+EF,*,F,독서하겠다,Inflect,VV,EF,독서하/VV/*+겠/EP/*+다/EF/*
독서하겠어요,0,0,-500,VV+EP+EF,*,F,독서하겠어요,Inflect,VV,EF,독서하/VV/*+겠/EP/*+요/EF/*
독서하겠ㅂ니다,0,0,-500,VV+EP+EF,*,F,독서하겠ㅂ니다,Inflect,VV,EF,독서하/VV/*+겠/EP/*+ㅂ니다/EF/*
독서하겠으습니다,0,0,-500,VV+EP+EF,*,F,독서하겠으습니다,Inflect,VV,EF,독서하/VV/*+겠/EP/*+습니다/EF/*
독서하겠ㄹ까,0,0,-500,VV+EP+EF,*,F,독서하겠ㄹ까,Inflect,VV,EF,독서하/VV/*+겠/EP/*+ㄹ까/EF/*
독서하겠ㄹ까요,0,0,-500,VV+EP+EF,*,F,독서하겠ㄹ까요,Inflect,VV,EF,독서하/VV/*+겠/EP/*+ㄹ까요/EF/*
독서하겠ㄹ게요,0,0,-500,VV+EP+EF,*,F,독서하겠ㄹ게요,Inflect,VV,EF,독서하/VV/*+겠/EP/*+ㄹ게요/EF/*
독서하겠ㄹ게,0,0,-500,VV+EP+EF,*,F,독서하겠ㄹ게,Inflect,VV,EF,독서하/VV/*+겠/EP/*+ㄹ게/EF/*
독서하겠자,0,0,-500,VV+EP+EF,*,F,독서하겠자,Inflect,VV,EF,독서하/VV/*+겠/EP/*+자/EF/*
독서하겠으세요,0,0,-500,VV+EP+EF,*,F,독서하겠으세요,Inflect,VV,EF,독서하/VV/*+겠/EP/*+세요/EF/*
여행하는,0,0,-500,VV+ETM,*,T,여행하는,Inflect,VV,ETM,여행하/VV/*+는/ETM/*
여행한,0,0,-500,VV+ETM,*,T,여행한,Inflect,VV,ETM,여행하/VV/*+ㄴ/ETM/*
여행하은,0,0,-500,VV+ETM,*,T,여행하은,Inflect,VV,ETM,여행하/VV/*+은/ETM/*
여행할,0,0,-500,VV+ETM,*,T,여행할,Inflect,VV,ETM,여행하/VV/*+ㄹ/ETM/*
여행하을,0,0,-500,VV+ETM,*,T,여행하을,Inflect,VV,ETM,여행하/VV/*+을/ETM/*
여행하고,0,0,-500,VV+EC,*,F,여행하고,Inflect,VV,EC,여행하/VV/*+고/EC/*
여행해서,0,0,-500,VV+EC,*,F,여행해서,Inflect,VV,EC,여행하/VV/*+서/EC/*
여행하니까,0,0,-500,VV+EC,*,F,여행하니까,Inflect,VV,EC,여행하/VV/*+니까/EC/*
여행하니,0,0,-500,VV+EC,*,F,여행하니,Inflect,VV,EC,여행하/VV/*+니/EC/*
여행하면,0,0,-500,VV+EC,*,T,여행하면,Inflect,VV,EC,여행하/VV/*+면/EC/*
여행하지만,0,0,-500,VV+EC,*,T,여행하지만,Inflect,VV,EC,여행하/VV/*+지만/EC/*
여행하는데,0,0,-500,VV+EC,*,F,여행하는데,Inflect,VV,EC,여행하/VV/*+는데/EC/*
여행한데,0,0,-500,VV+EC,*,F,여행한데,Inflect,VV,EC,여행하/VV/*+ㄴ데/EC/*
여행하은데,0,0,-500,VV+EC,*,F,여행하은데,Inflect,VV,EC,여행하/VV/*+은데/EC/*
여행하면서,0,0,-500,VV+EC,*,F,여행하면서,Inflect,VV,EC,여행하/VV/*+면서/EC/*
여행하며,0,0,-500,VV+EC,*,F,여행하며,Inflect,VV,EC,여행하/VV/*+며/EC/*
여행하러,0,0,-500,VV+EC,*,F,여행하러,Inflect,VV,EC,여행하/VV/*+러/EC/*
여행하려고,0,0,-500,VV+EC,*,F,여행하려고,Inflect,VV,EC,여행하/VV/*+려고/EC/*
여행하려,0,0,-500,VV+EC,*,F,여행하려,Inflect,VV,EC,여행하/VV/*+려/EC/*
여행해도,0,0,-500,VV+EC,*,F,여행해도,Inflect,VV,EC,여행하/VV/*+도/EC/*
여행하다가,0,0,-500,VV+EC,*,F,여행하다가,Inflect,VV,EC,여행하/VV/*+다가/EC/*
여행하자,0,0,-500,VV+EC,*,F,여행하자,Inflect,VV,EC,여행하/VV/*+자/EC/*
여행하자마자,0,0,-500,VV+EC,*,F,여행하자마자,Inflect,VV,EC,여행하/VV/*+자마자/EC/*
여행하고서,0,0,-500,VV+EC,*,F,여행하고서,Inflect,VV,EC,여행하/VV/*+고서/EC/*
여행하고나서,0,0,-500,VV+EC,*,F,여행하고나서,Inflect,VV,EC,여행하/VV/*+고나서/EC/*
여행하도록,0,0,-500,VV+EC,*,T,여행하도록,Inflect,VV,EC,여행하/VV/*+도록/EC/*
여행하게,0,0,-500,VV+EC,*,F,여행하게,Inflect,VV,EC,여행하/VV/*+게/EC/*
여행하더라도,0,0,-500,VV+EC,*,F,여행하더라도,Inflect,VV,EC,여행하/VV/*+더라도/EC/*
여행할지라도,0,0,-500,VV+EC,*,F,여행할지라도,Inflect,VV,EC,여행하/VV/*+ㄹ지라도/EC/*
여행하을지라도,0,0,-500,VV+EC,*,F,여행하을지라도,Inflect,VV,EC,여행하/VV/*+을지라도/EC/*
여행할수록,0,0,-500,VV+EC,*,T,여행할수록,Inflect,VV,EC,여행하/VV/*+ㄹ수록/EC/*
여행하을수록,0,0,-500,VV+EC,*,T,여행하을수록,Inflect,VV,EC,여행하/VV/*+을수록/EC/*
여행하다고,0,0,-500,VV+EC,*,F,여행하다고,Inflect,VV,EC,여행하/VV/*+다고/EC/*
여행하라고,0,0,-500,VV+EC,*,F,여행하라고,Inflect,VV,EC,여행하/VV/*+라고/EC/*
여행하냐고,0,0,-500,VV+EC,*,F,여행하냐고,Inflect,VV,EC,여행하/VV/*+냐고/EC/*
여행하지,0,0,-500,VV+EC,*,F,여행하지,Inflect,VV,EC,여행하/VV/*+지/EC/*
여행하거나,0,0,-500,VV+EC,*,F,여행하거나,Inflect,VV,EC,여행하/VV/*+거나/EC/*
여행하든지,0,0,-500,VV+EC,*,F,여행하든지,Inflect,VV,EC,여행하/VV/*+든지/EC/*
여행하듯이,0,0,-500,VV+EC,*,F,여행하듯이,Inflect,VV,EC,여행하/VV/*+듯이/EC/*
여행하듯,0,0,-500,VV+EC,*,T,여행하듯,Inflect,VV,EC,여행하/VV/*+듯/EC/*
여행하다,0,0,-500,VV+EF,*,F,여행하다,Inflect,VV,EF,여행하/VV/*+다/EF/*
여행해요,0,0,-500,VV+EF,*,F,여행해요,Inflect,VV,EF,여행하/VV/*+요/EF/*
여행합니다,0,0,-500,VV+EF,*,F,여행합니다,Inflect,VV,EF,여행하/VV/*+ㅂ니다/EF/*
여행하습니다,0,0,-500,VV+EF,*,F,여행하습니다,Inflect,VV,EF,여행하/VV/*+습니다/EF/*
여행할까,0,0,-500,VV+EF,*,F,여행할까,Inflect,VV,EF,여행하/VV/*+ㄹ까/EF/*
여행할까요,0,0,-500,VV+EF,*,F,여행할까요,Inflect,VV,EF,여행하/VV/*+ㄹ까요/EF/*
여행할게요,0,0,-500,VV+EF,*,F,여행할게요,Inflect,VV,EF,여행하/VV/*+ㄹ게요/EF/*
여행할게,0,0,-500,VV+EF,*,F,여행할게,Inflect,VV,EF,여행하/VV/*+ㄹ게/EF/*
여행하자,0,0,-500,VV+EF,*,F,여행하자,Inflect,VV,EF,여행하/VV/*+자/EF/*
여행하세요,0,0,-500,VV+EF,*,F,여행하세요,Inflect,VV,EF,여행하/VV/*+세요/EF/*
여행했다,0,0,-500,VV+EP+EF,*,F,여행했다,Inflect,VV,EF,여행하/VV/*+았/EP/*+다/EF/*
여행했어요,0,0,-500,VV+EP+EF,*,F,여행했어요,Inflect,VV,EF,여행하/VV/*+았/EP/*+요/EF/*
여행했ㅂ니다,0,0,-500,VV+EP+EF,*,F,여행했ㅂ니다,Inflect,VV,EF,여행하/VV/*+았/EP/*+ㅂ니다/EF/*
여행했으습니다,0,0,-500,VV+EP+EF,*,F,여행했으습니다,Inflect,VV,EF,여행하/VV/*+았/EP/*+습니다/EF/*
여행했ㄹ까,0,0,-500,VV+EP+EF,*,F,여행했ㄹ까,Inflect,VV,EF,여행하/VV/*+았/EP/*+ㄹ까/EF/*
여행했ㄹ까요,0,0,-500,VV+EP+EF,*,F,여행했ㄹ까요,Inflect,VV,EF,여행하/VV/*+았/EP/*+ㄹ까요/EF/*
여행했ㄹ게요,0,0,-500,VV+EP+EF,*,F,여행했ㄹ게요,Inflect,VV,EF,여행하/VV/*+았/EP/*+ㄹ게요/EF/*
여행했ㄹ게,0,0,-500,VV+EP+EF,*,F,여행했ㄹ게,Inflect,VV,EF,여행하/VV/*+았/EP/*+ㄹ게/EF/*
여행했자,0,0,-500,VV+EP+EF,*,F,여행했자,Inflect,VV,EF,여행하/VV/*+았/EP/*+자/EF/*
여행했으세요,0,0,-500,VV+EP+EF,*,F,여행했으세요,Inflect,VV,EF,여행하/VV/*+았/EP/*+세요/EF/*
여행했다,0,0,-500,VV+EP+EF,*,F,여행했다,Inflect,VV,EF,여행하/VV/*+었/EP/*+다/EF/*
여행했어요,0,0,-500,VV+EP+EF,*,F,여행했어요,Inflect,VV,EF,여행하/VV/*+었/EP/*+요/EF/*
여행했ㅂ니다,0,0,-500,VV+EP+EF,*,F,여행했ㅂ니다,Inflect,VV,EF,여행하/VV/*+었/EP/*+ㅂ니다/EF/*
여행했으습니다,0,0,-500,VV+EP+EF,*,F,여행했으습니다,Inflect,VV,EF,여행하/VV/*+었/EP/*+습니다/EF/*
여행했ㄹ까,0,0,-500,VV+EP+EF,*,F,여행했ㄹ까,Inflect,VV,EF,여행하/VV/*+었/EP/*+ㄹ까/EF/*
여행했ㄹ까요,0,0,-500,VV+EP+EF,*,F,여행했ㄹ까요,Inflect,VV,EF,여행하/VV/*+었/EP/*+ㄹ까요/EF/*
여행했ㄹ게요,0,0,-500,VV+EP+EF,*,F,여행했ㄹ게요,Inflect,VV,EF,여행하/VV/*+었/EP/*+ㄹ게요/EF/*
여행했ㄹ게,0,0,-500,VV+EP+EF,*,F,여행했ㄹ게,Inflect,VV,EF,여행하/VV/*+었/EP/*+ㄹ게/EF/*
여행했자,0,0,-500,VV+EP+EF,*,F,여행했자,Inflect,VV,EF,여행하/VV/*+었/EP/*+자/EF/*
여행했으세요,0,0,-500,VV+EP+EF,*,F,여행했으세요,Inflect,VV,EF,여행하/VV/*+었/EP/*+세요/EF/*
여행하시다,0,0,-500,VV+EP+EF,*,F,여행하시다,Inflect,VV,EF,여행하/VV/*+시/EP/*+다/EF/*
여행하셔요,0,0,-500,VV+EP+EF,*,F,여행하셔요,Inflect,VV,EF,여행하/VV/*+시/EP/*+요/EF/*
여행하십니다,0,0,-500,VV+EP+EF,*,F,여행하십니다,Inflect,VV,EF,여행하/VV/*+시/EP/*+ㅂ니다/EF/*
여행하시습니다,0,0,-500,VV+EP+EF,*,F,여행하시습니다,Inflect,VV,EF,여행하/VV/*+시/EP/*+습니다/EF/*
여행하실까,0,0,-500,VV+EP+EF,*,F,여행하실까,Inflect,VV,EF,여행하/VV/*+시/EP/*+ㄹ까/EF/*
여행하실까요,0,0,-500,VV+EP+EF,*,F,여행하실까요,Inflect,VV,EF,여행하/VV/*+시/EP/*+ㄹ까요/EF/*
여행하실게요,0,0,-500,VV+EP+EF,*,F,여행하실게요,Inflect,VV,EF,여행하/VV/*+시/EP/*+ㄹ게요/EF/*
여행하실게,0,0,-500,VV+EP+EF,*,F,여행하실게,Inflect,VV,EF,여행하/VV/*+시/EP/*+ㄹ게/EF/*
여행하시자,0,0,-500,VV+EP+EF,*,F,여행하시자,Inflect,VV,EF,여행하/VV/*+시/EP/*+자/EF/*
여행하시세요,0,0,-500,VV+EP+EF,*,F,여행하시세요,Inflect,VV,EF,여행하/VV/*+시/EP/*+세요/EF/*
여행하겠다,0,0,-500,VV+EP+EF,*,F,여행하겠다,Inflect,VV,EF,여행하/VV/*+겠/EP/*+다/EF/*
여행하겠어요,0,0,-500,VV+EP+EF,*,F,여행하겠어요,Inflect,VV,EF,여행하/VV/*+겠/EP/*+요/EF/*
여행하겠ㅂ니다,0,0,-500,VV+EP+EF,*,F,여행하겠ㅂ니다,Inflect,VV,EF,여행하/VV/*+겠/EP/*+ㅂ니다/EF/*
여행하겠으습니다,0,0,-500,VV+EP+EF,*,F,여행하겠으습니다,Inflect,VV,EF,여행하/VV/*+겠/EP/*+습니다/EF/*
여행하겠ㄹ까,0,0,-500,VV+EP+EF,*,F,여행하겠ㄹ까,Inflect,VV,EF,여행하/VV/*+겠/EP/*+ㄹ까/EF/*
여행하겠ㄹ까요,0,0,-500,VV+EP+EF,*,F,여행하겠ㄹ까요,Inflect,VV,EF,여행하/VV/*+겠/EP/*+ㄹ까요/EF/*
여행하겠ㄹ게요,0,0,-500,VV+EP+EF,*,F,여행하겠ㄹ게요,Inflect,VV,EF,여행하/VV/*+겠/EP/*+ㄹ게요/EF/*
여행하겠ㄹ게,0,0,-500,VV+EP+EF,*,F,여행하겠ㄹ게,Inflect,VV,EF,여행하/VV/*+겠/EP/*+ㄹ게/EF/*
여행하겠자,0,0,-500,VV+EP+EF,*,F,여행하겠자,Inflect,VV,EF,여행하/VV/*+겠/EP/*+자/EF/*
여행하겠으세요,0,0,-500,VV+EP+EF,*,F,여행하겠으세요,Inflect,VV,EF,여행하/VV/*+겠/EP/*+세요/EF/*
사랑하는,0,0,-500,VV+ETM,*,T,사랑하는,Inflect,VV,ETM,사랑하/VV/*+는/ETM/*
사랑한,0,0,-500,VV+ETM,*,T,사랑한,Inflect,VV,ETM,사랑하/VV/*+ㄴ/ETM/*
사랑하은,0,0,-500,VV+ETM,*,T,사랑하은,Inflect,VV,ETM,사랑하/VV/*+은/ETM/*
사랑할,0,0,-500,VV+ETM,*,T,사랑할,Inflect,VV,ETM,사랑하/VV/*+ㄹ/ETM/*
사랑하을,0,0,-500,VV+ETM,*,T,사랑하을,Inflect,VV,ETM,사랑하/VV/*+을/ETM/*
사랑하고,0,0,-500,VV+EC,*,F,사랑하고,Inflect,VV,EC,사랑하/VV/*+고/EC/*
사랑해서,0,0,-500,VV+EC,*,F,사랑해서,Inflect,VV,EC,사랑하/VV/*+서/EC/*
사랑하니까,0,0,-500,VV+EC,*,F,사랑하니까,Inflect,VV,EC,사랑하/VV/*+니까/EC/*
사랑하니,0,0,-500,VV+EC,*,F,사랑하니,Inflect,VV,EC,사랑하/VV/*+니/EC/*
사랑하면,0,0,-500,VV+EC,*,T,사랑하면,Inflect,VV,EC,사랑하/VV/*+면/EC/*
사랑하지만,0,0,-500,VV+EC,*,T,사랑하지만,Inflect,VV,EC,사랑하/VV/*+지만/EC/*
사랑하는데,0,0,-500,VV+EC,*,F,사랑하는데,Inflect,VV,EC,사랑하/VV/*+는데/EC/*
사랑한데,0,0,-500,VV+EC,*,F,사랑한데,Inflect,VV,EC,사랑하/VV/*+ㄴ데/EC/*
사랑하은데,0,0,-500,VV+EC,*,F,사랑하은데,Inflect,VV,EC,사랑하/VV/*+은데/EC/*
사랑하면서,0,0,-500,VV+EC,*,F,사랑하면서,Inflect,VV,EC,사랑하/VV/*+면서/EC/*
사랑하며,0,0,-500,VV+EC,*,F,사랑하며,Inflect,VV,EC,사랑하/VV/*+며/EC/*
사랑하러,0,0,-500,VV+EC,*,F,사랑하러,Inflect,VV,EC,사랑하/VV/*+러/EC/*
사랑하려고,0,0,-500,VV+EC,*,F,사랑하려고,Inflect,VV,EC,사랑하/VV/*+려고/EC/*
사랑하려,0,0,-500,VV+EC,*,F,사랑하려,Inflect,VV,EC,사랑하/VV/*+려/EC/*
사랑해도,0,0,-500,VV+EC,*,F,사랑해도,Inflect,VV,EC,사랑하/VV/*+도/EC/*
사랑하다가,0,0,-500,VV+EC,*,F,사랑하다가,Inflect,VV,EC,사랑하/VV/*+다가/EC/*
사랑하자,0,0,-500,VV+EC,*,F,사랑하자,Inflect,VV,EC,사랑하/VV/*+자/EC/*
사랑하자마자,0,0,-500,VV+EC,*,F,사랑하자마자,Inflect,VV,EC,사랑하/VV/*+자마자/EC/*
사랑하고서,0,0,-500,VV+EC,*,F,사랑하고서,Inflect,VV,EC,사랑하/VV/*+고서/EC/*
사랑하고나서,0,0,-500,VV+EC,*,F,사랑하고나서,Inflect,VV,EC,사랑하/VV/*+고나서/EC/*
사랑하도록,0,0,-500,VV+EC,*,T,사랑하도록,Inflect,VV,EC,사랑하/VV/*+도록/EC/*
사랑하게,0,0,-500,VV+EC,*,F,사랑하게,Inflect,VV,EC,사랑하/VV/*+게/EC/*
사랑하더라도,0,0,-500,VV+EC,*,F,사랑하더라도,Inflect,VV,EC,사랑하/VV/*+더라도/EC/*
사랑할지라도,0,0,-500,VV+EC,*,F,사랑할지라도,Inflect,VV,EC,사랑하/VV/*+ㄹ지라도/EC/*
사랑하을지라도,0,0,-500,VV+EC,*,F,사랑하을지라도,Inflect,VV,EC,사랑하/VV/*+을지라도/EC/*
사랑할수록,0,0,-500,VV+EC,*,T,사랑할수록,Inflect,VV,EC,사랑하/VV/*+ㄹ수록/EC/*
사랑하을수록,0,0,-500,VV+EC,*,T,사랑하을수록,Inflect,VV,EC,사랑하/VV/*+을수록/EC/*
사랑하다고,0,0,-500,VV+EC,*,F,사랑하다고,Inflect,VV,EC,사랑하/VV/*+다고/EC/*
사랑하라고,0,0,-500,VV+EC,*,F,사랑하라고,Inflect,VV,EC,사랑하/VV/*+라고/EC/*
사랑하냐고,0,0,-500,VV+EC,*,F,사랑하냐고,Inflect,VV,EC,사랑하/VV/*+냐고/EC/*
사랑하지,0,0,-500,VV+EC,*,F,사랑하지,Inflect,VV,EC,사랑하/VV/*+지/EC/*
사랑하거나,0,0,-500,VV+EC,*,F,사랑하거나,Inflect,VV,EC,사랑하/VV/*+거나/EC/*
사랑하든지,0,0,-500,VV+EC,*,F,사랑하든지,Inflect,VV,EC,사랑하/VV/*+든지/EC/*
사랑하듯이,0,0,-500,VV+EC,*,F,사랑하듯이,Inflect,VV,EC,사랑하/VV/*+듯이/EC/*
사랑하듯,0,0,-500,VV+EC,*,T,사랑하듯,Inflect,VV,EC,사랑하/VV/*+듯/EC/*
사랑하다,0,0,-500,VV+EF,*,F,사랑하다,Inflect,VV,EF,사랑하/VV/*+다/EF/*
사랑해요,0,0,-500,VV+EF,*,F,사랑해요,Inflect,VV,EF,사랑하/VV/*+요/EF/*
사랑합니다,0,0,-500,VV+EF,*,F,사랑합니다,Inflect,VV,EF,사랑하/VV/*+ㅂ니다/EF/*
사랑하습니다,0,0,-500,VV+EF,*,F,사랑하습니다,Inflect,VV,EF,사랑하/VV/*+습니다/EF/*
사랑할까,0,0,-500,VV+EF,*,F,사랑할까,Inflect,VV,EF,사랑하/VV/*+ㄹ까/EF/*
사랑할까요,0,0,-500,VV+EF,*,F,사랑할까요,Inflect,VV,EF,사랑하/VV/*+ㄹ까요/EF/*
사랑할게요,0,0,-500,VV+EF,*,F,사랑할게요,Inflect,VV,EF,사랑하/VV/*+ㄹ게요/EF/*
사랑할게,0,0,-500,VV+EF,*,F,사랑할게,Inflect,VV,EF,사랑하/VV/*+ㄹ게/EF/*
사랑하자,0,0,-500,VV+EF,*,F,사랑하자,Inflect,VV,EF,사랑하/VV/*+자/EF/*
사랑하세요,0,0,-500,VV+EF,*,F,사랑하세요,Inflect,VV,EF,사랑하/VV/*+세요/EF/*
사랑했다,0,0,-500,VV+EP+EF,*,F,사랑했다,Inflect,VV,EF,사랑하/VV/*+았/EP/*+다/EF/*
사랑했어요,0,0,-500,VV+EP+EF,*,F,사랑했어요,Inflect,VV,EF,사랑하/VV/*+았/EP/*+요/EF/*
사랑했ㅂ니다,0,0,-500,VV+EP+EF,*,F,사랑했ㅂ니다,Inflect,VV,EF,사랑하/VV/*+았/EP/*+ㅂ니다/EF/*
사랑했으습니다,0,0,-500,VV+EP+EF,*,F,사랑했으습니다,Inflect,VV,EF,사랑하/VV/*+았/EP/*+습니다/EF/*
사랑했ㄹ까,0,0,-500,VV+EP+EF,*,F,사랑했ㄹ까,Inflect,VV,EF,사랑하/VV/*+았/EP/*+ㄹ까/EF/*
사랑했ㄹ까요,0,0,-500,VV+EP+EF,*,F,사랑했ㄹ까요,Inflect,VV,EF,사랑하/VV/*+았/EP/*+ㄹ까요/EF/*
사랑했ㄹ게요,0,0,-500,VV+EP+EF,*,F,사랑했ㄹ게요,Inflect,VV,EF,사랑하/VV/*+았/EP/*+ㄹ게요/EF/*
사랑했ㄹ게,0,0,-500,VV+EP+EF,*,F,사랑했ㄹ게,Inflect,VV,EF,사랑하/VV/*+았/EP/*+ㄹ게/EF/*
사랑했자,0,0,-500,VV+EP+EF,*,F,사랑했자,Inflect,VV,EF,사랑하/VV/*+았/EP/*+자/EF/*
사랑했으세요,0,0,-500,VV+EP+EF,*,F,사랑했으세요,Inflect,VV,EF,사랑하/VV/*+았/EP/*+세요/EF/*
사랑했다,0,0,-500,VV+EP+EF,*,F,사랑했다,Inflect,VV,EF,사랑하/VV/*+었/EP/*+다/EF/*
사랑했어요,0,0,-500,VV+EP+EF,*,F,사랑했어요,Inflect,VV,EF,사랑하/VV/*+었/EP/*+요/EF/*
사랑했ㅂ니다,0,0,-500,VV+EP+EF,*,F,사랑했ㅂ니다,Inflect,VV,EF,사랑하/VV/*+었/EP/*+ㅂ니다/EF/*
사랑했으습니다,0,0,-500,VV+EP+EF,*,F,사랑했으습니다,Inflect,VV,EF,사랑하/VV/*+었/EP/*+습니다/EF/*
사랑했ㄹ까,0,0,-500,VV+EP+EF,*,F,사랑했ㄹ까,Inflect,VV,EF,사랑하/VV/*+었/EP/*+ㄹ까/EF/*
사랑했ㄹ까요,0,0,-500,VV+EP+EF,*,F,사랑했ㄹ까요,Inflect,VV,EF,사랑하/VV/*+었/EP/*+ㄹ까요/EF/*
사랑했ㄹ게요,0,0,-500,VV+EP+EF,*,F,사랑했ㄹ게요,Inflect,VV,EF,사랑하/VV/*+었/EP/*+ㄹ게요/EF/*
사랑했ㄹ게,0,0,-500,VV+EP+EF,*,F,사랑했ㄹ게,Inflect,VV,EF,사랑하/VV/*+었/EP/*+ㄹ게/EF/*
사랑했자,0,0,-500,VV+EP+EF,*,F,사랑했자,Inflect,VV,EF,사랑하/VV/*+었/EP/*+자/EF/*
사랑했으세요,0,0,-500,VV+EP+EF,*,F,사랑했으세요,Inflect,VV,EF,사랑하/VV/*+었/EP/*+세요/EF/*
사랑하시다,0,0,-500,VV+EP+EF,*,F,사랑하시다,Inflect,VV,EF,사랑하/VV/*+시/EP/*+다/EF/*
사랑하셔요,0,0,-500,VV+EP+EF,*,F,사랑하셔요,Inflect,VV,EF,사랑하/VV/*+시/EP/*+요/EF/*
사랑하십니다,0,0,-500,VV+EP+EF,*,F,사랑하십니다,Inflect,VV,EF,사랑하/VV/*+시/EP/*+ㅂ니다/EF/*
사랑하시습니다,0,0,-500,VV+EP+EF,*,F,사랑하시습니다,Inflect,VV,EF,사랑하/VV/*+시/EP/*+습니다/EF/*
사랑하실까,0,0,-500,VV+EP+EF,*,F,사랑하실까,Inflect,VV,EF,사랑하/VV/*+시/EP/*+ㄹ까/EF/*
사랑하실까요,0,0,-500,VV+EP+EF,*,F,사랑하실까요,Inflect,VV,EF,사랑하/VV/*+시/EP/*+ㄹ까요/EF/*
사랑하실게요,0,0,-500,VV+EP+EF,*,F,사랑하실게요,Inflect,VV,EF,사랑하/VV/*+시/EP/*+ㄹ게요/EF/*
사랑하실게,0,0,-500,VV+EP+EF,*,F,사랑하실게,Inflect,VV,EF,사랑하/VV/*+시/EP/*+ㄹ게/EF/*
사랑하시자,0,0,-500,VV+EP+EF,*,F,사랑하시자,Inflect,VV,EF,사랑하/VV/*+시/EP/*+자/EF/*
사랑하시세요,0,0,-500,VV+EP+EF,*,F,사랑하시세요,Inflect,VV,EF,사랑하/VV/*+시/EP/*+세요/EF/*
사랑하겠다,0,0,-500,VV+EP+EF,*,F,사랑하겠다,Inflect,VV,EF,사랑하/VV/*+겠/EP/*+다/EF/*
사랑하겠어요,0,0,-500,VV+EP+EF,*,F,사랑하겠어요,Inflect,VV,EF,사랑하/VV/*+겠/EP/*+요/EF/*
사랑하겠ㅂ니다,0,0,-500,VV+EP+EF,*,F,사랑하겠ㅂ니다,Inflect,VV,EF,사랑하/VV/*+겠/EP/*+ㅂ니다/EF/*
사랑하겠으습니다,0,0,-500,VV+EP+EF,*,F,사랑하겠으습니다,Inflect,VV,EF,사랑하/VV/*+겠/EP/*+습니다/EF/*
사랑하겠ㄹ까,0,0,-500,VV+EP+EF,*,F,사랑하겠ㄹ까,Inflect,VV,EF,사랑하/VV/*+겠/EP/*+ㄹ까/EF/*
사랑하겠ㄹ까요,0,0,-500,VV+EP+EF,*,F,사랑하겠ㄹ까요,Inflect,VV,EF,사랑하/VV/*+겠/EP/*+ㄹ까요/EF/*
사랑하겠ㄹ게요,0,0,-500,VV+EP+EF,*,F,사랑하겠ㄹ게요,Inflect,VV,EF,사랑하/VV/*+겠/EP/*+ㄹ게요/EF/*
사랑하겠ㄹ게,0,0,-500,VV+EP+EF,*,F,사랑하겠ㄹ게,Inflect,VV,EF,사랑하/VV/*+겠/EP/*+ㄹ게/EF/*
사랑하겠자,0,0,-500,VV+EP+EF,*,F,사랑하겠자,Inflect,VV,EF,사랑하/VV/*+겠/EP/*+자/EF/*
사랑하겠으세요,0,0,-500,VV+EP+EF,*,F,사랑하겠으세요,Inflect,VV,EF,사랑하/VV/*+겠/EP/*+세요/EF/*
싸움하는,0,0,-500,VV+ETM,*,T,싸움하는,Inflect,VV,ETM,싸움하/VV/*+는/ETM/*
싸움한,0,0,-500,VV+ETM,*,T,싸움한,Inflect,VV,ETM,싸움하/VV/*+ㄴ/ETM/*
싸움하은,0,0,-500,VV+ETM,*,T,싸움하은,Inflect,VV,ETM,싸움하/VV/*+은/ETM/*
싸움할,0,0,-500,VV+ETM,*,T,싸움할,Inflect,VV,ETM,싸움하/VV/*+ㄹ/ETM/*
싸움하을,0,0,-500,VV+ETM,*,T,싸움하을,Inflect,VV,ETM,싸움하/VV/*+을/ETM/*
싸움하고,0,0,-500,VV+EC,*,F,싸움하고,Inflect,VV,EC,싸움하/VV/*+고/EC/*
싸움해서,0,0,-500,VV+EC,*,F,싸움해서,Inflect,VV,EC,싸움하/VV/*+서/EC/*
싸움하니까,0,0,-500,VV+EC,*,F,싸움하니까,Inflect,VV,EC,싸움하/VV/*+니까/EC/*
싸움하니,0,0,-500,VV+EC,*,F,싸움하니,Inflect,VV,EC,싸움하/VV/*+니/EC/*
싸움하면,0,0,-500,VV+EC,*,T,싸움하면,Inflect,VV,EC,싸움하/VV/*+면/EC/*
싸움하지만,0,0,-500,VV+EC,*,T,싸움하지만,Inflect,VV,EC,싸움하/VV/*+지만/EC/*
싸움하는데,0,0,-500,VV+EC,*,F,싸움하는데,Inflect,VV,EC,싸움하/VV/*+는데/EC/*
싸움한데,0,0,-500,VV+EC,*,F,싸움한데,Inflect,VV,EC,싸움하/VV/*+ㄴ데/EC/*
싸움하은데,0,0,-500,VV+EC,*,F,싸움하은데,Inflect,VV,EC,싸움하/VV/*+은데/EC/*
싸움하면서,0,0,-500,VV+EC,*,F,싸움하면서,Inflect,VV,EC,싸움하/VV/*+면서/EC/*
싸움하며,0,0,-500,VV+EC,*,F,싸움하며,Inflect,VV,EC,싸움하/VV/*+며/EC/*
싸움하러,0,0,-500,VV+EC,*,F,싸움하러,Inflect,VV,EC,싸움하/VV/*+러/EC/*
싸움하려고,0,0,-500,VV+EC,*,F,싸움하려고,Inflect,VV,EC,싸움하/VV/*+려고/EC/*
싸움하려,0,0,-500,VV+EC,*,F,싸움하려,Inflect,VV,EC,싸움하/VV/*+려/EC/*
싸움해도,0,0,-500,VV+EC,*,F,싸움해도,Inflect,VV,EC,싸움하/VV/*+도/EC/*
싸움하다가,0,0,-500,VV+EC,*,F,싸움하다가,Inflect,VV,EC,싸움하/VV/*+다가/EC/*
싸움하자,0,0,-500,VV+EC,*,F,싸움하자,Inflect,VV,EC,싸움하/VV/*+자/EC/*
싸움하자마자,0,0,-500,VV+EC,*,F,싸움하자마자,Inflect,VV,EC,싸움하/VV/*+자마자/EC/*
싸움하고서,0,0,-500,VV+EC,*,F,싸움하고서,Inflect,VV,EC,싸움하/VV/*+고서/EC/*
싸움하고나서,0,0,-500,VV+EC,*,F,싸움하고나서,Inflect,VV,EC,싸움하/VV/*+고나서/EC/*
싸움하도록,0,0,-500,VV+EC,*,T,싸움하도록,Inflect,VV,EC,싸움하/VV/*+도록/EC/*
싸움하게,0,0,-500,VV+EC,*,F,싸움하게,Inflect,VV,EC,싸움하/VV/*+게/EC/*
싸움하더라도,0,0,-500,VV+EC,*,F,싸움하더라도,Inflect,VV,EC,싸움하/VV/*+더라도/EC/*
싸움할지라도,0,0,-500,VV+EC,*,F,싸움할지라도,Inflect,VV,EC,싸움하/VV/*+ㄹ지라도/EC/*
싸움하을지라도,0,0,-500,VV+EC,*,F,싸움하을지라도,Inflect,VV,EC,싸움하/VV/*+을지라도/EC/*
싸움할수록,0,0,-500,VV+EC,*,T,싸움할수록,Inflect,VV,EC,싸움하/VV/*+ㄹ수록/EC/*
싸움하을수록,0,0,-500,VV+EC,*,T,싸움하을수록,Inflect,VV,EC,싸움하/VV/*+을수록/EC/*
싸움하다고,0,0,-500,VV+EC,*,F,싸움하다고,Inflect,VV,EC,싸움하/VV/*+다고/EC/*
싸움하라고,0,0,-500,VV+EC,*,F,싸움하라고,Inflect,VV,EC,싸움하/VV/*+라고/EC/*
싸움하냐고,0,0,-500,VV+EC,*,F,싸움하냐고,Inflect,VV,EC,싸움하/VV/*+냐고/EC/*
싸움하지,0,0,-500,VV+EC,*,F,싸움하지,Inflect,VV,EC,싸움하/VV/*+지/EC/*
싸움하거나,0,0,-500,VV+EC,*,F,싸움하거나,Inflect,VV,EC,싸움하/VV/*+거나/EC/*
싸움하든지,0,0,-500,VV+EC,*,F,싸움하든지,Inflect,VV,EC,싸움하/VV/*+든지/EC/*
싸움하듯이,0,0,-500,VV+EC,*,F,싸움하듯이,Inflect,VV,EC,싸움하/VV/*+듯이/EC/*
싸움하듯,0,0,-500,VV+EC,*,T,싸움하듯,Inflect,VV,EC,싸움하/VV/*+듯/EC/*
싸움하다,0,0,-500,VV+EF,*,F,싸움하다,Inflect,VV,EF,싸움하/VV/*+다/EF/*
싸움해요,0,0,-500,VV+EF,*,F,싸움해요,Inflect,VV,EF,싸움하/VV/*+요/EF/*
싸움합니다,0,0,-500,VV+EF,*,F,싸움합니다,Inflect,VV,EF,싸움하/VV/*+ㅂ니다/EF/*
싸움하습니다,0,0,-500,VV+EF,*,F,싸움하습니다,Inflect,VV,EF,싸움하/VV/*+습니다/EF/*
싸움할까,0,0,-500,VV+EF,*,F,싸움할까,Inflect,VV,EF,싸움하/VV/*+ㄹ까/EF/*
싸움할까요,0,0,-500,VV+EF,*,F,싸움할까요,Inflect,VV,EF,싸움하/VV/*+ㄹ까요/EF/*
싸움할게요,0,0,-500,VV+EF,*,F,싸움할게요,Inflect,VV,EF,싸움하/VV/*+ㄹ게요/EF/*
싸움할게,0,0,-500,VV+EF,*,F,싸움할게,Inflect,VV,EF,싸움하/VV/*+ㄹ게/EF/*
싸움하자,0,0,-500,VV+EF,*,F,싸움하자,Inflect,VV,EF,싸움하/VV/*+자/EF/*
싸움하세요,0,0,-500,VV+EF,*,F,싸움하세요,Inflect,VV,EF,싸움하/VV/*+세요/EF/*
싸움했다,0,0,-500,VV+EP+EF,*,F,싸움했다,Inflect,VV,EF,싸움하/VV/*+았/EP/*+다/EF/*
싸움했어요,0,0,-500,VV+EP+EF,*,F,싸움했어요,Inflect,VV,EF,싸움하/VV/*+았/EP/*+요/EF/*
싸움했ㅂ니다,0,0,-500,VV+EP+EF,*,F,싸움했ㅂ니다,Inflect,VV,EF,싸움하/VV/*+았/EP/*+ㅂ니다/EF/*
싸움했으습니다,0,0,-500,VV+EP+EF,*,F,싸움했으습니다,Inflect,VV,EF,싸움하/VV/*+았/EP/*+습니다/EF/*
싸움했ㄹ까,0,0,-500,VV+EP+EF,*,F,싸움했ㄹ까,Inflect,VV,EF,싸움하/VV/*+았/EP/*+ㄹ까/EF/*
싸움했ㄹ까요,0,0,-500,VV+EP+EF,*,F,싸움했ㄹ까요,Inflect,VV,EF,싸움하/VV/*+았/EP/*+ㄹ까요/EF/*
싸움했ㄹ게요,0,0,-500,VV+EP+EF,*,F,싸움했ㄹ게요,Inflect,VV,EF,싸움하/VV/*+았/EP/*+ㄹ게요/EF/*
싸움했ㄹ게,0,0,-500,VV+EP+EF,*,F,싸움했ㄹ게,Inflect,VV,EF,싸움하/VV/*+았/EP/*+ㄹ게/EF/*
싸움했자,0,0,-500,VV+EP+EF,*,F,싸움했자,Inflect,VV,EF,싸움하/VV/*+았/EP/*+자/EF/*
싸움했으세요,0,0,-500,VV+EP+EF,*,F,싸움했으세요,Inflect,VV,EF,싸움하/VV/*+았/EP/*+세요/EF/*
싸움했다,0,0,-500,VV+EP+EF,*,F,싸움했다,Inflect,VV,EF,싸움하/VV/*+었/EP/*+다/EF/*
싸움했어요,0,0,-500,VV+EP+EF,*,F,싸움했어요,Inflect,VV,EF,싸움하/VV/*+었/EP/*+요/EF/*
싸움했ㅂ니다,0,0,-500,VV+EP+EF,*,F,싸움했ㅂ니다,Inflect,VV,EF,싸움하/VV/*+었/EP/*+ㅂ니다/EF/*
싸움했으습니다,0,0,-500,VV+EP+EF,*,F,싸움했으습니다,Inflect,VV,EF,싸움하/VV/*+었/EP/*+습니다/EF/*
싸움했ㄹ까,0,0,-500,VV+EP+EF,*,F,싸움했ㄹ까,Inflect,VV,EF,싸움하/VV/*+었/EP/*+ㄹ까/EF/*
싸움했ㄹ까요,0,0,-500,VV+EP+EF,*,F,싸움했ㄹ까요,Inflect,VV,EF,싸움하/VV/*+었/EP/*+ㄹ까요/EF/*
싸움했ㄹ게요,0,0,-500,VV+EP+EF,*,F,싸움했ㄹ게요,Inflect,VV,EF,싸움하/VV/*+었/EP/*+ㄹ게요/EF/*
싸움했ㄹ게,0,0,-500,VV+EP+EF,*,F,싸움했ㄹ게,Inflect,VV,EF,싸움하/VV/*+었/EP/*+ㄹ게/EF/*
싸움했자,0,0,-500,VV+EP+EF,*,F,싸움했자,Inflect,VV,EF,싸움하/VV/*+었/EP/*+자/EF/*
싸움했으세요,0,0,-500,VV+EP+EF,*,F,싸움했으세요,Inflect,VV,EF,싸움하/VV/*+었/EP/*+세요/EF/*
싸움하시다,0,0,-500,VV+EP+EF,*,F,싸움하시다,Inflect,VV,EF,싸움하/VV/*+시/EP/*+다/EF/*
싸움하셔요,0,0,-500,VV+EP+EF,*,F,싸움하셔요,Inflect,VV,EF,싸움하/VV/*+시/EP/*+요/EF/*
싸움하십니다,0,0,-500,VV+EP+EF,*,F,싸움하십니다,Inflect,VV,EF,싸움하/VV/*+시/EP/*+ㅂ니다/EF/*
싸움하시습니다,0,0,-500,VV+EP+EF,*,F,싸움하시습니다,Inflect,VV,EF,싸움하/VV/*+시/EP/*+습니다/EF/*
싸움하실까,0,0,-500,VV+EP+EF,*,F,싸움하실까,Inflect,VV,EF,싸움하/VV/*+시/EP/*+ㄹ까/EF/*
싸움하실까요,0,0,-500,VV+EP+EF,*,F,싸움하실까요,Inflect,VV,EF,싸움하/VV/*+시/EP/*+ㄹ까요/EF/*
싸움하실게요,0,0,-500,VV+EP+EF,*,F,싸움하실게요,Inflect,VV,EF,싸움하/VV/*+시/EP/*+ㄹ게요/EF/*
싸움하실게,0,0,-500,VV+EP+EF,*,F,싸움하실게,Inflect,VV,EF,싸움하/VV/*+시/EP/*+ㄹ게/EF/*
싸움하시자,0,0,-500,VV+EP+EF,*,F,싸움하시자,Inflect,VV,EF,싸움하/VV/*+시/EP/*+자/EF/*
싸움하시세요,0,0,-500,VV+EP+EF,*,F,싸움하시세요,Inflect,VV,EF,싸움하/VV/*+시/EP/*+세요/EF/*
싸움하겠다,0,0,-500,VV+EP+EF,*,F,싸움하겠다,Inflect,VV,EF,싸움하/VV/*+겠/EP/*+다/EF/*
싸움하겠어요,0,0,-500,VV+EP+EF,*,F,싸움하겠어요,Inflect,VV,EF,싸움하/VV/*+겠/EP/*+요/EF/*
싸움하겠ㅂ니다,0,0,-500,VV+EP+EF,*,F,싸움하겠ㅂ니다,Inflect,VV,EF,싸움하/VV/*+겠/EP/*+ㅂ니다/EF/*
싸움하겠으습니다,0,0,-500,VV+EP+EF,*,F,싸움하겠으습니다,Inflect,VV,EF,싸움하/VV/*+겠/EP/*+습니다/EF/*
싸움하겠ㄹ까,0,0,-500,VV+EP+EF,*,F,싸움하겠ㄹ까,Inflect,VV,EF,싸움하/VV/*+겠/EP/*+ㄹ까/EF/*
싸움하겠ㄹ까요,0,0,-500,VV+EP+EF,*,F,싸움하겠ㄹ까요,Inflect,VV,EF,싸움하/VV/*+겠/EP/*+ㄹ까요/EF/*
싸움하겠ㄹ게요,0,0,-500,VV+EP+EF,*,F,싸움하겠ㄹ게요,Inflect,VV,EF,싸움하/VV/*+겠/EP/*+ㄹ게요/EF/*
싸움하겠ㄹ게,0,0,-500,VV+EP+EF,*,F,싸움하겠ㄹ게,Inflect,VV,EF,싸움하/VV/*+겠/EP/*+ㄹ게/EF/*
싸움하겠자,0,0,-500,VV+EP+EF,*,F,싸움하겠자,Inflect,VV,EF,싸움하/VV/*+겠/EP/*+자/EF/*
싸움하겠으세요,0,0,-500,VV+EP+EF,*,F,싸움하겠으세요,Inflect,VV,EF,싸움하/VV/*+겠/EP/*+세요/EF/*
말하는,0,0,-500,VV+ETM,*,T,말하는,Inflect,VV,ETM,말하/VV/*+는/ETM/*
말한,0,0,-500,VV+ETM,*,T,말한,Inflect,VV,ETM,말하/VV/*+ㄴ/ETM/*
말하은,0,0,-500,VV+ETM,*,T,말하은,Inflect,VV,ETM,말하/VV/*+은/ETM/*
말할,0,0,-500,VV+ETM,*,T,말할,Inflect,VV,ETM,말하/VV/*+ㄹ/ETM/*
말하을,0,0,-500,VV+ETM,*,T,말하을,Inflect,VV,ETM,말하/VV/*+을/ETM/*
말하고,0,0,-500,VV+EC,*,F,말하고,Inflect,VV,EC,말하/VV/*+고/EC/*
말해서,0,0,-500,VV+EC,*,F,말해서,Inflect,VV,EC,말하/VV/*+서/EC/*
말하니까,0,0,-500,VV+EC,*,F,말하니까,Inflect,VV,EC,말하/VV/*+니까/EC/*
말하니,0,0,-500,VV+EC,*,F,말하니,Inflect,VV,EC,말하/VV/*+니/EC/*
말하면,0,0,-500,VV+EC,*,T,말하면,Inflect,VV,EC,말하/VV/*+면/EC/*
말하지만,0,0,-500,VV+EC,*,T,말하지만,Inflect,VV,EC,말하/VV/*+지만/EC/*
말하는데,0,0,-500,VV+EC,*,F,말하는데,Inflect,VV,EC,말하/VV/*+는데/EC/*
말한데,0,0,-500,VV+EC,*,F,말한데,Inflect,VV,EC,말하/VV/*+ㄴ데/EC/*
말하은데,0,0,-500,VV+EC,*,F,말하은데,Inflect,VV,EC,말하/VV/*+은데/EC/*
말하면서,0,0,-500,VV+EC,*,F,말하면서,Inflect,VV,EC,말하/VV/*+면서/EC/*
말하며,0,0,-500,VV+EC,*,F,말하며,Inflect,VV,EC,말하/VV/*+며/EC/*
말하러,0,0,-500,VV+EC,*,F,말하러,Inflect,VV,EC,말하/VV/*+러/EC/*
말하려고,0,0,-500,VV+EC,*,F,말하려고,Inflect,VV,EC,말하/VV/*+려고/EC/*
말하려,0,0,-500,VV+EC,*,F,말하려,Inflect,VV,EC,말하/VV/*+려/EC/*
말해도,0,0,-500,VV+EC,*,F,말해도,Inflect,VV,EC,말하/VV/*+도/EC/*
말하다가,0,0,-500,VV+EC,*,F,말하다가,Inflect,VV,EC,말하/VV/*+다가/EC/*
말하자,0,0,-500,VV+EC,*,F,말하자,Inflect,VV,EC,말하/VV/*+자/EC/*
말하자마자,0,0,-500,VV+EC,*,F,말하자마자,Inflect,VV,EC,말하/VV/*+자마자/EC/*
말하고서,0,0,-500,VV+EC,*,F,말하고서,Inflect,VV,EC,말하/VV/*+고서/EC/*
말하고나서,0,0,-500,VV+EC,*,F,말하고나서,Inflect,VV,EC,말하/VV/*+고나서/EC/*
말하도록,0,0,-500,VV+EC,*,T,말하도록,Inflect,VV,EC,말하/VV/*+도록/EC/*
말하게,0,0,-500,VV+EC,*,F,말하게,Inflect,VV,EC,말하/VV/*+게/EC/*
말하더라도,0,0,-500,VV+EC,*,F,말하더라도,Inflect,VV,EC,말하/VV/*+더라도/EC/*
말할지라도,0,0,-500,VV+EC,*,F,말할지라도,Inflect,VV,EC,말하/VV/*+ㄹ지라도/EC/*
말하을지라도,0,0,-500,VV+EC,*,F,말하을지라도,Inflect,VV,EC,말하/VV/*+을지라도/EC/*
말할수록,0,0,-500,VV+EC,*,T,말할수록,Inflect,VV,EC,말하/VV/*+ㄹ수록/EC/*
말하을수록,0,0,-500,VV+EC,*,T,말하을수록,Inflect,VV,EC,말하/VV/*+을수록/EC/*
말하다고,0,0,-500,VV+EC,*,F,말하다고,Inflect,VV,EC,말하/VV/*+다고/EC/*
말하라고,0,0,-500,VV+EC,*,F,말하라고,Inflect,VV,EC,말하/VV/*+라고/EC/*
말하냐고,0,0,-500,VV+EC,*,F,말하냐고,Inflect,VV,EC,말하/VV/*+냐고/EC/*
말하지,0,0,-500,VV+EC,*,F,말하지,Inflect,VV,EC,말하/VV/*+지/EC/*
말하거나,0,0,-500,VV+EC,*,F,말하거나,Inflect,VV,EC,말하/VV/*+거나/EC/*
말하든지,0,0,-500,VV+EC,*,F,말하든지,Inflect,VV,EC,말하/VV/*+든지/EC/*
말하듯이,0,0,-500,VV+EC,*,F,말하듯이,Inflect,VV,EC,말하/VV/*+듯이/EC/*
말하듯,0,0,-500,VV+EC,*,T,말하듯,Inflect,VV,EC,말하/VV/*+듯/EC/*
말하다,0,0,-500,VV+EF,*,F,말하다,Inflect,VV,EF,말하/VV/*+다/EF/*
말해요,0,0,-500,VV+EF,*,F,말해요,Inflect,VV,EF,말하/VV/*+요/EF/*
말합니다,0,0,-500,VV+EF,*,F,말합니다,Inflect,VV,EF,말하/VV/*+ㅂ니다/EF/*
말하습니다,0,0,-500,VV+EF,*,F,말하습니다,Inflect,VV,EF,말하/VV/*+습니다/EF/*
말할까,0,0,-500,VV+EF,*,F,말할까,Inflect,VV,EF,말하/VV/*+ㄹ까/EF/*
말할까요,0,0,-500,VV+EF,*,F,말할까요,Inflect,VV,EF,말하/VV/*+ㄹ까요/EF/*
말할게요,0,0,-500,VV+EF,*,F,말할게요,Inflect,VV,EF,말하/VV/*+ㄹ게요/EF/*
말할게,0,0,-500,VV+EF,*,F,말할게,Inflect,VV,EF,말하/VV/*+ㄹ게/EF/*
말하자,0,0,-500,VV+EF,*,F,말하자,Inflect,VV,EF,말하/VV/*+자/EF/*
말하세요,0,0,-500,VV+EF,*,F,말하세요,Inflect,VV,EF,말하/VV/*+세요/EF/*
말했다,0,0,-500,VV+EP+EF,*,F,말했다,Inflect,VV,EF,말하/VV/*+았/EP/*+다/EF/*
말했어요,0,0,-500,VV+EP+EF,*,F,말했어요,Inflect,VV,EF,말하/VV/*+았/EP/*+요/EF/*
말했ㅂ니다,0,0,-500,VV+EP+EF,*,F,말했ㅂ니다,Inflect,VV,EF,말하/VV/*+았/EP/*+ㅂ니다/EF/*
말했으습니다,0,0,-500,VV+EP+EF,*,F,말했으습니다,Inflect,VV,EF,말하/VV/*+았/EP/*+습니다/EF/*
말했ㄹ까,0,0,-500,VV+EP+EF,*,F,말했ㄹ까,Inflect,VV,EF,말하/VV/*+았/EP/*+ㄹ까/EF/*
말했ㄹ까요,0,0,-500,VV+EP+EF,*,F,말했ㄹ까요,Inflect,VV,EF,말하/VV/*+았/EP/*+ㄹ까요/EF/*
말했ㄹ게요,0,0,-500,VV+EP+EF,*,F,말했ㄹ게요,Inflect,VV,EF,말하/VV/*+았/EP/*+ㄹ게요/EF/*
말했ㄹ게,0,0,-500,VV+EP+EF,*,F,말했ㄹ게,Inflect,VV,EF,말하/VV/*+았/EP/*+ㄹ게/EF/*
말했자,0,0,-500,VV+EP+EF,*,F,말했자,Inflect,VV,EF,말하/VV/*+았/EP/*+자/EF/*
말했으세요,0,0,-500,VV+EP+EF,*,F,말했으세요,Inflect,VV,EF,말하/VV/*+았/EP/*+세요/EF/*
말했다,0,0,-500,VV+EP+EF,*,F,말했다,Inflect,VV,EF,말하/VV/*+었/EP/*+다/EF/*
말했어요,0,0,-500,VV+EP+EF,*,F,말했어요,Inflect,VV,EF,말하/VV/*+었/EP/*+요/EF/*
말했ㅂ니다,0,0,-500,VV+EP+EF,*,F,말했ㅂ니다,Inflect,VV,EF,말하/VV/*+었/EP/*+ㅂ니다/EF/*
말했으습니다,0,0,-500,VV+EP+EF,*,F,말했으습니다,Inflect,VV,EF,말하/VV/*+었/EP/*+습니다/EF/*
말했ㄹ까,0,0,-500,VV+EP+EF,*,F,말했ㄹ까,Inflect,VV,EF,말하/VV/*+었/EP/*+ㄹ까/EF/*
말했ㄹ까요,0,0,-500,VV+EP+EF,*,F,말했ㄹ까요,Inflect,VV,EF,말하/VV/*+었/EP/*+ㄹ까요/EF/*
말했ㄹ게요,0,0,-500,VV+EP+EF,*,F,말했ㄹ게요,Inflect,VV,EF,말하/VV/*+었/EP/*+ㄹ게요/EF/*
말했ㄹ게,0,0,-500,VV+EP+EF,*,F,말했ㄹ게,Inflect,VV,EF,말하/VV/*+었/EP/*+ㄹ게/EF/*
말했자,0,0,-500,VV+EP+EF,*,F,말했자,Inflect,VV,EF,말하/VV/*+었/EP/*+자/EF/*
말했으세요,0,0,-500,VV+EP+EF,*,F,말했으세요,Inflect,VV,EF,말하/VV/*+었/EP/*+세요/EF/*
말하시다,0,0,-500,VV+EP+EF,*,F,말하시다,Inflect,VV,EF,말하/VV/*+시/EP/*+다/EF/*
말하셔요,0,0,-500,VV+EP+EF,*,F,말하셔요,Inflect,VV,EF,말하/VV/*+시/EP/*+요/EF/*
말하십니다,0,0,-500,VV+EP+EF,*,F,말하십니다,Inflect,VV,EF,말하/VV/*+시/EP/*+ㅂ니다/EF/*
말하시습니다,0,0,-500,VV+EP+EF,*,F,말하시습니다,Inflect,VV,EF,말하/VV/*+시/EP/*+습니다/EF/*
말하실까,0,0,-500,VV+EP+EF,*,F,말하실까,Inflect,VV,EF,말하/VV/*+시/EP/*+ㄹ까/EF/*
말하실까요,0,0,-500,VV+EP+EF,*,F,말하실까요,Inflect,VV,EF,말하/VV/*+시/EP/*+ㄹ까요/EF/*
말하실게요,0,0,-500,VV+EP+EF,*,F,말하실게요,Inflect,VV,EF,말하/VV/*+시/EP/*+ㄹ게요/EF/*
말하실게,0,0,-500,VV+EP+EF,*,F,말하실게,Inflect,VV,EF,말하/VV/*+시/EP/*+ㄹ게/EF/*
말하시자,0,0,-500,VV+EP+EF,*,F,말하시자,Inflect,VV,EF,말하/VV/*+시/EP/*+자/EF/*
말하시세요,0,0,-500,VV+EP+EF,*,F,말하시세요,Inflect,VV,EF,말하/VV/*+시/EP/*+세요/EF/*
말하겠다,0,0,-500,VV+EP+EF,*,F,말하겠다,Inflect,VV,EF,말하/VV/*+겠/EP/*+다/EF/*
말하겠어요,0,0,-500,VV+EP+EF,*,F,말하겠어요,Inflect,VV,EF,말하/VV/*+겠/EP/*+요/EF/*
말하겠ㅂ니다,0,0,-500,VV+EP+EF,*,F,말하겠ㅂ니다,Inflect,VV,EF,말하/VV/*+겠/EP/*+ㅂ니다/EF/*
말하겠으습니다,0,0,-500,VV+EP+EF,*,F,말하겠으습니다,Inflect,VV,EF,말하/VV/*+겠/EP/*+습니다/EF/*
말하겠ㄹ까,0,0,-500,VV+EP+EF,*,F,말하겠ㄹ까,Inflect,VV,EF,말하/VV/*+겠/EP/*+ㄹ까/EF/*
말하겠ㄹ까요,0,0,-500,VV+EP+EF,*,F,말하겠ㄹ까요,Inflect,VV,EF,말하/VV/*+겠/EP/*+ㄹ까요/EF/*
말하겠ㄹ게요,0,0,-500,VV+EP+EF,*,F,말하겠ㄹ게요,Inflect,VV,EF,말하/VV/*+겠/EP/*+ㄹ게요/EF/*
말하겠ㄹ게,0,0,-500,VV+EP+EF,*,F,말하겠ㄹ게,Inflect,VV,EF,말하/VV/*+겠/EP/*+ㄹ게/EF/*
말하겠자,0,0,-500,VV+EP+EF,*,F,말하겠자,Inflect,VV,EF,말하/VV/*+겠/EP/*+자/EF/*
말하겠으세요,0,0,-500,VV+EP+EF,*,F,말하겠으세요,Inflect,VV,EF,말하/VV/*+겠/EP/*+세요/EF/*
생각하는,0,0,-500,VV+ETM,*,T,생각하는,Inflect,VV,ETM,생각하/VV/*+는/ETM/*
생각한,0,0,-500,VV+ETM,*,T,생각한,Inflect,VV,ETM,생각하/VV/*+ㄴ/ETM/*
생각하은,0,0,-500,VV+ETM,*,T,생각하은,Inflect,VV,ETM,생각하/VV/*+은/ETM/*
생각할,0,0,-500,VV+ETM,*,T,생각할,Inflect,VV,ETM,생각하/VV/*+ㄹ/ETM/*
생각하을,0,0,-500,VV+ETM,*,T,생각하을,Inflect,VV,ETM,생각하/VV/*+을/ETM/*
생각하고,0,0,-500,VV+EC,*,F,생각하고,Inflect,VV,EC,생각하/VV/*+고/EC/*
생각해서,0,0,-500,VV+EC,*,F,생각해서,Inflect,VV,EC,생각하/VV/*+서/EC/*
생각하니까,0,0,-500,VV+EC,*,F,생각하니까,Inflect,VV,EC,생각하/VV/*+니까/EC/*
생각하니,0,0,-500,VV+EC,*,F,생각하니,Inflect,VV,EC,생각하/VV/*+니/EC/*
생각하면,0,0,-500,VV+EC,*,T,생각하면,Inflect,VV,EC,생각하/VV/*+면/EC/*
생각하지만,0,0,-500,VV+EC,*,T,생각하지만,Inflect,VV,EC,생각하/VV/*+지만/EC/*
생각하는데,0,0,-500,VV+EC,*,F,생각하는데,Inflect,VV,EC,생각하/VV/*+는데/EC/*
생각한데,0,0,-500,VV+EC,*,F,생각한데,Inflect,VV,EC,생각하/VV/*+ㄴ데/EC/*
생각하은데,0,0,-500,VV+EC,*,F,생각하은데,Inflect,VV,EC,생각하/VV/*+은데/EC/*
생각하면서,0,0,-500,VV+EC,*,F,생각하면서,Inflect,VV,EC,생각하/VV/*+면서/EC/*
생각하며,0,0,-500,VV+EC,*,F,생각하며,Inflect,VV,EC,생각하/VV/*+며/EC/*
생각하러,0,0,-500,VV+EC,*,F,생각하러,Inflect,VV,EC,생각하/VV/*+러/EC/*
생각하려고,0,0,-500,VV+EC,*,F,생각하려고,Inflect,VV,EC,생각하/VV/*+려고/EC/*
생각하려,0,0,-500,VV+EC,*,F,생각하려,Inflect,VV,EC,생각하/VV/*+려/EC/*
생각해도,0,0,-500,VV+EC,*,F,생각해도,Inflect,VV,EC,생각하/VV/*+도/EC/*
생각하다가,0,0,-500,VV+EC,*,F,생각하다가,Inflect,VV,EC,생각하/VV/*+다가/EC/*
생각하자,0,0,-500,VV+EC,*,F,생각하자,Inflect,VV,EC,생각하/VV/*+자/EC/*
생각하자마자,0,0,-500,VV+EC,*,F,생각하자마자,Inflect,VV,EC,생각하/VV/*+자마자/EC/*
생각하고서,0,0,-500,VV+EC,*,F,생각하고서,Inflect,VV,EC,생각하/VV/*+고서/EC/*
생각하고나서,0,0,-500,VV+EC,*,F,생각하고나서,Inflect,VV,EC,생각하/VV/*+고나서/EC/*
생각하도록,0,0,-500,VV+EC,*,T,생각하도록,Inflect,VV,EC,생각하/VV/*+도록/EC/*
생각하게,0,0,-500,VV+EC,*,F,생각하게,Inflect,VV,EC,생각하/VV/*+게/EC/*
생각하더라도,0,0,-500,VV+EC,*,F,생각하더라도,Inflect,VV,EC,생각하/VV/*+더라도/EC/*
생각할지라도,0,0,-500,VV+EC,*,F,생각할지라도,Inflect,VV,EC,생각하/VV/*+ㄹ지라도/EC/*
생각하을지라도,0,0,-500,VV+EC,*,F,생각하을지라도,Inflect,VV,EC,생각하/VV/*+을지라도/EC/*
생각할수록,0,0,-500,VV+EC,*,T,생각할수록,Inflect,VV,EC,생각하/VV/*+ㄹ수록/EC/*
생각하을수록,0,0,-500,VV+EC,*,T,생각하을수록,Inflect,VV,EC,생각하/VV/*+을수록/EC/*
생각하다고,0,0,-500,VV+EC,*,F,생각하다고,Inflect,VV,EC,생각하/VV/*+다고/EC/*
생각하라고,0,0,-500,VV+EC,*,F,생각하라고,Inflect,VV,EC,생각하/VV/*+라고/EC/*
생각하냐고,0,0,-500,VV+EC,*,F,생각하냐고,Inflect,VV,EC,생각하/VV/*+냐고/EC/*
생각하지,0,0,-500,VV+EC,*,F,생각하지,Inflect,VV,EC,생각하/VV/*+지/EC/*
생각하거나,0,0,-500,VV+EC,*,F,생각하거나,Inflect,VV,EC,생각하/VV/*+거나/EC/*
생각하든지,0,0,-500,VV+EC,*,F,생각하든지,Inflect,VV,EC,생각하/VV/*+든지/EC/*
생각하듯이,0,0,-500,VV+EC,*,F,생각하듯이,Inflect,VV,EC,생각하/VV/*+듯이/EC/*
생각하듯,0,0,-500,VV+EC,*,T,생각하듯,Inflect,VV,EC,생각하/VV/*+듯/EC/*
생각하다,0,0,-500,VV+EF,*,F,생각하다,Inflect,VV,EF,생각하/VV/*+다/EF/*
생각해요,0,0,-500,VV+EF,*,F,생각해요,Inflect,VV,EF,생각하/VV/*+요/EF/*
생각합니다,0,0,-500,VV+EF,*,F,생각합니다,Inflect,VV,EF,생각하/VV/*+ㅂ니다/EF/*
생각하습니다,0,0,-500,VV+EF,*,F,생각하습니다,Inflect,VV,EF,생각하/VV/*+습니다/EF/*
생각할까,0,0,-500,VV+EF,*,F,생각할까,Inflect,VV,EF,생각하/VV/*+ㄹ까/EF/*
생각할까요,0,0,-500,VV+EF,*,F,생각할까요,Inflect,VV,EF,생각하/VV/*+ㄹ까요/EF/*
생각할게요,0,0,-500,VV+EF,*,F,생각할게요,Inflect,VV,EF,생각하/VV/*+ㄹ게요/EF/*
생각할게,0,0,-500,VV+EF,*,F,생각할게,Inflect,VV,EF,생각하/VV/*+ㄹ게/EF/*
생각하자,0,0,-500,VV+EF,*,F,생각하자,Inflect,VV,EF,생각하/VV/*+자/EF/*
생각하세요,0,0,-500,VV+EF,*,F,생각하세요,Inflect,VV,EF,생각하/VV/*+세요/EF/*
생각했다,0,0,-500,VV+EP+EF,*,F,생각했다,Inflect,VV,EF,생각하/VV/*+았/EP/*+다/EF/*
생각했어요,0,0,-500,VV+EP+EF,*,F,생각했어요,Inflect,VV,EF,생각하/VV/*+았/EP/*+요/EF/*
생각했ㅂ니다,0,0,-500,VV+EP+EF,*,F,생각했ㅂ니다,Inflect,VV,EF,생각하/VV/*+았/EP/*+ㅂ니다/EF/*
생각했으습니다,0,0,-500,VV+EP+EF,*,F,생각했으습니다,Inflect,VV,EF,생각하/VV/*+았/EP/*+습니다/EF/*
생각했ㄹ까,0,0,-500,VV+EP+EF,*,F,생각했ㄹ까,Inflect,VV,EF,생각하/VV/*+았/EP/*+ㄹ까/EF/*
생각했ㄹ까요,0,0,-500,VV+EP+EF,*,F,생각했ㄹ까요,Inflect,VV,EF,생각하/VV/*+았/EP/*+ㄹ까요/EF/*
생각했ㄹ게요,0,0,-500,VV+EP+EF,*,F,생각했ㄹ게요,Inflect,VV,EF,생각하/VV/*+았/EP/*+ㄹ게요/EF/*
생각했ㄹ게,0,0,-500,VV+EP+EF,*,F,생각했ㄹ게,Inflect,VV,EF,생각하/VV/*+았/EP/*+ㄹ게/EF/*
생각했자,0,0,-500,VV+EP+EF,*,F,생각했자,Inflect,VV,EF,생각하/VV/*+았/EP/*+자/EF/*
생각했으세요,0,0,-500,VV+EP+EF,*,F,생각했으세요,Inflect,VV,EF,생각하/VV/*+았/EP/*+세요/EF/*
생각했다,0,0,-500,VV+EP+EF,*,F,생각했다,Inflect,VV,EF,생각하/VV/*+었/EP/*+다/EF/*
생각했어요,0,0,-500,VV+EP+EF,*,F,생각했어요,Inflect,VV,EF,생각하/VV/*+었/EP/*+요/EF/*
생각했ㅂ니다,0,0,-500,VV+EP+EF,*,F,생각했ㅂ니다,Inflect,VV,EF,생각하/VV/*+었/EP/*+ㅂ니다/EF/*
생각했으습니다,0,0,-500,VV+EP+EF,*,F,생각했으습니다,Inflect,VV,EF,생각하/VV/*+었/EP/*+습니다/EF/*
생각했ㄹ까,0,0,-500,VV+EP+EF,*,F,생각했ㄹ까,Inflect,VV,EF,생각하/VV/*+었/EP/*+ㄹ까/EF/*
생각했ㄹ까요,0,0,-500,VV+EP+EF,*,F,생각했ㄹ까요,Inflect,VV,EF,생각하/VV/*+었/EP/*+ㄹ까요/EF/*
생각했ㄹ게요,0,0,-500,VV+EP+EF,*,F,생각했ㄹ게요,Inflect,VV,EF,생각하/VV/*+었/EP/*+ㄹ게요/EF/*
생각했ㄹ게,0,0,-500,VV+EP+EF,*,F,생각했ㄹ게,Inflect,VV,EF,생각하/VV/*+었/EP/*+ㄹ게/EF/*
생각했자,0,0,-500,VV+EP+EF,*,F,생각했자,Inflect,VV,EF,생각하/VV/*+었/EP/*+자/EF/*
생각했으세요,0,0,-500,VV+EP+EF,*,F,생각했으세요,Inflect,VV,EF,생각하/VV/*+었/EP/*+세요/EF/*
생각하시다,0,0,-500,VV+EP+EF,*,F,생각하시다,Inflect,VV,EF,생각하/VV/*+시/EP/*+다/EF/*
생각하셔요,0,0,-500,VV+EP+EF,*,F,생각하셔요,Inflect,VV,EF,생각하/VV/*+시/EP/*+요/EF/*
생각하십니다,0,0,-500,VV+EP+EF,*,F,생각하십니다,Inflect,VV,EF,생각하/VV/*+시/EP/*+ㅂ니다/EF/*
생각하시습니다,0,0,-500,VV+EP+EF,*,F,생각하시습니다,Inflect,VV,EF,생각하/VV/*+시/EP/*+습니다/EF/*
생각하실까,0,0,-500,VV+EP+EF,*,F,생각하실까,Inflect,VV,EF,생각하/VV/*+시/EP/*+ㄹ까/EF/*
생각하실까요,0,0,-500,VV+EP+EF,*,F,생각하실까요,Inflect,VV,EF,생각하/VV/*+시/EP/*+ㄹ까요/EF/*
생각하실게요,0,0,-500,VV+EP+EF,*,F,생각하실게요,Inflect,VV,EF,생각하/VV/*+시/EP/*+ㄹ게요/EF/*
생각하실게,0,0,-500,VV+EP+EF,*,F,생각하실게,Inflect,VV,EF,생각하/VV/*+시/EP/*+ㄹ게/EF/*
생각하시자,0,0,-500,VV+EP+EF,*,F,생각하시자,Inflect,VV,EF,생각하/VV/*+시/EP/*+자/EF/*
생각하시세요,0,0,-500,VV+EP+EF,*,F,생각하시세요,Inflect,VV,EF,생각하/VV/*+시/EP/*+세요/EF/*
생각하겠다,0,0,-500,VV+EP+EF,*,F,생각하겠다,Inflect,VV,EF,생각하/VV/*+겠/EP/*+다/EF/*
생각하겠어요,0,0,-500,VV+EP+EF,*,F,생각하겠어요,Inflect,VV,EF,생각하/VV/*+겠/EP/*+요/EF/*
생각하겠ㅂ니다,0,0,-500,VV+EP+EF,*,F,생각하겠ㅂ니다,Inflect,VV,EF,생각하/VV/*+겠/EP/*+ㅂ니다/EF/*
생각하겠으습니다,0,0,-500,VV+EP+EF,*,F,생각하겠으습니다,Inflect,VV,EF,생각하/VV/*+겠/EP/*+습니다/EF/*
생각하겠ㄹ까,0,0,-500,VV+EP+EF,*,F,생각하겠ㄹ까,Inflect,VV,EF,생각하/VV/*+겠/EP/*+ㄹ까/EF/*
생각하겠ㄹ까요,0,0,-500,VV+EP+EF,*,F,생각하겠ㄹ까요,Inflect,VV,EF,생각하/VV/*+겠/EP/*+ㄹ까요/EF/*
생각하겠ㄹ게요,0,0,-500,VV+EP+EF,*,F,생각하겠ㄹ게요,Inflect,VV,EF,생각하/VV/*+겠/EP/*+ㄹ게요/EF/*
생각하겠ㄹ게,0,0,-500,VV+EP+EF,*,F,생각하겠ㄹ게,Inflect,VV,EF,생각하/VV/*+겠/EP/*+ㄹ게/EF/*
생각하겠자,0,0,-500,VV+EP+EF,*,F,생각하겠자,Inflect,VV,EF,생각하/VV/*+겠/EP/*+자/EF/*
생각하겠으세요,0,0,-500,VV+EP+EF,*,F,생각하겠으세요,Inflect,VV,EF,생각하/VV/*+겠/EP/*+세요/EF/*
기억하는,0,0,-500,VV+ETM,*,T,기억하는,Inflect,VV,ETM,기억하/VV/*+는/ETM/*
기억한,0,0,-500,VV+ETM,*,T,기억한,Inflect,VV,ETM,기억하/VV/*+ㄴ/ETM/*
기억하은,0,0,-500,VV+ETM,*,T,기억하은,Inflect,VV,ETM,기억하/VV/*+은/ETM/*
기억할,0,0,-500,VV+ETM,*,T,기억할,Inflect,VV,ETM,기억하/VV/*+ㄹ/ETM/*
기억하을,0,0,-500,VV+ETM,*,T,기억하을,Inflect,VV,ETM,기억하/VV/*+을/ETM/*
기억하고,0,0,-500,VV+EC,*,F,기억하고,Inflect,VV,EC,기억하/VV/*+고/EC/*
기억해서,0,0,-500,VV+EC,*,F,기억해서,Inflect,VV,EC,기억하/VV/*+서/EC/*
기억하니까,0,0,-500,VV+EC,*,F,기억하니까,Inflect,VV,EC,기억하/VV/*+니까/EC/*
기억하니,0,0,-500,VV+EC,*,F,기억하니,Inflect,VV,EC,기억하/VV/*+니/EC/*
기억하면,0,0,-500,VV+EC,*,T,기억하면,Inflect,VV,EC,기억하/VV/*+면/EC/*
기억하지만,0,0,-500,VV+EC,*,T,기억하지만,Inflect,VV,EC,기억하/VV/*+지만/EC/*
기억하는데,0,0,-500,VV+EC,*,F,기억하는데,Inflect,VV,EC,기억하/VV/*+는데/EC/*
기억한데,0,0,-500,VV+EC,*,F,기억한데,Inflect,VV,EC,기억하/VV/*+ㄴ데/EC/*
기억하은데,0,0,-500,VV+EC,*,F,기억하은데,Inflect,VV,EC,기억하/VV/*+은데/EC/*
기억하면서,0,0,-500,VV+EC,*,F,기억하면서,Inflect,VV,EC,기억하/VV/*+면서/EC/*
기억하며,0,0,-500,VV+EC,*,F,기억하며,Inflect,VV,EC,기억하/VV/*+며/EC/*
기억하러,0,0,-500,VV+EC,*,F,기억하러,Inflect,VV,EC,기억하/VV/*+러/EC/*
기억하려고,0,0,-500,VV+EC,*,F,기억하려고,Inflect,VV,EC,기억하/VV/*+려고/EC/*
기억하려,0,0,-500,VV+EC,*,F,기억하려,Inflect,VV,EC,기억하/VV/*+려/EC/*
기억해도,0,0,-500,VV+EC,*,F,기억해도,Inflect,VV,EC,기억하/VV/*+도/EC/*
기억하다가,0,0,-500,VV+EC,*,F,기억하다가,Inflect,VV,EC,기억하/VV/*+다가/EC/*
기억하자,0,0,-500,VV+EC,*,F,기억하자,Inflect,VV,EC,기억하/VV/*+자/EC/*
기억하자마자,0,0,-500,VV+EC,*,F,기억하자마자,Inflect,VV,EC,기억하/VV/*+자마자/EC/*
기억하고서,0,0,-500,VV+EC,*,F,기억하고서,Inflect,VV,EC,기억하/VV/*+고서/EC/*
기억하고나서,0,0,-500,VV+EC,*,F,기억하고나서,Inflect,VV,EC,기억하/VV/*+고나서/EC/*
기억하도록,0,0,-500,VV+EC,*,T,기억하도록,Inflect,VV,EC,기억하/VV/*+도록/EC/*
기억하게,0,0,-500,VV+EC,*,F,기억하게,Inflect,VV,EC,기억하/VV/*+게/EC/*
기억하더라도,0,0,-500,VV+EC,*,F,기억하더라도,Inflect,VV,EC,기억하/VV/*+더라도/EC/*
기억할지라도,0,0,-500,VV+EC,*,F,기억할지라도,Inflect,VV,EC,기억하/VV/*+ㄹ지라도/EC/*
기억하을지라도,0,0,-500,VV+EC,*,F,기억하을지라도,Inflect,VV,EC,기억하/VV/*+을지라도/EC/*
기억할수록,0,0,-500,VV+EC,*,T,기억할수록,Inflect,VV,EC,기억하/VV/*+ㄹ수록/EC/*
기억하을수록,0,0,-500,VV+EC,*,T,기억하을수록,Inflect,VV,EC,기억하/VV/*+을수록/EC/*
기억하다고,0,0,-500,VV+EC,*,F,기억하다고,Inflect,VV,EC,기억하/VV/*+다고/EC/*
기억하라고,0,0,-500,VV+EC,*,F,기억하라고,Inflect,VV,EC,기억하/VV/*+라고/EC/*
기억하냐고,0,0,-500,VV+EC,*,F,기억하냐고,Inflect,VV,EC,기억하/VV/*+냐고/EC/*
기억하지,0,0,-500,VV+EC,*,F,기억하지,Inflect,VV,EC,기억하/VV/*+지/EC/*
기억하거나,0,0,-500,VV+EC,*,F,기억하거나,Inflect,VV,EC,기억하/VV/*+거나/EC/*
기억하든지,0,0,-500,VV+EC,*,F,기억하든지,Inflect,VV,EC,기억하/VV/*+든지/EC/*
기억하듯이,0,0,-500,VV+EC,*,F,기억하듯이,Inflect,VV,EC,기억하/VV/*+듯이/EC/*
기억하듯,0,0,-500,VV+EC,*,T,기억하듯,Inflect,VV,EC,기억하/VV/*+듯/EC/*
기억하다,0,0,-500,VV+EF,*,F,기억하다,Inflect,VV,EF,기억하/VV/*+다/EF/*
기억해요,0,0,-500,VV+EF,*,F,기억해요,Inflect,VV,EF,기억하/VV/*+요/EF/*
기억합니다,0,0,-500,VV+EF,*,F,기억합니다,Inflect,VV,EF,기억하/VV/*+ㅂ니다/EF/*
기억하습니다,0,0,-500,VV+EF,*,F,기억하습니다,Inflect,VV,EF,기억하/VV/*+습니다/EF/*
기억할까,0,0,-500,VV+EF,*,F,기억할까,Inflect,VV,EF,기억하/VV/*+ㄹ까/EF/*
기억할까요,0,0,-500,VV+EF,*,F,기억할까요,Inflect,VV,EF,기억하/VV/*+ㄹ까요/EF/*
기억할게요,0,0,-500,VV+EF,*,F,기억할게요,Inflect,VV,EF,기억하/VV/*+ㄹ게요/EF/*
기억할게,0,0,-500,VV+EF,*,F,기억할게,Inflect,VV,EF,기억하/VV/*+ㄹ게/EF/*
기억하자,0,0,-500,VV+EF,*,F,기억하자,Inflect,VV,EF,기억하/VV/*+자/EF/*
기억하세요,0,0,-500,VV+EF,*,F,기억하세요,Inflect,VV,EF,기억하/VV/*+세요/EF/*
격했다,0,0,-500,VV+EP+EF,*,F,격했다,Inflect,VV,EF,기억하/VV/*+았/EP/*+다/EF/*
격했어요,0,0,-500,VV+EP+EF,*,F,격했어요,Inflect,VV,EF,기억하/VV/*+았/EP/*+요/EF/*
격했ㅂ니다,0,0,-500,VV+EP+EF,*,F,격했ㅂ니다,Inflect,VV,EF,기억하/VV/*+았/EP/*+ㅂ니다/EF/*
격했으습니다,0,0,-500,VV+EP+EF,*,F,격했으습니다,Inflect,VV,EF,기억하/VV/*+았/EP/*+습니다/EF/*
격했ㄹ까,0,0,-500,VV+EP+EF,*,F,격했ㄹ까,Inflect,VV,EF,기억하/VV/*+았/EP/*+ㄹ까/EF/*
격했ㄹ까요,0,0,-500,VV+EP+EF,*,F,격했ㄹ까요,Inflect,VV,EF,기억하/VV/*+았/EP/*+ㄹ까요/EF/*
격했ㄹ게요,0,0,-500,VV+EP+EF,*,F,격했ㄹ게요,Inflect,VV,EF,기억하/VV/*+았/EP/*+ㄹ게요/EF/*
격했ㄹ게,0,0,-500,VV+EP+EF,*,F,격했ㄹ게,Inflect,VV,EF,기억하/VV/*+았/EP/*+ㄹ게/EF/*
격했자,0,0,-500,VV+EP+EF,*,F,격했자,Inflect,VV,EF,기억하/VV/*+았/EP/*+자/EF/*
격했으세요,0,0,-500,VV+EP+EF,*,F,격했으세요,Inflect,VV,EF,기억하/VV/*+았/EP/*+세요/EF/*
격했다,0,0,-500,VV+EP+EF,*,F,격했다,Inflect,VV,EF,기억하/VV/*+었/EP/*+다/EF/*
격했어요,0,0,-500,VV+EP+EF,*,F,격했어요,Inflect,VV,EF,기억하/VV/*+었/EP/*+요/EF/*
격했ㅂ니다,0,0,-500,VV+EP+EF,*,F,격했ㅂ니다,Inflect,VV,EF,기억하/VV/*+었/EP/*+ㅂ니다/EF/*
격했으습니다,0,0,-500,VV+EP+EF,*,F,격했으습니다,Inflect,VV,EF,기억하/VV/*+었/EP/*+습니다/EF/*
격했ㄹ까,0,0,-500,VV+EP+EF,*,F,격했ㄹ까,Inflect,VV,EF,기억하/VV/*+었/EP/*+ㄹ까/EF/*
격했ㄹ까요,0,0,-500,VV+EP+EF,*,F,격했ㄹ까요,Inflect,VV,EF,기억하/VV/*+었/EP/*+ㄹ까요/EF/*
격했ㄹ게요,0,0,-500,VV+EP+EF,*,F,격했ㄹ게요,Inflect,VV,EF,기억하/VV/*+었/EP/*+ㄹ게요/EF/*
격했ㄹ게,0,0,-500,VV+EP+EF,*,F,격했ㄹ게,Inflect,VV,EF,기억하/VV/*+었/EP/*+ㄹ게/EF/*
격했자,0,0,-500,VV+EP+EF,*,F,격했자,Inflect,VV,EF,기억하/VV/*+었/EP/*+자/EF/*
격했으세요,0,0,-500,VV+EP+EF,*,F,격했으세요,Inflect,VV,EF,기억하/VV/*+었/EP/*+세요/EF/*
격하시다,0,0,-500,VV+EP+EF,*,F,격하시다,Inflect,VV,EF,기억하/VV/*+시/EP/*+다/EF/*
격하셔요,0,0,-500,VV+EP+EF,*,F,격하셔요,Inflect,VV,EF,기억하/VV/*+시/EP/*+요/EF/*
격하십니다,0,0,-500,VV+EP+EF,*,F,격하십니다,Inflect,VV,EF,기억하/VV/*+시/EP/*+ㅂ니다/EF/*
격하시습니다,0,0,-500,VV+EP+EF,*,F,격하시습니다,Inflect,VV,EF,기억하/VV/*+시/EP/*+습니다/EF/*
격하실까,0,0,-500,VV+EP+EF,*,F,격하실까,Inflect,VV,EF,기억하/VV/*+시/EP/*+ㄹ까/EF/*
격하실까요,0,0,-500,VV+EP+EF,*,F,격하실까요,Inflect,VV,EF,기억하/VV/*+시/EP/*+ㄹ까요/EF/*
격하실게요,0,0,-500,VV+EP+EF,*,F,격하실게요,Inflect,VV,EF,기억하/VV/*+시/EP/*+ㄹ게요/EF/*
격하실게,0,0,-500,VV+EP+EF,*,F,격하실게,Inflect,VV,EF,기억하/VV/*+시/EP/*+ㄹ게/EF/*
격하시자,0,0,-500,VV+EP+EF,*,F,격하시자,Inflect,VV,EF,기억하/VV/*+시/EP/*+자/EF/*
격하시세요,0,0,-500,VV+EP+EF,*,F,격하시세요,Inflect,VV,EF,기억하/VV/*+시/EP/*+세요/EF/*
격하겠다,0,0,-500,VV+EP+EF,*,F,격하겠다,Inflect,VV,EF,기억하/VV/*+겠/EP/*+다/EF/*
격하겠어요,0,0,-500,VV+EP+EF,*,F,격하겠어요,Inflect,VV,EF,기억하/VV/*+겠/EP/*+요/EF/*
격하겠ㅂ니다,0,0,-500,VV+EP+EF,*,F,격하겠ㅂ니다,Inflect,VV,EF,기억하/VV/*+겠/EP/*+ㅂ니다/EF/*
격하겠으습니다,0,0,-500,VV+EP+EF,*,F,격하겠으습니다,Inflect,VV,EF,기억하/VV/*+겠/EP/*+습니다/EF/*
격하겠ㄹ까,0,0,-500,VV+EP+EF,*,F,격하겠ㄹ까,Inflect,VV,EF,기억하/VV/*+겠/EP/*+ㄹ까/EF/*
격하겠ㄹ까요,0,0,-500,VV+EP+EF,*,F,격하겠ㄹ까요,Inflect,VV,EF,기억하/VV/*+겠/EP/*+ㄹ까요/EF/*
격하겠ㄹ게요,0,0,-500,VV+EP+EF,*,F,격하겠ㄹ게요,Inflect,VV,EF,기억하/VV/*+겠/EP/*+ㄹ게요/EF/*
격하겠ㄹ게,0,0,-500,VV+EP+EF,*,F,격하겠ㄹ게,Inflect,VV,EF,기억하/VV/*+겠/EP/*+ㄹ게/EF/*
격하겠자,0,0,-500,VV+EP+EF,*,F,격하겠자,Inflect,VV,EF,기억하/VV/*+겠/EP/*+자/EF/*
격하겠으세요,0,0,-500,VV+EP+EF,*,F,격하겠으세요,Inflect,VV,EF,기억하/VV/*+겠/EP/*+세요/EF/*
시작하는,0,0,-500,VV+ETM,*,T,시작하는,Inflect,VV,ETM,시작하/VV/*+는/ETM/*
시작한,0,0,-500,VV+ETM,*,T,시작한,Inflect,VV,ETM,시작하/VV/*+ㄴ/ETM/*
시작하은,0,0,-500,VV+ETM,*,T,시작하은,Inflect,VV,ETM,시작하/VV/*+은/ETM/*
시작할,0,0,-500,VV+ETM,*,T,시작할,Inflect,VV,ETM,시작하/VV/*+ㄹ/ETM/*
시작하을,0,0,-500,VV+ETM,*,T,시작하을,Inflect,VV,ETM,시작하/VV/*+을/ETM/*
시작하고,0,0,-500,VV+EC,*,F,시작하고,Inflect,VV,EC,시작하/VV/*+고/EC/*
시작해서,0,0,-500,VV+EC,*,F,시작해서,Inflect,VV,EC,시작하/VV/*+서/EC/*
시작하니까,0,0,-500,VV+EC,*,F,시작하니까,Inflect,VV,EC,시작하/VV/*+니까/EC/*
시작하니,0,0,-500,VV+EC,*,F,시작하니,Inflect,VV,EC,시작하/VV/*+니/EC/*
시작하면,0,0,-500,VV+EC,*,T,시작하면,Inflect,VV,EC,시작하/VV/*+면/EC/*
시작하지만,0,0,-500,VV+EC,*,T,시작하지만,Inflect,VV,EC,시작하/VV/*+지만/EC/*
시작하는데,0,0,-500,VV+EC,*,F,시작하는데,Inflect,VV,EC,시작하/VV/*+는데/EC/*
시작한데,0,0,-500,VV+EC,*,F,시작한데,Inflect,VV,EC,시작하/VV/*+ㄴ데/EC/*
시작하은데,0,0,-500,VV+EC,*,F,시작하은데,Inflect,VV,EC,시작하/VV/*+은데/EC/*
시작하면서,0,0,-500,VV+EC,*,F,시작하면서,Inflect,VV,EC,시작하/VV/*+면서/EC/*
시작하며,0,0,-500,VV+EC,*,F,시작하며,Inflect,VV,EC,시작하/VV/*+며/EC/*
시작하러,0,0,-500,VV+EC,*,F,시작하러,Inflect,VV,EC,시작하/VV/*+러/EC/*
시작하려고,0,0,-500,VV+EC,*,F,시작하려고,Inflect,VV,EC,시작하/VV/*+려고/EC/*
시작하려,0,0,-500,VV+EC,*,F,시작하려,Inflect,VV,EC,시작하/VV/*+려/EC/*
시작해도,0,0,-500,VV+EC,*,F,시작해도,Inflect,VV,EC,시작하/VV/*+도/EC/*
시작하다가,0,0,-500,VV+EC,*,F,시작하다가,Inflect,VV,EC,시작하/VV/*+다가/EC/*
시작하자,0,0,-500,VV+EC,*,F,시작하자,Inflect,VV,EC,시작하/VV/*+자/EC/*
시작하자마자,0,0,-500,VV+EC,*,F,시작하자마자,Inflect,VV,EC,시작하/VV/*+자마자/EC/*
시작하고서,0,0,-500,VV+EC,*,F,시작하고서,Inflect,VV,EC,시작하/VV/*+고서/EC/*
시작하고나서,0,0,-500,VV+EC,*,F,시작하고나서,Inflect,VV,EC,시작하/VV/*+고나서/EC/*
시작하도록,0,0,-500,VV+EC,*,T,시작하도록,Inflect,VV,EC,시작하/VV/*+도록/EC/*
시작하게,0,0,-500,VV+EC,*,F,시작하게,Inflect,VV,EC,시작하/VV/*+게/EC/*
시작하더라도,0,0,-500,VV+EC,*,F,시작하더라도,Inflect,VV,EC,시작하/VV/*+더라도/EC/*
시작할지라도,0,0,-500,VV+EC,*,F,시작할지라도,Inflect,VV,EC,시작하/VV/*+ㄹ지라도/EC/*
시작하을지라도,0,0,-500,VV+EC,*,F,시작하을지라도,Inflect,VV,EC,시작하/VV/*+을지라도/EC/*
시작할수록,0,0,-500,VV+EC,*,T,시작할수록,Inflect,VV,EC,시작하/VV/*+ㄹ수록/EC/*
시작하을수록,0,0,-500,VV+EC,*,T,시작하을수록,Inflect,VV,EC,시작하/VV/*+을수록/EC/*
시작하다고,0,0,-500,VV+EC,*,F,시작하다고,Inflect,VV,EC,시작하/VV/*+다고/EC/*
시작하라고,0,0,-500,VV+EC,*,F,시작하라고,Inflect,VV,EC,시작하/VV/*+라고/EC/*
시작하냐고,0,0,-500,VV+EC,*,F,시작하냐고,Inflect,VV,EC,시작하/VV/*+냐고/EC/*
시작하지,0,0,-500,VV+EC,*,F,시작하지,Inflect,VV,EC,시작하/VV/*+지/EC/*
시작하거나,0,0,-500,VV+EC,*,F,시작하거나,Inflect,VV,EC,시작하/VV/*+거나/EC/*
시작하든지,0,0,-500,VV+EC,*,F,시작하든지,Inflect,VV,EC,시작하/VV/*+든지/EC/*
시작하듯이,0,0,-500,VV+EC,*,F,시작하듯이,Inflect,VV,EC,시작하/VV/*+듯이/EC/*
시작하듯,0,0,-500,VV+EC,*,T,시작하듯,Inflect,VV,EC,시작하/VV/*+듯/EC/*
시작하다,0,0,-500,VV+EF,*,F,시작하다,Inflect,VV,EF,시작하/VV/*+다/EF/*
시작해요,0,0,-500,VV+EF,*,F,시작해요,Inflect,VV,EF,시작하/VV/*+요/EF/*
시작합니다,0,0,-500,VV+EF,*,F,시작합니다,Inflect,VV,EF,시작하/VV/*+ㅂ니다/EF/*
시작하습니다,0,0,-500,VV+EF,*,F,시작하습니다,Inflect,VV,EF,시작하/VV/*+습니다/EF/*
시작할까,0,0,-500,VV+EF,*,F,시작할까,Inflect,VV,EF,시작하/VV/*+ㄹ까/EF/*
시작할까요,0,0,-500,VV+EF,*,F,시작할까요,Inflect,VV,EF,시작하/VV/*+ㄹ까요/EF/*
시작할게요,0,0,-500,VV+EF,*,F,시작할게요,Inflect,VV,EF,시작하/VV/*+ㄹ게요/EF/*
시작할게,0,0,-500,VV+EF,*,F,시작할게,Inflect,VV,EF,시작하/VV/*+ㄹ게/EF/*
시작하자,0,0,-500,VV+EF,*,F,시작하자,Inflect,VV,EF,시작하/VV/*+자/EF/*
시작하세요,0,0,-500,VV+EF,*,F,시작하세요,Inflect,VV,EF,시작하/VV/*+세요/EF/*
시작했다,0,0,-500,VV+EP+EF,*,F,시작했다,Inflect,VV,EF,시작하/VV/*+았/EP/*+다/EF/*
시작했어요,0,0,-500,VV+EP+EF,*,F,시작했어요,Inflect,VV,EF,시작하/VV/*+았/EP/*+요/EF/*
시작했ㅂ니다,0,0,-500,VV+EP+EF,*,F,시작했ㅂ니다,Inflect,VV,EF,시작하/VV/*+았/EP/*+ㅂ니다/EF/*
시작했으습니다,0,0,-500,VV+EP+EF,*,F,시작했으습니다,Inflect,VV,EF,시작하/VV/*+았/EP/*+습니다/EF/*
시작했ㄹ까,0,0,-500,VV+EP+EF,*,F,시작했ㄹ까,Inflect,VV,EF,시작하/VV/*+았/EP/*+ㄹ까/EF/*
시작했ㄹ까요,0,0,-500,VV+EP+EF,*,F,시작했ㄹ까요,Inflect,VV,EF,시작하/VV/*+았/EP/*+ㄹ까요/EF/*
시작했ㄹ게요,0,0,-500,VV+EP+EF,*,F,시작했ㄹ게요,Inflect,VV,EF,시작하/VV/*+았/EP/*+ㄹ게요/EF/*
시작했ㄹ게,0,0,-500,VV+EP+EF,*,F,시작했ㄹ게,Inflect,VV,EF,시작하/VV/*+았/EP/*+ㄹ게/EF/*
시작했자,0,0,-500,VV+EP+EF,*,F,시작했자,Inflect,VV,EF,시작하/VV/*+았/EP/*+자/EF/*
시작했으세요,0,0,-500,VV+EP+EF,*,F,시작했으세요,Inflect,VV,EF,시작하/VV/*+았/EP/*+세요/EF/*
시작했다,0,0,-500,VV+EP+EF,*,F,시작했다,Inflect,VV,EF,시작하/VV/*+었/EP/*+다/EF/*
시작했어요,0,0,-500,VV+EP+EF,*,F,시작했어요,Inflect,VV,EF,시작하/VV/*+었/EP/*+요/EF/*
시작했ㅂ니다,0,0,-500,VV+EP+EF,*,F,시작했ㅂ니다,Inflect,VV,EF,시작하/VV/*+었/EP/*+ㅂ니다/EF/*
시작했으습니다,0,0,-500,VV+EP+EF,*,F,시작했으습니다,Inflect,VV,EF,시작하/VV/*+었/EP/*+습니다/EF/*
시작했ㄹ까,0,0,-500,VV+EP+EF,*,F,시작했ㄹ까,Inflect,VV,EF,시작하/VV/*+었/EP/*+ㄹ까/EF/*
시작했ㄹ까요,0,0,-500,VV+EP+EF,*,F,시작했ㄹ까요,Inflect,VV,EF,시작하/VV/*+었/EP/*+ㄹ까요/EF/*
시작했ㄹ게요,0,0,-500,VV+EP+EF,*,F,시작했ㄹ게요,Inflect,VV,EF,시작하/VV/*+었/EP/*+ㄹ게요/EF/*
시작했ㄹ게,0,0,-500,VV+EP+EF,*,F,시작했ㄹ게,Inflect,VV,EF,시작하/VV/*+었/EP/*+ㄹ게/EF/*
시작했자,0,0,-500,VV+EP+EF,*,F,시작했자,Inflect,VV,EF,시작하/VV/*+었/EP/*+자/EF/*
시작했으세요,0,0,-500,VV+EP+EF,*,F,시작했으세요,Inflect,VV,EF,시작하/VV/*+었/EP/*+세요/EF/*
시작하시다,0,0,-500,VV+EP+EF,*,F,시작하시다,Inflect,VV,EF,시작하/VV/*+시/EP/*+다/EF/*
시작하셔요,0,0,-500,VV+EP+EF,*,F,시작하셔요,Inflect,VV,EF,시작하/VV/*+시/EP/*+요/EF/*
시작하십니다,0,0,-500,VV+EP+EF,*,F,시작하십니다,Inflect,VV,EF,시작하/VV/*+시/EP/*+ㅂ니다/EF/*
시작하시습니다,0,0,-500,VV+EP+EF,*,F,시작하시습니다,Inflect,VV,EF,시작하/VV/*+시/EP/*+습니다/EF/*
시작하실까,0,0,-500,VV+EP+EF,*,F,시작하실까,Inflect,VV,EF,시작하/VV/*+시/EP/*+ㄹ까/EF/*
시작하실까요,0,0,-500,VV+EP+EF,*,F,시작하실까요,Inflect,VV,EF,시작하/VV/*+시/EP/*+ㄹ까요/EF/*
시작하실게요,0,0,-500,VV+EP+EF,*,F,시작하실게요,Inflect,VV,EF,시작하/VV/*+시/EP/*+ㄹ게요/EF/*
시작하실게,0,0,-500,VV+EP+EF,*,F,시작하실게,Inflect,VV,EF,시작하/VV/*+시/EP/*+ㄹ게/EF/*
시작하시자,0,0,-500,VV+EP+EF,*,F,시작하시자,Inflect,VV,EF,시작하/VV/*+시/EP/*+자/EF/*
시작하시세요,0,0,-500,VV+EP+EF,*,F,시작하시세요,Inflect,VV,EF,시작하/VV/*+시/EP/*+세요/EF/*
시작하겠다,0,0,-500,VV+EP+EF,*,F,시작하겠다,Inflect,VV,EF,시작하/VV/*+겠/EP/*+다/EF/*
시작하겠어요,0,0,-500,VV+EP+EF,*,F,시작하겠어요,Inflect,VV,EF,시작하/VV/*+겠/EP/*+요/EF/*
시작하겠ㅂ니다,0,0,-500,VV+EP+EF,*,F,시작하겠ㅂ니다,Inflect,VV,EF,시작하/VV/*+겠/EP/*+ㅂ니다/EF/*
시작하겠으습니다,0,0,-500,VV+EP+EF,*,F,시작하겠으습니다,Inflect,VV,EF,시작하/VV/*+겠/EP/*+습니다/EF/*
시작하겠ㄹ까,0,0,-500,VV+EP+EF,*,F,시작하겠ㄹ까,Inflect,VV,EF,시작하/VV/*+겠/EP/*+ㄹ까/EF/*
시작하겠ㄹ까요,0,0,-500,VV+EP+EF,*,F,시작하겠ㄹ까요,Inflect,VV,EF,시작하/VV/*+겠/EP/*+ㄹ까요/EF/*
시작하겠ㄹ게요,0,0,-500,VV+EP+EF,*,F,시작하겠ㄹ게요,Inflect,VV,EF,시작하/VV/*+겠/EP/*+ㄹ게요/EF/*
시작하겠ㄹ게,0,0,-500,VV+EP+EF,*,F,시작하겠ㄹ게,Inflect,VV,EF,시작하/VV/*+겠/EP/*+ㄹ게/EF/*
시작하겠자,0,0,-500,VV+EP+EF,*,F,시작하겠자,Inflect,VV,EF,시작하/VV/*+겠/EP/*+자/EF/*
시작하겠으세요,0,0,-500,VV+EP+EF,*,F,시작하겠으세요,Inflect,VV,EF,시작하/VV/*+겠/EP/*+세요/EF/*
끝하는,0,0,-500,VV+ETM,*,T,끝하는,Inflect,VV,ETM,끝하/VV/*+는/ETM/*
끝한,0,0,-500,VV+ETM,*,T,끝한,Inflect,VV,ETM,끝하/VV/*+ㄴ/ETM/*
끝하은,0,0,-500,VV+ETM,*,T,끝하은,Inflect,VV,ETM,끝하/VV/*+은/ETM/*
끝할,0,0,-500,VV+ETM,*,T,끝할,Inflect,VV,ETM,끝하/VV/*+ㄹ/ETM/*
끝하을,0,0,-500,VV+ETM,*,T,끝하을,Inflect,VV,ETM,끝하/VV/*+을/ETM/*
끝하고,0,0,-500,VV+EC,*,F,끝하고,Inflect,VV,EC,끝하/VV/*+고/EC/*
끝해서,0,0,-500,VV+EC,*,F,끝해서,Inflect,VV,EC,끝하/VV/*+서/EC/*
끝하니까,0,0,-500,VV+EC,*,F,끝하니까,Inflect,VV,EC,끝하/VV/*+니까/EC/*
끝하니,0,0,-500,VV+EC,*,F,끝하니,Inflect,VV,EC,끝하/VV/*+니/EC/*
끝하면,0,0,-500,VV+EC,*,T,끝하면,Inflect,VV,EC,끝하/VV/*+면/EC/*
끝하지만,0,0,-500,VV+EC,*,T,끝하지만,Inflect,VV,EC,끝하/VV/*+지만/EC/*
끝하는데,0,0,-500,VV+EC,*,F,끝하는데,Inflect,VV,EC,끝하/VV/*+는데/EC/*
끝한데,0,0,-500,VV+EC,*,F,끝한데,Inflect,VV,EC,끝하/VV/*+ㄴ데/EC/*
끝하은데,0,0,-500,VV+EC,*,F,끝하은데,Inflect,VV,EC,끝하/VV/*+은데/EC/*
끝하면서,0,0,-500,VV+EC,*,F,끝하면서,Inflect,VV,EC,끝하/VV/*+면서/EC/*
끝하며,0,0,-500,VV+EC,*,F,끝하며,Inflect,VV,EC,끝하/VV/*+며/EC/*
끝하러,0,0,-500,VV+EC,*,F,끝하러,Inflect,VV,EC,끝하/VV/*+러/EC/*
끝하려고,0,0,-500,VV+EC,*,F,끝하려고,Inflect,VV,EC,끝하/VV/*+려고/EC/*
끝하려,0,0,-500,VV+EC,*,F,끝하려,Inflect,VV,EC,끝하/VV/*+려/EC/*
끝해도,0,0,-500,VV+EC,*,F,끝해도,Inflect,VV,EC,끝하/VV/*+도/EC/*
끝하다가,0,0,-500,VV+EC,*,F,끝하다가,Inflect,VV,EC,끝하/VV/*+다가/EC/*
끝하자,0,0,-500,VV+EC,*,F,끝하자,Inflect,VV,EC,끝하/VV/*+자/EC/*
끝하자마자,0,0,-500,VV+EC,*,F,끝하자마자,Inflect,VV,EC,끝하/VV/*+자마자/EC/*
끝하고서,0,0,-500,VV+EC,*,F,끝하고서,Inflect,VV,EC,끝하/VV/*+고서/EC/*
끝하고나서,0,0,-500,VV+EC,*,F,끝하고나서,Inflect,VV,EC,끝하/VV/*+고나서/EC/*
끝하도록,0,0,-500,VV+EC,*,T,끝하도록,Inflect,VV,EC,끝하/VV/*+도록/EC/*
끝하게,0,0,-500,VV+EC,*,F,끝하게,Inflect,VV,EC,끝하/VV/*+게/EC/*
끝하더라도,0,0,-500,VV+EC,*,F,끝하더라도,Inflect,VV,EC,끝하/VV/*+더라도/EC/*
끝할지라도,0,0,-500,VV+EC,*,F,끝할지라도,Inflect,VV,EC,끝하/VV/*+ㄹ지라도/EC/*
끝하을지라도,0,0,-500,VV+EC,*,F,끝하을지라도,Inflect,VV,EC,끝하/VV/*+을지라도/EC/*
끝할수록,0,0,-500,VV+EC,*,T,끝할수록,Inflect,VV,EC,끝하/VV/*+ㄹ수록/EC/*
끝하을수록,0,0,-500,VV+EC,*,T,끝하을수록,Inflect,VV,EC,끝하/VV/*+을수록/EC/*
끝하다고,0,0,-500,VV+EC,*,F,끝하다고,Inflect,VV,EC,끝하/VV/*+다고/EC/*
끝하라고,0,0,-500,VV+EC,*,F,끝하라고,Inflect,VV,EC,끝하/VV/*+라고/EC/*
끝하냐고,0,0,-500,VV+EC,*,F,끝하냐고,Inflect,VV,EC,끝하/VV/*+냐고/EC/*
끝하지,0,0,-500,VV+EC,*,F,끝하지,Inflect,VV,EC,끝하/VV/*+지/EC/*
끝하거나,0,0,-500,VV+EC,*,F,끝하거나,Inflect,VV,EC,끝하/VV/*+거나/EC/*
끝하든지,0,0,-500,VV+EC,*,F,끝하든지,Inflect,VV,EC,끝하/VV/*+든지/EC/*
끝하듯이,0,0,-500,VV+EC,*,F,끝하듯이,Inflect,VV,EC,끝하/VV/*+듯이/EC/*
끝하듯,0,0,-500,VV+EC,*,T,끝하듯,Inflect,VV,EC,끝하/VV/*+듯/EC/*
끝하다,0,0,-500,VV+EF,*,F,끝하다,Inflect,VV,EF,끝하/VV/*+다/EF/*
끝해요,0,0,-500,VV+EF,*,F,끝해요,Inflect,VV,EF,끝하/VV/*+요/EF/*
끝합니다,0,0,-500,VV+EF,*,F,끝합니다,Inflect,VV,EF,끝하/VV/*+ㅂ니다/EF/*
끝하습니다,0,0,-500,VV+EF,*,F,끝하습니다,Inflect,VV,EF,끝하/VV/*+습니다/EF/*
끝할까,0,0,-500,VV+EF,*,F,끝할까,Inflect,VV,EF,끝하/VV/*+ㄹ까/EF/*
끝할까요,0,0,-500,VV+EF,*,F,끝할까요,Inflect,VV,EF,끝하/VV/*+ㄹ까요/EF/*
끝할게요,0,0,-500,VV+EF,*,F,끝할게요,Inflect,VV,EF,끝하/VV/*+ㄹ게요/EF/*
끝할게,0,0,-500,VV+EF,*,F,끝할게,Inflect,VV,EF,끝하/VV/*+ㄹ게/EF/*
끝하자,0,0,-500,VV+EF,*,F,끝하자,Inflect,VV,EF,끝하/VV/*+자/EF/*
끝하세요,0,0,-500,VV+EF,*,F,끝하세요,Inflect,VV,EF,끝하/VV/*+세요/EF/*
끝했다,0,0,-500,VV+EP+EF,*,F,끝했다,Inflect,VV,EF,끝하/VV/*+았/EP/*+다/EF/*
끝했어요,0,0,-500,VV+EP+EF,*,F,끝했어요,Inflect,VV,EF,끝하/VV/*+았/EP/*+요/EF/*
끝했ㅂ니다,0,0,-500,VV+EP+EF,*,F,끝했ㅂ니다,Inflect,VV,EF,끝하/VV/*+았/EP/*+ㅂ니다/EF/*
끝했으습니다,0,0,-500,VV+EP+EF,*,F,끝했으습니다,Inflect,VV,EF,끝하/VV/*+았/EP/*+습니다/EF/*
끝했ㄹ까,0,0,-500,VV+EP+EF,*,F,끝했ㄹ까,Inflect,VV,EF,끝하/VV/*+았/EP/*+ㄹ까/EF/*
끝했ㄹ까요,0,0,-500,VV+EP+EF,*,F,끝했ㄹ까요,Inflect,VV,EF,끝하/VV/*+았/EP/*+ㄹ까요/EF/*
끝했ㄹ게요,0,0,-500,VV+EP+EF,*,F,끝했ㄹ게요,Inflect,VV,EF,끝하/VV/*+았/EP/*+ㄹ게요/EF/*
끝했ㄹ게,0,0,-500,VV+EP+EF,*,F,끝했ㄹ게,Inflect,VV,EF,끝하/VV/*+았/EP/*+ㄹ게/EF/*
끝했자,0,0,-500,VV+EP+EF,*,F,끝했자,Inflect,VV,EF,끝하/VV/*+았/EP/*+자/EF/*
끝했으세요,0,0,-500,VV+EP+EF,*,F,끝했으세요,Inflect,VV,EF,끝하/VV/*+았/EP/*+세요/EF/*
끝했다,0,0,-500,VV+EP+EF,*,F,끝했다,Inflect,VV,EF,끝하/VV/*+었/EP/*+다/EF/*
끝했어요,0,0,-500,VV+EP+EF,*,F,끝했어요,Inflect,VV,EF,끝하/VV/*+었/EP/*+요/EF/*
끝했ㅂ니다,0,0,-500,VV+EP+EF,*,F,끝했ㅂ니다,Inflect,VV,EF,끝하/VV/*+었/EP/*+ㅂ니다/EF/*
끝했으습니다,0,0,-500,VV+EP+EF,*,F,끝했으습니다,Inflect,VV,EF,끝하/VV/*+었/EP/*+습니다/EF/*
끝했ㄹ까,0,0,-500,VV+EP+EF,*,F,끝했ㄹ까,Inflect,VV,EF,끝하/VV/*+었/EP/*+ㄹ까/EF/*
끝했ㄹ까요,0,0,-500,VV+EP+EF,*,F,끝했ㄹ까요,Inflect,VV,EF,끝하/VV/*+었/EP/*+ㄹ까요/EF/*
끝했ㄹ게요,0,0,-500,VV+EP+EF,*,F,끝했ㄹ게요,Inflect,VV,EF,끝하/VV/*+었/EP/*+ㄹ게요/EF/*
끝했ㄹ게,0,0,-500,VV+EP+EF,*,F,끝했ㄹ게,Inflect,VV,EF,끝하/VV/*+었/EP/*+ㄹ게/EF/*
끝했자,0,0,-500,VV+EP+EF,*,F,끝했자,Inflect,VV,EF,끝하/VV/*+었/EP/*+자/EF/*
끝했으세요,0,0,-500,VV+EP+EF,*,F,끝했으세요,Inflect,VV,EF,끝하/VV/*+었/EP/*+세요/EF/*
끝하시다,0,0,-500,VV+EP+EF,*,F,끝하시다,Inflect,VV,EF,끝하/VV/*+시/EP/*+다/EF/*
끝하셔요,0,0,-500,VV+EP+EF,*,F,끝하셔요,Inflect,VV,EF,끝하/VV/*+시/EP/*+요/EF/*
끝하십니다,0,0,-500,VV+EP+EF,*,F,끝하십니다,Inflect,VV,EF,끝하/VV/*+시/EP/*+ㅂ니다/EF/*
끝하시습니다,0,0,-500,VV+EP+EF,*,F,끝하시습니다,Inflect,VV,EF,끝하/VV/*+시/EP/*+습니다/EF/*
끝하실까,0,0,-500,VV+EP+EF,*,F,끝하실까,Inflect,VV,EF,끝하/VV/*+시/EP/*+ㄹ까/EF/*
끝하실까요,0,0,-500,VV+EP+EF,*,F,끝하실까요,Inflect,VV,EF,끝하/VV/*+시/EP/*+ㄹ까요/EF/*
끝하실게요,0,0,-500,VV+EP+EF,*,F,끝하실게요,Inflect,VV,EF,끝하/VV/*+시/EP/*+ㄹ게요/EF/*
끝하실게,0,0,-500,VV+EP+EF,*,F,끝하실게,Inflect,VV,EF,끝하/VV/*+시/EP/*+ㄹ게/EF/*
끝하시자,0,0,-500,VV+EP+EF,*,F,끝하시자,Inflect,VV,EF,끝하/VV/*+시/EP/*+자/EF/*
끝하시세요,0,0,-500,VV+EP+EF,*,F,끝하시세요,Inflect,VV,EF,끝하/VV/*+시/EP/*+세요/EF/*
끝하겠다,0,0,-500,VV+EP+EF,*,F,끝하겠다,Inflect,VV,EF,끝하/VV/*+겠/EP/*+다/EF/*
끝하겠어요,0,0,-500,VV+EP+EF,*,F,끝하겠어요,Inflect,VV,EF,끝하/VV/*+겠/EP/*+요/EF/*
끝하겠ㅂ니다,0,0,-500,VV+EP+EF,*,F,끝하겠ㅂ니다,Inflect,VV,EF,끝하/VV/*+겠/EP/*+ㅂ니다/EF/*
끝하겠으습니다,0,0,-500,VV+EP+EF,*,F,끝하겠으습니다,Inflect,VV,EF,끝하/VV/*+겠/EP/*+습니다/EF/*
끝하겠ㄹ까,0,0,-500,VV+EP+EF,*,F,끝하겠ㄹ까,Inflect,VV,EF,끝하/VV/*+겠/EP/*+ㄹ까/EF/*
끝하겠ㄹ까요,0,0,-500,VV+EP+EF,*,F,끝하겠ㄹ까요,Inflect,VV,EF,끝하/VV/*+겠/EP/*+ㄹ까요/EF/*
끝하겠ㄹ게요,0,0,-500,VV+EP+EF,*,F,끝하겠ㄹ게요,Inflect,VV,EF,끝하/VV/*+겠/EP/*+ㄹ게요/EF/*
끝하겠ㄹ게,0,0,-500,VV+EP+EF,*,F,끝하겠ㄹ게,Inflect,VV,EF,끝하/VV/*+겠/EP/*+ㄹ게/EF/*
끝하겠자,0,0,-500,VV+EP+EF,*,F,끝하겠자,Inflect,VV,EF,끝하/VV/*+겠/EP/*+자/EF/*
끝하겠으세요,0,0,-500,VV+EP+EF,*,F,끝하겠으세요,Inflect,VV,EF,끝하/VV/*+겠/EP/*+세요/EF/*
일하는,0,0,-500,VV+ETM,*,T,일하는,Inflect,VV,ETM,일하/VV/*+는/ETM/*
일한,0,0,-500,VV+ETM,*,T,일한,Inflect,VV,ETM,일하/VV/*+ㄴ/ETM/*
일하은,0,0,-500,VV+ETM,*,T,일하은,Inflect,VV,ETM,일하/VV/*+은/ETM/*
일할,0,0,-500,VV+ETM,*,T,일할,Inflect,VV,ETM,일하/VV/*+ㄹ/ETM/*
일하을,0,0,-500,VV+ETM,*,T,일하을,Inflect,VV,ETM,일하/VV/*+을/ETM/*
일하고,0,0,-500,VV+EC,*,F,일하고,Inflect,VV,EC,일하/VV/*+고/EC/*
일해서,0,0,-500,VV+EC,*,F,일해서,Inflect,VV,EC,일하/VV/*+서/EC/*
일하니까,0,0,-500,VV+EC,*,F,일하니까,Inflect,VV,EC,일하/VV/*+니까/EC/*
일하니,0,0,-500,VV+EC,*,F,일하니,Inflect,VV,EC,일하/VV/*+니/EC/*
일하면,0,0,-500,VV+EC,*,T,일하면,Inflect,VV,EC,일하/VV/*+면/EC/*
일하지만,0,0,-500,VV+EC,*,T,일하지만,Inflect,VV,EC,일하/VV/*+지만/EC/*
일하는데,0,0,-500,VV+EC,*,F,일하는데,Inflect,VV,EC,일하/VV/*+는데/EC/*
일한데,0,0,-500,VV+EC,*,F,일한데,Inflect,VV,EC,일하/VV/*+ㄴ데/EC/*
일하은데,0,0,-500,VV+EC,*,F,일하은데,Inflect,VV,EC,일하/VV/*+은데/EC/*
일하면서,0,0,-500,VV+EC,*,F,일하면서,Inflect,VV,EC,일하/VV/*+면서/EC/*
일하며,0,0,-500,VV+EC,*,F,일하며,Inflect,VV,EC,일하/VV/*+며/EC/*
일하러,0,0,-500,VV+EC,*,F,일하러,Inflect,VV,EC,일하/VV/*+러/EC/*
일하려고,0,0,-500,VV+EC,*,F,일하려고,Inflect,VV,EC,일하/VV/*+려고/EC/*
일하려,0,0,-500,VV+EC,*,F,일하려,Inflect,VV,EC,일하/VV/*+려/EC/*
일해도,0,0,-500,VV+EC,*,F,일해도,Inflect,VV,EC,일하/VV/*+도/EC/*
일하다가,0,0,-500,VV+EC,*,F,일하다가,Inflect,VV,EC,일하/VV/*+다가/EC/*
일하자,0,0,-500,VV+EC,*,F,일하자,Inflect,VV,EC,일하/VV/*+자/EC/*
일하자마자,0,0,-500,VV+EC,*,F,일하자마자,Inflect,VV,EC,일하/VV/*+자마자/EC/*
일하고서,0,0,-500,VV+EC,*,F,일하고서,Inflect,VV,EC,일하/VV/*+고서/EC/*
일하고나서,0,0,-500,VV+EC,*,F,일하고나서,Inflect,VV,EC,일하/VV/*+고나서/EC/*
일하도록,0,0,-500,VV+EC,*,T,일하도록,Inflect,VV,EC,일하/VV/*+도록/EC/*
일하게,0,0,-500,VV+EC,*,F,일하게,Inflect,VV,EC,일하/VV/*+게/EC/*
일하더라도,0,0,-500,VV+EC,*,F,일하더라도,Inflect,VV,EC,일하/VV/*+더라도/EC/*
일할지라도,0,0,-500,VV+EC,*,F,일할지라도,Inflect,VV,EC,일하/VV/*+ㄹ지라도/EC/*
일하을지라도,0,0,-500,VV+EC,*,F,일하을지라도,Inflect,VV,EC,일하/VV/*+을지라도/EC/*
일할수록,0,0,-500,VV+EC,*,T,일할수록,Inflect,VV,EC,일하/VV/*+ㄹ수록/EC/*
일하을수록,0,0,-500,VV+EC,*,T,일하을수록,Inflect,VV,EC,일하/VV/*+을수록/EC/*
일하다고,0,0,-500,VV+EC,*,F,일하다고,Inflect,VV,EC,일하/VV/*+다고/EC/*
일하라고,0,0,-500,VV+EC,*,F,일하라고,Inflect,VV,EC,일하/VV/*+라고/EC/*
일하냐고,0,0,-500,VV+EC,*,F,일하냐고,Inflect,VV,EC,일하/VV/*+냐고/EC/*
일하지,0,0,-500,VV+EC,*,F,일하지,Inflect,VV,EC,일하/VV/*+지/EC/*
일하거나,0,0,-500,VV+EC,*,F,일하거나,Inflect,VV,EC,일하/VV/*+거나/EC/*
일하든지,0,0,-500,VV+EC,*,F,일하든지,Inflect,VV,EC,일하/VV/*+든지/EC/*
일하듯이,0,0,-500,VV+EC,*,F,일하듯이,Inflect,VV,EC,일하/VV/*+듯이/EC/*
일하듯,0,0,-500,VV+EC,*,T,일하듯,Inflect,VV,EC,일하/VV/*+듯/EC/*
일하다,0,0,-500,VV+EF,*,F,일하다,Inflect,VV,EF,일하/VV/*+다/EF/*
일해요,0,0,-500,VV+EF,*,F,일해요,Inflect,VV,EF,일하/VV/*+요/EF/*
일합니다,0,0,-500,VV+EF,*,F,일합니다,Inflect,VV,EF,일하/VV/*+ㅂ니다/EF/*
일하습니다,0,0,-500,VV+EF,*,F,일하습니다,Inflect,VV,EF,일하/VV/*+습니다/EF/*
일할까,0,0,-500,VV+EF,*,F,일할까,Inflect,VV,EF,일하/VV/*+ㄹ까/EF/*
일할까요,0,0,-500,VV+EF,*,F,일할까요,Inflect,VV,EF,일하/VV/*+ㄹ까요/EF/*
일할게요,0,0,-500,VV+EF,*,F,일할게요,Inflect,VV,EF,일하/VV/*+ㄹ게요/EF/*
일할게,0,0,-500,VV+EF,*,F,일할게,Inflect,VV,EF,일하/VV/*+ㄹ게/EF/*
일하자,0,0,-500,VV+EF,*,F,일하자,Inflect,VV,EF,일하/VV/*+자/EF/*
일하세요,0,0,-500,VV+EF,*,F,일하세요,Inflect,VV,EF,일하/VV/*+세요/EF/*
일했다,0,0,-500,VV+EP+EF,*,F,일했다,Inflect,VV,EF,일하/VV/*+았/EP/*+다/EF/*
일했어요,0,0,-500,VV+EP+EF,*,F,일했어요,Inflect,VV,EF,일하/VV/*+았/EP/*+요/EF/*
일했ㅂ니다,0,0,-500,VV+EP+EF,*,F,일했ㅂ니다,Inflect,VV,EF,일하/VV/*+았/EP/*+ㅂ니다/EF/*
일했으습니다,0,0,-500,VV+EP+EF,*,F,일했으습니다,Inflect,VV,EF,일하/VV/*+았/EP/*+습니다/EF/*
일했ㄹ까,0,0,-500,VV+EP+EF,*,F,일했ㄹ까,Inflect,VV,EF,일하/VV/*+았/EP/*+ㄹ까/EF/*
일했ㄹ까요,0,0,-500,VV+EP+EF,*,F,일했ㄹ까요,Inflect,VV,EF,일하/VV/*+았/EP/*+ㄹ까요/EF/*
일했ㄹ게요,0,0,-500,VV+EP+EF,*,F,일했ㄹ게요,Inflect,VV,EF,일하/VV/*+았/EP/*+ㄹ게요/EF/*
일했ㄹ게,0,0,-500,VV+EP+EF,*,F,일했ㄹ게,Inflect,VV,EF,일하/VV/*+았/EP/*+ㄹ게/EF/*
일했자,0,0,-500,VV+EP+EF,*,F,일했자,Inflect,VV,EF,일하/VV/*+았/EP/*+자/EF/*
일했으세요,0,0,-500,VV+EP+EF,*,F,일했으세요,Inflect,VV,EF,일하/VV/*+았/EP/*+세요/EF/*
일했다,0,0,-500,VV+EP+EF,*,F,일했다,Inflect,VV,EF,일하/VV/*+었/EP/*+다/EF/*
일했어요,0,0,-500,VV+EP+EF,*,F,일했어요,Inflect,VV,EF,일하/VV/*+었/EP/*+요/EF/*
일했ㅂ니다,0,0,-500,VV+EP+EF,*,F,일했ㅂ니다,Inflect,VV,EF,일하/VV/*+었/EP/*+ㅂ니다/EF/*
일했으습니다,0,0,-500,VV+EP+EF,*,F,일했으습니다,Inflect,VV,EF,일하/VV/*+었/EP/*+습니다/EF/*
일했ㄹ까,0,0,-500,VV+EP+EF,*,F,일했ㄹ까,Inflect,VV,EF,일하/VV/*+었/EP/*+ㄹ까/EF/*
일했ㄹ까요,0,0,-500,VV+EP+EF,*,F,일했ㄹ까요,Inflect,VV,EF,일하/VV/*+었/EP/*+ㄹ까요/EF/*
일했ㄹ게요,0,0,-500,VV+EP+EF,*,F,일했ㄹ게요,Inflect,VV,EF,일하/VV/*+었/EP/*+ㄹ게요/EF/*
일했ㄹ게,0,0,-500,VV+EP+EF,*,F,일했ㄹ게,Inflect,VV,EF,일하/VV/*+었/EP/*+ㄹ게/EF/*
일했자,0,0,-500,VV+EP+EF,*,F,일했자,Inflect,VV,EF,일하/VV/*+었/EP/*+자/EF/*
일했으세요,0,0,-500,VV+EP+EF,*,F,일했으세요,Inflect,VV,EF,일하/VV/*+었/EP/*+세요/EF/*
일하시다,0,0,-500,VV+EP+EF,*,F,일하시다,Inflect,VV,EF,일하/VV/*+시/EP/*+다/EF/*
일하셔요,0,0,-500,VV+EP+EF,*,F,일하셔요,Inflect,VV,EF,일하/VV/*+시/EP/*+요/EF/*
일하십니다,0,0,-500,VV+EP+EF,*,F,일하십니다,Inflect,VV,EF,일하/VV/*+시/EP/*+ㅂ니다/EF/*
일하시습니다,0,0,-500,VV+EP+EF,*,F,일하시습니다,Inflect,VV,EF,일하/VV/*+시/EP/*+습니다/EF/*
일하실까,0,0,-500,VV+EP+EF,*,F,일하실까,Inflect,VV,EF,일하/VV/*+시/EP/*+ㄹ까/EF/*
일하실까요,0,0,-500,VV+EP+EF,*,F,일하실까요,Inflect,VV,EF,일하/VV/*+시/EP/*+ㄹ까요/EF/*
일하실게요,0,0,-500,VV+EP+EF,*,F,일하실게요,Inflect,VV,EF,일하/VV/*+시/EP/*+ㄹ게요/EF/*
일하실게,0,0,-500,VV+EP+EF,*,F,일하실게,Inflect,VV,EF,일하/VV/*+시/EP/*+ㄹ게/EF/*
일하시자,0,0,-500,VV+EP+EF,*,F,일하시자,Inflect,VV,EF,일하/VV/*+시/EP/*+자/EF/*
일하시세요,0,0,-500,VV+EP+EF,*,F,일하시세요,Inflect,VV,EF,일하/VV/*+시/EP/*+세요/EF/*
일하겠다,0,0,-500,VV+EP+EF,*,F,일하겠다,Inflect,VV,EF,일하/VV/*+겠/EP/*+다/EF/*
일하겠어요,0,0,-500,VV+EP+EF,*,F,일하겠어요,Inflect,VV,EF,일하/VV/*+겠/EP/*+요/EF/*
일하겠ㅂ니다,0,0,-500,VV+EP+EF,*,F,일하겠ㅂ니다,Inflect,VV,EF,일하/VV/*+겠/EP/*+ㅂ니다/EF/*
일하겠으습니다,0,0,-500,VV+EP+EF,*,F,일하겠으습니다,Inflect,VV,EF,일하/VV/*+겠/EP/*+습니다/EF/*
일하겠ㄹ까,0,0,-500,VV+EP+EF,*,F,일하겠ㄹ까,Inflect,VV,EF,일하/VV/*+겠/EP/*+ㄹ까/EF/*
일하겠ㄹ까요,0,0,-500,VV+EP+EF,*,F,일하겠ㄹ까요,Inflect,VV,EF,일하/VV/*+겠/EP/*+ㄹ까요/EF/*
일하겠ㄹ게요,0,0,-500,VV+EP+EF,*,F,일하겠ㄹ게요,Inflect,VV,EF,일하/VV/*+겠/EP/*+ㄹ게요/EF/*
일하겠ㄹ게,0,0,-500,VV+EP+EF,*,F,일하겠ㄹ게,Inflect,VV,EF,일하/VV/*+겠/EP/*+ㄹ게/EF/*
일하겠자,0,0,-500,VV+EP+EF,*,F,일하겠자,Inflect,VV,EF,일하/VV/*+겠/EP/*+자/EF/*
일하겠으세요,0,0,-500,VV+EP+EF,*,F,일하겠으세요,Inflect,VV,EF,일하/VV/*+겠/EP/*+세요/EF/*
준비하는,0,0,-500,VV+ETM,*,T,준비하는,Inflect,VV,ETM,준비하/VV/*+는/ETM/*
준비한,0,0,-500,VV+ETM,*,T,준비한,Inflect,VV,ETM,준비하/VV/*+ㄴ/ETM/*
준비하은,0,0,-500,VV+ETM,*,T,준비하은,Inflect,VV,ETM,준비하/VV/*+은/ETM/*
준비할,0,0,-500,VV+ETM,*,T,준비할,Inflect,VV,ETM,준비하/VV/*+ㄹ/ETM/*
준비하을,0,0,-500,VV+ETM,*,T,준비하을,Inflect,VV,ETM,준비하/VV/*+을/ETM/*
준비하고,0,0,-500,VV+EC,*,F,준비하고,Inflect,VV,EC,준비하/VV/*+고/EC/*
준비해서,0,0,-500,VV+EC,*,F,준비해서,Inflect,VV,EC,준비하/VV/*+서/EC/*
준비하니까,0,0,-500,VV+EC,*,F,준비하니까,Inflect,VV,EC,준비하/VV/*+니까/EC/*
준비하니,0,0,-500,VV+EC,*,F,준비하니,Inflect,VV,EC,준비하/VV/*+니/EC/*
준비하면,0,0,-500,VV+EC,*,T,준비하면,Inflect,VV,EC,준비하/VV/*+면/EC/*
준비하지만,0,0,-500,VV+EC,*,T,준비하지만,Inflect,VV,EC,준비하/VV/*+지만/EC/*
준비하는데,0,0,-500,VV+EC,*,F,준비하는데,Inflect,VV,EC,준비하/VV/*+는데/EC/*
준비한데,0,0,-500,VV+EC,*,F,준비한데,Inflect,VV,EC,준비하/VV/*+ㄴ데/EC/*
준비하은데,0,0,-500,VV+EC,*,F,준비하은데,Inflect,VV,EC,준비하/VV/*+은데/EC/*
준비하면서,0,0,-500,VV+EC,*,F,준비하면서,Inflect,VV,EC,준비하/VV/*+면서/EC/*
준비하며,0,0,-500,VV+EC,*,F,준비하며,Inflect,VV,EC,준비하/VV/*+며/EC/*
준비하러,0,0,-500,VV+EC,*,F,준비하러,Inflect,VV,EC,준비하/VV/*+러/EC/*
준비하려고,0,0,-500,VV+EC,*,F,준비하려고,Inflect,VV,EC,준비하/VV/*+려고/EC/*
준비하려,0,0,-500,VV+EC,*,F,준비하려,Inflect,VV,EC,준비하/VV/*+려/EC/*
준비해도,0,0,-500,VV+EC,*,F,준비해도,Inflect,VV,EC,준비하/VV/*+도/EC/*
준비하다가,0,0,-500,VV+EC,*,F,준비하다가,Inflect,VV,EC,준비하/VV/*+다가/EC/*
준비하자,0,0,-500,VV+EC,*,F,준비하자,Inflect,VV,EC,준비하/VV/*+자/EC/*
준비하자마자,0,0,-500,VV+EC,*,F,준비하자마자,Inflect,VV,EC,준비하/VV/*+자마자/EC/*
준비하고서,0,0,-500,VV+EC,*,F,준비하고서,Inflect,VV,EC,준비하/VV/*+고서/EC/*
준비하고나서,0,0,-500,VV+EC,*,F,준비하고나서,Inflect,VV,EC,준비하/VV/*+고나서/EC/*
준비하도록,0,0,-500,VV+EC,*,T,준비하도록,Inflect,VV,EC,준비하/VV/*+도록/EC/*
준비하게,0,0,-500,VV+EC,*,F,준비하게,Inflect,VV,EC,준비하/VV/*+게/EC/*
준비하더라도,0,0,-500,VV+EC,*,F,준비하더라도,Inflect,VV,EC,준비하/VV/*+더라도/EC/*
준비할지라도,0,0,-500,VV+EC,*,F,준비할지라도,Inflect,VV,EC,준비하/VV/*+ㄹ지라도/EC/*
준비하을지라도,0,0,-500,VV+EC,*,F,준비하을지라도,Inflect,VV,EC,준비하/VV/*+을지라도/EC/*
준비할수록,0,0,-500,VV+EC,*,T,준비할수록,Inflect,VV,EC,준비하/VV/*+ㄹ수록/EC/*
준비하을수록,0,0,-500,VV+EC,*,T,준비하을수록,Inflect,VV,EC,준비하/VV/*+을수록/EC/*
준비하다고,0,0,-500,VV+EC,*,F,준비하다고,Inflect,VV,EC,준비하/VV/*+다고/EC/*
준비하라고,0,0,-500,VV+EC,*,F,준비하라고,Inflect,VV,EC,준비하/VV/*+라고/EC/*
준비하냐고,0,0,-500,VV+EC,*,F,준비하냐고,Inflect,VV,EC,준비하/VV/*+냐고/EC/*
준비하지,0,0,-500,VV+EC,*,F,준비하지,Inflect,VV,EC,준비하/VV/*+지/EC/*
준비하거나,0,0,-500,VV+EC,*,F,준비하거나,Inflect,VV,EC,준비하/VV/*+거나/EC/*
준비하든지,0,0,-500,VV+EC,*,F,준비하든지,Inflect,VV,EC,준비하/VV/*+든지/EC/*
준비하듯이,0,0,-500,VV+EC,*,F,준비하듯이,Inflect,VV,EC,준비하/VV/*+듯이/EC/*
준비하듯,0,0,-500,VV+EC,*,T,준비하듯,Inflect,VV,EC,준비하/VV/*+듯/EC/*
준비하다,0,0,-500,VV+EF,*,F,준비하다,Inflect,VV,EF,준비하/VV/*+다/EF/*
준비해요,0,0,-500,VV+EF,*,F,준비해요,Inflect,VV,EF,준비하/VV/*+요/EF/*
준비합니다,0,0,-500,VV+EF,*,F,준비합니다,Inflect,VV,EF,준비하/VV/*+ㅂ니다/EF/*
준비하습니다,0,0,-500,VV+EF,*,F,준비하습니다,Inflect,VV,EF,준비하/VV/*+습니다/EF/*
준비할까,0,0,-500,VV+EF,*,F,준비할까,Inflect,VV,EF,준비하/VV/*+ㄹ까/EF/*
준비할까요,0,0,-500,VV+EF,*,F,준비할까요,Inflect,VV,EF,준비하/VV/*+ㄹ까요/EF/*
준비할게요,0,0,-500,VV+EF,*,F,준비할게요,Inflect,VV,EF,준비하/VV/*+ㄹ게요/EF/*
준비할게,0,0,-500,VV+EF,*,F,준비할게,Inflect,VV,EF,준비하/VV/*+ㄹ게/EF/*
준비하자,0,0,-500,VV+EF,*,F,준비하자,Inflect,VV,EF,준비하/VV/*+자/EF/*
준비하세요,0,0,-500,VV+EF,*,F,준비하세요,Inflect,VV,EF,준비하/VV/*+세요/EF/*
준비했다,0,0,-500,VV+EP+EF,*,F,준비했다,Inflect,VV,EF,준비하/VV/*+았/EP/*+다/EF/*
준비했어요,0,0,-500,VV+EP+EF,*,F,준비했어요,Inflect,VV,EF,준비하/VV/*+았/EP/*+요/EF/*
준비했ㅂ니다,0,0,-500,VV+EP+EF,*,F,준비했ㅂ니다,Inflect,VV,EF,준비하/VV/*+았/EP/*+ㅂ니다/EF/*
준비했으습니다,0,0,-500,VV+EP+EF,*,F,준비했으습니다,Inflect,VV,EF,준비하/VV/*+았/EP/*+습니다/EF/*
준비했ㄹ까,0,0,-500,VV+EP+EF,*,F,준비했ㄹ까,Inflect,VV,EF,준비하/VV/*+았/EP/*+ㄹ까/EF/*
준비했ㄹ까요,0,0,-500,VV+EP+EF,*,F,준비했ㄹ까요,Inflect,VV,EF,준비하/VV/*+았/EP/*+ㄹ까요/EF/*
준비했ㄹ게요,0,0,-500,VV+EP+EF,*,F,준비했ㄹ게요,Inflect,VV,EF,준비하/VV/*+았/EP/*+ㄹ게요/EF/*
준비했ㄹ게,0,0,-500,VV+EP+EF,*,F,준비했ㄹ게,Inflect,VV,EF,준비하/VV/*+았/EP/*+ㄹ게/EF/*
준비했자,0,0,-500,VV+EP+EF,*,F,준비했자,Inflect,VV,EF,준비하/VV/*+았/EP/*+자/EF/*
준비했으세요,0,0,-500,VV+EP+EF,*,F,준비했으세요,Inflect,VV,EF,준비하/VV/*+았/EP/*+세요/EF/*
준비했다,0,0,-500,VV+EP+EF,*,F,준비했다,Inflect,VV,EF,준비하/VV/*+었/EP/*+다/EF/*
준비했어요,0,0,-500,VV+EP+EF,*,F,준비했어요,Inflect,VV,EF,준비하/VV/*+었/EP/*+요/EF/*
준비했ㅂ니다,0,0,-500,VV+EP+EF,*,F,준비했ㅂ니다,Inflect,VV,EF,준비하/VV/*+었/EP/*+ㅂ니다/EF/*
준비했으습니다,0,0,-500,VV+EP+EF,*,F,준비했으습니다,Inflect,VV,EF,준비하/VV/*+었/EP/*+습니다/EF/*
준비했ㄹ까,0,0,-500,VV+EP+EF,*,F,준비했ㄹ까,Inflect,VV,EF,준비하/VV/*+었/EP/*+ㄹ까/EF/*
준비했ㄹ까요,0,0,-500,VV+EP+EF,*,F,준비했ㄹ까요,Inflect,VV,EF,준비하/VV/*+었/EP/*+ㄹ까요/EF/*
준비했ㄹ게요,0,0,-500,VV+EP+EF,*,F,준비했ㄹ게요,Inflect,VV,EF,준비하/VV/*+었/EP/*+ㄹ게요/EF/*
준비했ㄹ게,0,0,-500,VV+EP+EF,*,F,준비했ㄹ게,Inflect,VV,EF,준비하/VV/*+었/EP/*+ㄹ게/EF/*
준비했자,0,0,-500,VV+EP+EF,*,F,준비했자,Inflect,VV,EF,준비하/VV/*+었/EP/*+자/EF/*
준비했으세요,0,0,-500,VV+EP+EF,*,F,준비했으세요,Inflect,VV,EF,준비하/VV/*+었/EP/*+세요/EF/*
준비하시다,0,0,-500,VV+EP+EF,*,F,준비하시다,Inflect,VV,EF,준비하/VV/*+시/EP/*+다/EF/*
준비하셔요,0,0,-500,VV+EP+EF,*,F,준비하셔요,Inflect,VV,EF,준비하/VV/*+시/EP/*+요/EF/*
준비하십니다,0,0,-500,VV+EP+EF,*,F,준비하십니다,Inflect,VV,EF,준비하/VV/*+시/EP/*+ㅂ니다/EF/*
준비하시습니다,0,0,-500,VV+EP+EF,*,F,준비하시습니다,Inflect,VV,EF,준비하/VV/*+시/EP/*+습니다/EF/*
준비하실까,0,0,-500,VV+EP+EF,*,F,준비하실까,Inflect,VV,EF,준비하/VV/*+시/EP/*+ㄹ까/EF/*
준비하실까요,0,0,-500,VV+EP+EF,*,F,준비하실까요,Inflect,VV,EF,준비하/VV/*+시/EP/*+ㄹ까요/EF/*
준비하실게요,0,0,-500,VV+EP+EF,*,F,준비하실게요,Inflect,VV,EF,준비하/VV/*+시/EP/*+ㄹ게요/EF/*
준비하실게,0,0,-500,VV+EP+EF,*,F,준비하실게,Inflect,VV,EF,준비하/VV/*+시/EP/*+ㄹ게/EF/*
준비하시자,0,0,-500,VV+EP+EF,*,F,준비하시자,Inflect,VV,EF,준비하/VV/*+시/EP/*+자/EF/*
준비하시세요,0,0,-500,VV+EP+EF,*,F,준비하시세요,Inflect,VV,EF,준비하/VV/*+시/EP/*+세요/EF/*
준비하겠다,0,0,-500,VV+EP+EF,*,F,준비하겠다,Inflect,VV,EF,준비하/VV/*+겠/EP/*+다/EF/*
준비하겠어요,0,0,-500,VV+EP+EF,*,F,준비하겠어요,Inflect,VV,EF,준비하/VV/*+겠/EP/*+요/EF/*
준비하겠ㅂ니다,0,0,-500,VV+EP+EF,*,F,준비하겠ㅂ니다,Inflect,VV,EF,준비하/VV/*+겠/EP/*+ㅂ니다/EF/*
준비하겠으습니다,0,0,-500,VV+EP+EF,*,F,준비하겠으습니다,Inflect,VV,EF,준비하/VV/*+겠/EP/*+습니다/EF/*
준비하겠ㄹ까,0,0,-500,VV+EP+EF,*,F,준비하겠ㄹ까,Inflect,VV,EF,준비하/VV/*+겠/EP/*+ㄹ까/EF/*
준비하겠ㄹ까요,0,0,-500,VV+EP+EF,*,F,준비하겠ㄹ까요,Inflect,VV,EF,준비하/VV/*+겠/EP/*+ㄹ까요/EF/*
준비하겠ㄹ게요,0,0,-500,VV+EP+EF,*,F,준비하겠ㄹ게요,Inflect,VV,EF,준비하/VV/*+겠/EP/*+ㄹ게요/EF/*
준비하겠ㄹ게,0,0,-500,VV+EP+EF,*,F,준비하겠ㄹ게,Inflect,VV,EF,준비하/VV/*+겠/EP/*+ㄹ게/EF/*
준비하겠자,0,0,-500,VV+EP+EF,*,F,준비하겠자,Inflect,VV,EF,준비하/VV/*+겠/EP/*+자/EF/*
준비하겠으세요,0,0,-500,VV+EP+EF,*,F,준비하겠으세요,Inflect,VV,EF,준비하/VV/*+겠/EP/*+세요/EF/*
결정하는,0,0,-500,VV+ETM,*,T,결정하는,Inflect,VV,ETM,결정하/VV/*+는/ETM/*
결정한,0,0,-500,VV+ETM,*,T,결정한,Inflect,VV,ETM,결정하/VV/*+ㄴ/ETM/*
결정하은,0,0,-500,VV+ETM,*,T,결정하은,Inflect,VV,ETM,결정하/VV/*+은/ETM/*
결정할,0,0,-500,VV+ETM,*,T,결정할,Inflect,VV,ETM,결정하/VV/*+ㄹ/ETM/*
결정하을,0,0,-500,VV+ETM,*,T,결정하을,Inflect,VV,ETM,결정하/VV/*+을/ETM/*
결정하고,0,0,-500,VV+EC,*,F,결정하고,Inflect,VV,EC,결정하/VV/*+고/EC/*
결정해서,0,0,-500,VV+EC,*,F,결정해서,Inflect,VV,EC,결정하/VV/*+서/EC/*
결정하니까,0,0,-500,VV+EC,*,F,결정하니까,Inflect,VV,EC,결정하/VV/*+니까/EC/*
결정하니,0,0,-500,VV+EC,*,F,결정하니,Inflect,VV,EC,결정하/VV/*+니/EC/*
결정하면,0,0,-500,VV+EC,*,T,결정하면,Inflect,VV,EC,결정하/VV/*+면/EC/*
결정하지만,0,0,-500,VV+EC,*,T,결정하지만,Inflect,VV,EC,결정하/VV/*+지만/EC/*
결정하는데,0,0,-500,VV+EC,*,F,결정하는데,Inflect,VV,EC,결정하/VV/*+는데/EC/*
결정한데,0,0,-500,VV+EC,*,F,결정한데,Inflect,VV,EC,결정하/VV/*+ㄴ데/EC/*
결정하은데,0,0,-500,VV+EC,*,F,결정하은데,Inflect,VV,EC,결정하/VV/*+은데/EC/*
결정하면서,0,0,-500,VV+EC,*,F,결정하면서,Inflect,VV,EC,결정하/VV/*+면서/EC/*
결정하며,0,0,-500,VV+EC,*,F,결정하며,Inflect,VV,EC,결정하/VV/*+며/EC/*
결정하러,0,0,-500,VV+EC,*,F,결정하러,Inflect,VV,EC,결정하/VV/*+러/EC/*
결정하려고,0,0,-500,VV+EC,*,F,결정하려고,Inflect,VV,EC,결정하/VV/*+려고/EC/*
결정하려,0,0,-500,VV+EC,*,F,결정하려,Inflect,VV,EC,결정하/VV/*+려/EC/*
결정해도,0,0,-500,VV+EC,*,F,결정해도,Inflect,VV,EC,결정하/VV/*+도/EC/*
결정하다가,0,0,-500,VV+EC,*,F,결정하다가,Inflect,VV,EC,결정하/VV/*+다가/EC/*
결정하자,0,0,-500,VV+EC,*,F,결정하자,Inflect,VV,EC,결정하/VV/*+자/EC/*
결정하자마자,0,0,-500,VV+EC,*,F,결정하자마자,Inflect,VV,EC,결정하/VV/*+자마자/EC/*
결정하고서,0,0,-500,VV+EC,*,F,결정하고서,Inflect,VV,EC,결정하/VV/*+고서/EC/*
결정하고나서,0,0,-500,VV+EC,*,F,결정하고나서,Inflect,VV,EC,결정하/VV/*+고나서/EC/*
결정하도록,0,0,-500,VV+EC,*,T,결정하도록,Inflect,VV,EC,결정하/VV/*+도록/EC/*
결정하게,0,0,-500,VV+EC,*,F,결정하게,Inflect,VV,EC,결정하/VV/*+게/EC/*
결정하더라도,0,0,-500,VV+EC,*,F,결정하더라도,Inflect,VV,EC,결정하/VV/*+더라도/EC/*
결정할지라도,0,0,-500,VV+EC,*,F,결정할지라도,Inflect,VV,EC,결정하/VV/*+ㄹ지라도/EC/*
결정하을지라도,0,0,-500,VV+EC,*,F,결정하을지라도,Inflect,VV,EC,결정하/VV/*+을지라도/EC/*
결정할수록,0,0,-500,VV+EC,*,T,결정할수록,Inflect,VV,EC,결정하/VV/*+ㄹ수록/EC/*
결정하을수록,0,0,-500,VV+EC,*,T,결정하을수록,Inflect,VV,EC,결정하/VV/*+을수록/EC/*
결정하다고,0,0,-500,VV+EC,*,F,결정하다고,Inflect,VV,EC,결정하/VV/*+다고/EC/*
결정하라고,0,0,-500,VV+EC,*,F,결정하라고,Inflect,VV,EC,결정하/VV/*+라고/EC/*
결정하냐고,0,0,-500,VV+EC,*,F,결정하냐고,Inflect,VV,EC,결정하/VV/*+냐고/EC/*
결정하지,0,0,-500,VV+EC,*,F,결정하지,Inflect,VV,EC,결정하/VV/*+지/EC/*
결정하거나,0,0,-500,VV+EC,*,F,결정하거나,Inflect,VV,EC,결정하/VV/*+거나/EC/*
결정하든지,0,0,-500,VV+EC,*,F,결정하든지,Inflect,VV,EC,결정하/VV/*+든지/EC/*
결정하듯이,0,0,-500,VV+EC,*,F,결정하듯이,Inflect,VV,EC,결정하/VV/*+듯이/EC/*
결정하듯,0,0,-500,VV+EC,*,T,결정하듯,Inflect,VV,EC,결정하/VV/*+듯/EC/*
결정하다,0,0,-500,VV+EF,*,F,결정하다,Inflect,VV,EF,결정하/VV/*+다/EF/*
결정해요,0,0,-500,VV+EF,*,F,결정해요,Inflect,VV,EF,결정하/VV/*+요/EF/*
결정합니다,0,0,-500,VV+EF,*,F,결정합니다,Inflect,VV,EF,결정하/VV/*+ㅂ니다/EF/*
결정하습니다,0,0,-500,VV+EF,*,F,결정하습니다,Inflect,VV,EF,결정하/VV/*+습니다/EF/*
결정할까,0,0,-500,VV+EF,*,F,결정할까,Inflect,VV,EF,결정하/VV/*+ㄹ까/EF/*
결정할까요,0,0,-500,VV+EF,*,F,결정할까요,Inflect,VV,EF,결정하/VV/*+ㄹ까요/EF/*
결정할게요,0,0,-500,VV+EF,*,F,결정할게요,Inflect,VV,EF,결정하/VV/*+ㄹ게요/EF/*
결정할게,0,0,-500,VV+EF,*,F,결정할게,Inflect,VV,EF,결정하/VV/*+ㄹ게/EF/*
결정하자,0,0,-500,VV+EF,*,F,결정하자,Inflect,VV,EF,결정하/VV/*+자/EF/*
결정하세요,0,0,-500,VV+EF,*,F,결정하세요,Inflect,VV,EF,결정하/VV/*+세요/EF/*
결정했다,0,0,-500,VV+EP+EF,*,F,결정했다,Inflect,VV,EF,결정하/VV/*+았/EP/*+다/EF/*
결정했어요,0,0,-500,VV+EP+EF,*,F,결정했어요,Inflect,VV,EF,결정하/VV/*+았/EP/*+요/EF/*
결정했ㅂ니다,0,0,-500,VV+EP+EF,*,F,결정했ㅂ니다,Inflect,VV,EF,결정하/VV/*+았/EP/*+ㅂ니다/EF/*
결정했으습니다,0,0,-500,VV+EP+EF,*,F,결정했으습니다,Inflect,VV,EF,결정하/VV/*+았/EP/*+습니다/EF/*
결정했ㄹ까,0,0,-500,VV+EP+EF,*,F,결정했ㄹ까,Inflect,VV,EF,결정하/VV/*+았/EP/*+ㄹ까/EF/*
결정했ㄹ까요,0,0,-500,VV+EP+EF,*,F,결정했ㄹ까요,Inflect,VV,EF,결정하/VV/*+았/EP/*+ㄹ까요/EF/*
결정했ㄹ게요,0,0,-500,VV+EP+EF,*,F,결정했ㄹ게요,Inflect,VV,EF,결정하/VV/*+았/EP/*+ㄹ게요/EF/*
결정했ㄹ게,0,0,-500,VV+EP+EF,*,F,결정했ㄹ게,Inflect,VV,EF,결정하/VV/*+았/EP/*+ㄹ게/EF/*
결정했자,0,0,-500,VV+EP+EF,*,F,결정했자,Inflect,VV,EF,결정하/VV/*+았/EP/*+자/EF/*
결정했으세요,0,0,-500,VV+EP+EF,*,F,결정했으세요,Inflect,VV,EF,결정하/VV/*+았/EP/*+세요/EF/*
결정했다,0,0,-500,VV+EP+EF,*,F,결정했다,Inflect,VV,EF,결정하/VV/*+었/EP/*+다/EF/*
결정했어요,0,0,-500,VV+EP+EF,*,F,결정했어요,Inflect,VV,EF,결정하/VV/*+었/EP/*+요/EF/*
결정했ㅂ니다,0,0,-500,VV+EP+EF,*,F,결정했ㅂ니다,Inflect,VV,EF,결정하/VV/*+었/EP/*+ㅂ니다/EF/*
결정했으습니다,0,0,-500,VV+EP+EF,*,F,결정했으습니다,Inflect,VV,EF,결정하/VV/*+었/EP/*+습니다/EF/*
결정했ㄹ까,0,0,-500,VV+EP+EF,*,F,결정했ㄹ까,Inflect,VV,EF,결정하/VV/*+었/EP/*+ㄹ까/EF/*
결정했ㄹ까요,0,0,-500,VV+EP+EF,*,F,결정했ㄹ까요,Inflect,VV,EF,결정하/VV/*+었/EP/*+ㄹ까요/EF/*
결정했ㄹ게요,0,0,-500,VV+EP+EF,*,F,결정했ㄹ게요,Inflect,VV,EF,결정하/VV/*+었/EP/*+ㄹ게요/EF/*
결정했ㄹ게,0,0,-500,VV+EP+EF,*,F,결정했ㄹ게,Inflect,VV,EF,결정하/VV/*+었/EP/*+ㄹ게/EF/*
결정했자,0,0,-500,VV+EP+EF,*,F,결정했자,Inflect,VV,EF,결정하/VV/*+었/EP/*+자/EF/*
결정했으세요,0,0,-500,VV+EP+EF,*,F,결정했으세요,Inflect,VV,EF,결정하/VV/*+었/EP/*+세요/EF/*
결정하시다,0,0,-500,VV+EP+EF,*,F,결정하시다,Inflect,VV,EF,결정하/VV/*+시/EP/*+다/EF/*
결정하셔요,0,0,-500,VV+EP+EF,*,F,결정하셔요,Inflect,VV,EF,결정하/VV/*+시/EP/*+요/EF/*
결정하십니다,0,0,-500,VV+EP+EF,*,F,결정하십니다,Inflect,VV,EF,결정하/VV/*+시/EP/*+ㅂ니다/EF/*
결정하시습니다,0,0,-500,VV+EP+EF,*,F,결정하시습니다,Inflect,VV,EF,결정하/VV/*+시/EP/*+습니다/EF/*
결정하실까,0,0,-500,VV+EP+EF,*,F,결정하실까,Inflect,VV,EF,결정하/VV/*+시/EP/*+ㄹ까/EF/*
결정하실까요,0,0,-500,VV+EP+EF,*,F,결정하실까요,Inflect,VV,EF,결정하/VV/*+시/EP/*+ㄹ까요/EF/*
결정하실게요,0,0,-500,VV+EP+EF,*,F,결정하실게요,Inflect,VV,EF,결정하/VV/*+시/EP/*+ㄹ게요/EF/*
결정하실게,0,0,-500,VV+EP+EF,*,F,결정하실게,Inflect,VV,EF,결정하/VV/*+시/EP/*+ㄹ게/EF/*
결정하시자,0,0,-500,VV+EP+EF,*,F,결정하시자,Inflect,VV,EF,결정하/VV/*+시/EP/*+자/EF/*
결정하시세요,0,0,-500,VV+EP+EF,*,F,결정하시세요,Inflect,VV,EF,결정하/VV/*+시/EP/*+세요/EF/*
결정하겠다,0,0,-500,VV+EP+EF,*,F,결정하겠다,Inflect,VV,EF,결정하/VV/*+겠/EP/*+다/EF/*
결정하겠어요,0,0,-500,VV+EP+EF,*,F,결정하겠어요,Inflect,VV,EF,결정하/VV/*+겠/EP/*+요/EF/*
결정하겠ㅂ니다,0,0,-500,VV+EP+EF,*,F,결정하겠ㅂ니다,Inflect,VV,EF,결정하/VV/*+겠/EP/*+ㅂ니다/EF/*
결정하겠으습니다,0,0,-500,VV+EP+EF,*,F,결정하겠으습니다,Inflect,VV,EF,결정하/VV/*+겠/EP/*+습니다/EF/*
결정하겠ㄹ까,0,0,-500,VV+EP+EF,*,F,결정하겠ㄹ까,Inflect,VV,EF,결정하/VV/*+겠/EP/*+ㄹ까/EF/*
결정하겠ㄹ까요,0,0,-500,VV+EP+EF,*,F,결정하겠ㄹ까요,Inflect,VV,EF,결정하/VV/*+겠/EP/*+ㄹ까요/EF/*
결정하겠ㄹ게요,0,0,-500,VV+EP+EF,*,F,결정하겠ㄹ게요,Inflect,VV,EF,결정하/VV/*+겠/EP/*+ㄹ게요/EF/*
결정하겠ㄹ게,0,0,-500,VV+EP+EF,*,F,결정하겠ㄹ게,Inflect,VV,EF,결정하/VV/*+겠/EP/*+ㄹ게/EF/*
결정하겠자,0,0,-500,VV+EP+EF,*,F,결정하겠자,Inflect,VV,EF,결정하/VV/*+겠/EP/*+자/EF/*
결정하겠으세요,0,0,-500,VV+EP+EF,*,F,결정하겠으세요,Inflect,VV,EF,결정하/VV/*+겠/EP/*+세요/EF/*
선택하는,0,0,-500,VV+ETM,*,T,선택하는,Inflect,VV,ETM,선택하/VV/*+는/ETM/*
선택한,0,0,-500,VV+ETM,*,T,선택한,Inflect,VV,ETM,선택하/VV/*+ㄴ/ETM/*
선택하은,0,0,-500,VV+ETM,*,T,선택하은,Inflect,VV,ETM,선택하/VV/*+은/ETM/*
선택할,0,0,-500,VV+ETM,*,T,선택할,Inflect,VV,ETM,선택하/VV/*+ㄹ/ETM/*
선택하을,0,0,-500,VV+ETM,*,T,선택하을,Inflect,VV,ETM,선택하/VV/*+을/ETM/*
선택하고,0,0,-500,VV+EC,*,F,선택하고,Inflect,VV,EC,선택하/VV/*+고/EC/*
선택해서,0,0,-500,VV+EC,*,F,선택해서,Inflect,VV,EC,선택하/VV/*+서/EC/*
선택하니까,0,0,-500,VV+EC,*,F,선택하니까,Inflect,VV,EC,선택하/VV/*+니까/EC/*
선택하니,0,0,-500,VV+EC,*,F,선택하니,Inflect,VV,EC,선택하/VV/*+니/EC/*
선택하면,0,0,-500,VV+EC,*,T,선택하면,Inflect,VV,EC,선택하/VV/*+면/EC/*
선택하지만,0,0,-500,VV+EC,*,T,선택하지만,Inflect,VV,EC,선택하/VV/*+지만/EC/*
선택하는데,0,0,-500,VV+EC,*,F,선택하는데,Inflect,VV,EC,선택하/VV/*+는데/EC/*
선택한데,0,0,-500,VV+EC,*,F,선택한데,Inflect,VV,EC,선택하/VV/*+ㄴ데/EC/*
선택하은데,0,0,-500,VV+EC,*,F,선택하은데,Inflect,VV,EC,선택하/VV/*+은데/EC/*
선택하면서,0,0,-500,VV+EC,*,F,선택하면서,Inflect,VV,EC,선택하/VV/*+면서/EC/*
선택하며,0,0,-500,VV+EC,*,F,선택하며,Inflect,VV,EC,선택하/VV/*+며/EC/*
선택하러,0,0,-500,VV+EC,*,F,선택하러,Inflect,VV,EC,선택하/VV/*+러/EC/*
선택하려고,0,0,-500,VV+EC,*,F,선택하려고,Inflect,VV,EC,선택하/VV/*+려고/EC/*
선택하려,0,0,-500,VV+EC,*,F,선택하려,Inflect,VV,EC,선택하/VV/*+려/EC/*
선택해도,0,0,-500,VV+EC,*,F,선택해도,Inflect,VV,EC,선택하/VV/*+도/EC/*
선택하다가,0,0,-500,VV+EC,*,F,선택하다가,Inflect,VV,EC,선택하/VV/*+다가/EC/*
선택하자,0,0,-500,VV+EC,*,F,선택하자,Inflect,VV,EC,선택하/VV/*+자/EC/*
선택하자마자,0,0,-500,VV+EC,*,F,선택하자마자,Inflect,VV,EC,선택하/VV/*+자마자/EC/*
선택하고서,0,0,-500,VV+EC,*,F,선택하고서,Inflect,VV,EC,선택하/VV/*+고서/EC/*
선택하고나서,0,0,-500,VV+EC,*,F,선택하고나서,Inflect,VV,EC,선택하/VV/*+고나서/EC/*
선택하도록,0,0,-500,VV+EC,*,T,선택하도록,Inflect,VV,EC,선택하/VV/*+도록/EC/*
선택하게,0,0,-500,VV+EC,*,F,선택하게,Inflect,VV,EC,선택하/VV/*+게/EC/*
선택하더라도,0,0,-500,VV+EC,*,F,선택하더라도,Inflect,VV,EC,선택하/VV/*+더라도/EC/*
선택할지라도,0,0,-500,VV+EC,*,F,선택할지라도,Inflect,VV,EC,선택하/VV/*+ㄹ지라도/EC/*
선택하을지라도,0,0,-500,VV+EC,*,F,선택하을지라도,Inflect,VV,EC,선택하/VV/*+을지라도/EC/*
선택할수록,0,0,-500,VV+EC,*,T,선택할수록,Inflect,VV,EC,선택하/VV/*+ㄹ수록/EC/*
선택하을수록,0,0,-500,VV+EC,*,T,선택하을수록,Inflect,VV,EC,선택하/VV/*+을수록/EC/*
선택하다고,0,0,-500,VV+EC,*,F,선택하다고,Inflect,VV,EC,선택하/VV/*+다고/EC/*
선택하라고,0,0,-500,VV+EC,*,F,선택하라고,Inflect,VV,EC,선택하/VV/*+라고/EC/*
선택하냐고,0,0,-500,VV+EC,*,F,선택하냐고,Inflect,VV,EC,선택하/VV/*+냐고/EC/*
선택하지,0,0,-500,VV+EC,*,F,선택하지,Inflect,VV,EC,선택하/VV/*+지/EC/*
선택하거나,0,0,-500,VV+EC,*,F,선택하거나,Inflect,VV,EC,선택하/VV/*+거나/EC/*
선택하든지,0,0,-500,VV+EC,*,F,선택하든지,Inflect,VV,EC,선택하/VV/*+든지/EC/*
선택하듯이,0,0,-500,VV+EC,*,F,선택하듯이,Inflect,VV,EC,선택하/VV/*+듯이/EC/*
선택하듯,0,0,-500,VV+EC,*,T,선택하듯,Inflect,VV,EC,선택하/VV/*+듯/EC/*
선택하다,0,0,-500,VV+EF,*,F,선택하다,Inflect,VV,EF,선택하/VV/*+다/EF/*
선택해요,0,0,-500,VV+EF,*,F,선택해요,Inflect,VV,EF,선택하/VV/*+요/EF/*
선택합니다,0,0,-500,VV+EF,*,F,선택합니다,Inflect,VV,EF,선택하/VV/*+ㅂ니다/EF/*
선택하습니다,0,0,-500,VV+EF,*,F,선택하습니다,Inflect,VV,EF,선택하/VV/*+습니다/EF/*
선택할까,0,0,-500,VV+EF,*,F,선택할까,Inflect,VV,EF,선택하/VV/*+ㄹ까/EF/*
선택할까요,0,0,-500,VV+EF,*,F,선택할까요,Inflect,VV,EF,선택하/VV/*+ㄹ까요/EF/*
선택할게요,0,0,-500,VV+EF,*,F,선택할게요,Inflect,VV,EF,선택하/VV/*+ㄹ게요/EF/*
선택할게,0,0,-500,VV+EF,*,F,선택할게,Inflect,VV,EF,선택하/VV/*+ㄹ게/EF/*
선택하자,0,0,-500,VV+EF,*,F,선택하자,Inflect,VV,EF,선택하/VV/*+자/EF/*
선택하세요,0,0,-500,VV+EF,*,F,선택하세요,Inflect,VV,EF,선택하/VV/*+세요/EF/*
선택했다,0,0,-500,VV+EP+EF,*,F,선택했다,Inflect,VV,EF,선택하/VV/*+았/EP/*+다/EF/*
선택했어요,0,0,-500,VV+EP+EF,*,F,선택했어요,Inflect,VV,EF,선택하/VV/*+았/EP/*+요/EF/*
선택했ㅂ니다,0,0,-500,VV+EP+EF,*,F,선택했ㅂ니다,Inflect,VV,EF,선택하/VV/*+았/EP/*+ㅂ니다/EF/*
선택했으습니다,0,0,-500,VV+EP+EF,*,F,선택했으습니다,Inflect,VV,EF,선택하/VV/*+았/EP/*+습니다/EF/*
선택했ㄹ까,0,0,-500,VV+EP+EF,*,F,선택했ㄹ까,Inflect,VV,EF,선택하/VV/*+았/EP/*+ㄹ까/EF/*
선택했ㄹ까요,0,0,-500,VV+EP+EF,*,F,선택했ㄹ까요,Inflect,VV,EF,선택하/VV/*+았/EP/*+ㄹ까요/EF/*
선택했ㄹ게요,0,0,-500,VV+EP+EF,*,F,선택했ㄹ게요,Inflect,VV,EF,선택하/VV/*+았/EP/*+ㄹ게요/EF/*
선택했ㄹ게,0,0,-500,VV+EP+EF,*,F,선택했ㄹ게,Inflect,VV,EF,선택하/VV/*+았/EP/*+ㄹ게/EF/*
선택했자,0,0,-500,VV+EP+EF,*,F,선택했자,Inflect,VV,EF,선택하/VV/*+았/EP/*+자/EF/*
선택했으세요,0,0,-500,VV+EP+EF,*,F,선택했으세요,Inflect,VV,EF,선택하/VV/*+았/EP/*+세요/EF/*
선택했다,0,0,-500,VV+EP+EF,*,F,선택했다,Inflect,VV,EF,선택하/VV/*+었/EP/*+다/EF/*
선택했어요,0,0,-500,VV+EP+EF,*,F,선택했어요,Inflect,VV,EF,선택하/VV/*+었/EP/*+요/EF/*
선택했ㅂ니다,0,0,-500,VV+EP+EF,*,F,선택했ㅂ니다,Inflect,VV,EF,선택하/VV/*+었/EP/*+ㅂ니다/EF/*
선택했으습니다,0,0,-500,VV+EP+EF,*,F,선택했으습니다,Inflect,VV,EF,선택하/VV/*+었/EP/*+습니다/EF/*
선택했ㄹ까,0,0,-500,VV+EP+EF,*,F,선택했ㄹ까,Inflect,VV,EF,선택하/VV/*+었/EP/*+ㄹ까/EF/*
선택했ㄹ까요,0,0,-500,VV+EP+EF,*,F,선택했ㄹ까요,Inflect,VV,EF,선택하/VV/*+었/EP/*+ㄹ까요/EF/*
선택했ㄹ게요,0,0,-500,VV+EP+EF,*,F,선택했ㄹ게요,Inflect,VV,EF,선택하/VV/*+었/EP/*+ㄹ게요/EF/*
선택했ㄹ게,0,0,-500,VV+EP+EF,*,F,선택했ㄹ게,Inflect,VV,EF,선택하/VV/*+었/EP/*+ㄹ게/EF/*
선택했자,0,0,-500,VV+EP+EF,*,F,선택했자,Inflect,VV,EF,선택하/VV/*+었/EP/*+자/EF/*
선택했으세요,0,0,-500,VV+EP+EF,*,F,선택했으세요,Inflect,VV,EF,선택하/VV/*+었/EP/*+세요/EF/*
선택하시다,0,0,-500,VV+EP+EF,*,F,선택하시다,Inflect,VV,EF,선택하/VV/*+시/EP/*+다/EF/*
선택하셔요,0,0,-500,VV+EP+EF,*,F,선택하셔요,Inflect,VV,EF,선택하/VV/*+시/EP/*+요/EF/*
선택하십니다,0,0,-500,VV+EP+EF,*,F,선택하십니다,Inflect,VV,EF,선택하/VV/*+시/EP/*+ㅂ니다/EF/*
선택하시습니다,0,0,-500,VV+EP+EF,*,F,선택하시습니다,Inflect,VV,EF,선택하/VV/*+시/EP/*+습니다/EF/*
선택하실까,0,0,-500,VV+EP+EF,*,F,선택하실까,Inflect,VV,EF,선택하/VV/*+시/EP/*+ㄹ까/EF/*
선택하실까요,0,0,-500,VV+EP+EF,*,F,선택하실까요,Inflect,VV,EF,선택하/VV/*+시/EP/*+ㄹ까요/EF/*
선택하실게요,0,0,-500,VV+EP+EF,*,F,선택하실게요,Inflect,VV,EF,선택하/VV/*+시/EP/*+ㄹ게요/EF/*
선택하실게,0,0,-500,VV+EP+EF,*,F,선택하실게,Inflect,VV,EF,선택하/VV/*+시/EP/*+ㄹ게/EF/*
선택하시자,0,0,-500,VV+EP+EF,*,F,선택하시자,Inflect,VV,EF,선택하/VV/*+시/EP/*+자/EF/*
선택하시세요,0,0,-500,VV+EP+EF,*,F,선택하시세요,Inflect,VV,EF,선택하/VV/*+시/EP/*+세요/EF/*
선택하겠다,0,0,-500,VV+EP+EF,*,F,선택하겠다,Inflect,VV,EF,선택하/VV/*+겠/EP/*+다/EF/*
선택하겠어요,0,0,-500,VV+EP+EF,*,F,선택하겠어요,Inflect,VV,EF,선택하/VV/*+겠/EP/*+요/EF/*
선택하겠ㅂ니다,0,0,-500,VV+EP+EF,*,F,선택하겠ㅂ니다,Inflect,VV,EF,선택하/VV/*+겠/EP/*+ㅂ니다/EF/*
선택하겠으습니다,0,0,-500,VV+EP+EF,*,F,선택하겠으습니다,Inflect,VV,EF,선택하/VV/*+겠/EP/*+습니다/EF/*
선택하겠ㄹ까,0,0,-500,VV+EP+EF,*,F,선택하겠ㄹ까,Inflect,VV,EF,선택하/VV/*+겠/EP/*+ㄹ까/EF/*
선택하겠ㄹ까요,0,0,-500,VV+EP+EF,*,F,선택하겠ㄹ까요,Inflect,VV,EF,선택하/VV/*+겠/EP/*+ㄹ까요/EF/*
선택하겠ㄹ게요,0,0,-500,VV+EP+EF,*,F,선택하겠ㄹ게요,Inflect,VV,EF,선택하/VV/*+겠/EP/*+ㄹ게요/EF/*
선택하겠ㄹ게,0,0,-500,VV+EP+EF,*,F,선택하겠ㄹ게,Inflect,VV,EF,선택하/VV/*+겠/EP/*+ㄹ게/EF/*
선택하겠자,0,0,-500,VV+EP+EF,*,F,선택하겠자,Inflect,VV,EF,선택하/VV/*+겠/EP/*+자/EF/*
선택하겠으세요,0,0,-500,VV+EP+EF,*,F,선택하겠으세요,Inflect,VV,EF,선택하/VV/*+겠/EP/*+세요/EF/*
변화하는,0,0,-500,VV+ETM,*,T,변화하는,Inflect,VV,ETM,변화하/VV/*+는/ETM/*
변화한,0,0,-500,VV+ETM,*,T,변화한,Inflect,VV,ETM,변화하/VV/*+ㄴ/ETM/*
변화하은,0,0,-500,VV+ETM,*,T,변화하은,Inflect,VV,ETM,변화하/VV/*+은/ETM/*
변화할,0,0,-500,VV+ETM,*,T,변화할,Inflect,VV,ETM,변화하/VV/*+ㄹ/ETM/*
변화하을,0,0,-500,VV+ETM,*,T,변화하을,Inflect,VV,ETM,변화하/VV/*+을/ETM/*
변화하고,0,0,-500,VV+EC,*,F,변화하고,Inflect,VV,EC,변화하/VV/*+고/EC/*
변화해서,0,0,-500,VV+EC,*,F,변화해서,Inflect,VV,EC,변화하/VV/*+서/EC/*
변화하니까,0,0,-500,VV+EC,*,F,변화하니까,Inflect,VV,EC,변화하/VV/*+니까/EC/*
변화하니,0,0,-500,VV+EC,*,F,변화하니,Inflect,VV,EC,변화하/VV/*+니/EC/*
변화하면,0,0,-500,VV+EC,*,T,변화하면,Inflect,VV,EC,변화하/VV/*+면/EC/*
변화하지만,0,0,-500,VV+EC,*,T,변화하지만,Inflect,VV,EC,변화하/VV/*+지만/EC/*
변화하는데,0,0,-500,VV+EC,*,F,변화하는데,Inflect,VV,EC,변화하/VV/*+는데/EC/*
변화한데,0,0,-500,VV+EC,*,F,변화한데,Inflect,VV,EC,변화하/VV/*+ㄴ데/EC/*
변화하은데,0,0,-500,VV+EC,*,F,변화하은데,Inflect,VV,EC,변화하/VV/*+은데/EC/*
변화하면서,0,0,-500,VV+EC,*,F,변화하면서,Inflect,VV,EC,변화하/VV/*+면서/EC/*
변화하며,0,0,-500,VV+EC,*,F,변화하며,Inflect,VV,EC,변화하/VV/*+며/EC/*
변화하러,0,0,-500,VV+EC,*,F,변화하러,Inflect,VV,EC,변화하/VV/*+러/EC/*
변화하려고,0,0,-500,VV+EC,*,F,변화하려고,Inflect,VV,EC,변화하/VV/*+려고/EC/*
변화하려,0,0,-500,VV+EC,*,F,변화하려,Inflect,VV,EC,변화하/VV/*+려/EC/*
변화해도,0,0,-500,VV+EC,*,F,변화해도,Inflect,VV,EC,변화하/VV/*+도/EC/*
변화하다가,0,0,-500,VV+EC,*,F,변화하다가,Inflect,VV,EC,변화하/VV/*+다가/EC/*
변화하자,0,0,-500,VV+EC,*,F,변화하자,Inflect,VV,EC,변화하/VV/*+자/EC/*
변화하자마자,0,0,-500,VV+EC,*,F,변화하자마자,Inflect,VV,EC,변화하/VV/*+자마자/EC/*
변화하고서,0,0,-500,VV+EC,*,F,변화하고서,Inflect,VV,EC,변화하/VV/*+고서/EC/*
변화하고나서,0,0,-500,VV+EC,*,F,변화하고나서,Inflect,VV,EC,변화하/VV/*+고나서/EC/*
변화하도록,0,0,-500,VV+EC,*,T,변화하도록,Inflect,VV,EC,변화하/VV/*+도록/EC/*
변화하게,0,0,-500,VV+EC,*,F,변화하게,Inflect,VV,EC,변화하/VV/*+게/EC/*
변화하더라도,0,0,-500,VV+EC,*,F,변화하더라도,Inflect,VV,EC,변화하/VV/*+더라도/EC/*
변화할지라도,0,0,-500,VV+EC,*,F,변화할지라도,Inflect,VV,EC,변화하/VV/*+ㄹ지라도/EC/*
변화하을지라도,0,0,-500,VV+EC,*,F,변화하을지라도,Inflect,VV,EC,변화하/VV/*+을지라도/EC/*
변화할수록,0,0,-500,VV+EC,*,T,변화할수록,Inflect,VV,EC,변화하/VV/*+ㄹ수록/EC/*
변화하을수록,0,0,-500,VV+EC,*,T,변화하을수록,Inflect,VV,EC,변화하/VV/*+을수록/EC/*
변화하다고,0,0,-500,VV+EC,*,F,변화하다고,Inflect,VV,EC,변화하/VV/*+다고/EC/*
변화하라고,0,0,-500,VV+EC,*,F,변화하라고,Inflect,VV,EC,변화하/VV/*+라고/EC/*
변화하냐고,0,0,-500,VV+EC,*,F,변화하냐고,Inflect,VV,EC,변화하/VV/*+냐고/EC/*
변화하지,0,0,-500,VV+EC,*,F,변화하지,Inflect,VV,EC,변화하/VV/*+지/EC/*
변화하거나,0,0,-500,VV+EC,*,F,변화하거나,Inflect,VV,EC,변화하/VV/*+거나/EC/*
변화하든지,0,0,-500,VV+EC,*,F,변화하든지,Inflect,VV,EC,변화하/VV/*+든지/EC/*
변화하듯이,0,0,-500,VV+EC,*,F,변화하듯이,Inflect,VV,EC,변화하/VV/*+듯이/EC/*
변화하듯,0,0,-500,VV+EC,*,T,변화하듯,Inflect,VV,EC,변화하/VV/*+듯/EC/*
변화하다,0,0,-500,VV+EF,*,F,변화하다,Inflect,VV,EF,변화하/VV/*+다/EF/*
변화해요,0,0,-500,VV+EF,*,F,변화해요,Inflect,VV,EF,변화하/VV/*+요/EF/*
변화합니다,0,0,-500,VV+EF,*,F,변화합니다,Inflect,VV,EF,변화하/VV/*+ㅂ니다/EF/*
변화하습니다,0,0,-500,VV+EF,*,F,변화하습니다,Inflect,VV,EF,변화하/VV/*+습니다/EF/*
변화할까,0,0,-500,VV+EF,*,F,변화할까,Inflect,VV,EF,변화하/VV/*+ㄹ까/EF/*
변화할까요,0,0,-500,VV+EF,*,F,변화할까요,Inflect,VV,EF,변화하/VV/*+ㄹ까요/EF/*
변화할게요,0,0,-500,VV+EF,*,F,변화할게요,Inflect,VV,EF,변화하/VV/*+ㄹ게요/EF/*
변화할게,0,0,-500,VV+EF,*,F,변화할게,Inflect,VV,EF,변화하/VV/*+ㄹ게/EF/*
변화하자,0,0,-500,VV+EF,*,F,변화하자,Inflect,VV,EF,변화하/VV/*+자/EF/*
변화하세요,0,0,-500,VV+EF,*,F,변화하세요,Inflect,VV,EF,변화하/VV/*+세요/EF/*
변화했다,0,0,-500,VV+EP+EF,*,F,변화했다,Inflect,VV,EF,변화하/VV/*+았/EP/*+다/EF/*
변화했어요,0,0,-500,VV+EP+EF,*,F,변화했어요,Inflect,VV,EF,변화하/VV/*+았/EP/*+요/EF/*
변화했ㅂ니다,0,0,-500,VV+EP+EF,*,F,변화했ㅂ니다,Inflect,VV,EF,변화하/VV/*+았/EP/*+ㅂ니다/EF/*
변화했으습니다,0,0,-500,VV+EP+EF,*,F,변화했으습니다,Inflect,VV,EF,변화하/VV/*+았/EP/*+습니다/EF/*
변화했ㄹ까,0,0,-500,VV+EP+EF,*,F,변화했ㄹ까,Inflect,VV,EF,변화하/VV/*+았/EP/*+ㄹ까/EF/*
변화했ㄹ까요,0,0,-500,VV+EP+EF,*,F,변화했ㄹ까요,Inflect,VV,EF,변화하/VV/*+았/EP/*+ㄹ까요/EF/*
변화했ㄹ게요,0,0,-500,VV+EP+EF,*,F,변화했ㄹ게요,Inflect,VV,EF,변화하/VV/*+았/EP/*+ㄹ게요/EF/*
변화했ㄹ게,0,0,-500,VV+EP+EF,*,F,변화했ㄹ게,Inflect,VV,EF,변화하/VV/*+았/EP/*+ㄹ게/EF/*
변화했자,0,0,-500,VV+EP+EF,*,F,변화했자,Inflect,VV,EF,변화하/VV/*+았/EP/*+자/EF/*
변화했으세요,0,0,-500,VV+EP+EF,*,F,변화했으세요,Inflect,VV,EF,변화하/VV/*+았/EP/*+세요/EF/*
변화했다,0,0,-500,VV+EP+EF,*,F,변화했다,Inflect,VV,EF,변화하/VV/*+었/EP/*+다/EF/*
변화했어요,0,0,-500,VV+EP+EF,*,F,변화했어요,Inflect,VV,EF,변화하/VV/*+었/EP/*+요/EF/*
변화했ㅂ니다,0,0,-500,VV+EP+EF,*,F,변화했ㅂ니다,Inflect,VV,EF,변화하/VV/*+었/EP/*+ㅂ니다/EF/*
변화했으습니다,0,0,-500,VV+EP+EF,*,F,변화했으습니다,Inflect,VV,EF,변화하/VV/*+었/EP/*+습니다/EF/*
변화했ㄹ까,0,0,-500,VV+EP+EF,*,F,변화했ㄹ까,Inflect,VV,EF,변화하/VV/*+었/EP/*+ㄹ까/EF/*
변화했ㄹ까요,0,0,-500,VV+EP+EF,*,F,변화했ㄹ까요,Inflect,VV,EF,변화하/VV/*+었/EP/*+ㄹ까요/EF/*
변화했ㄹ게요,0,0,-500,VV+EP+EF,*,F,변화했ㄹ게요,Inflect,VV,EF,변화하/VV/*+었/EP/*+ㄹ게요/EF/*
변화했ㄹ게,0,0,-500,VV+EP+EF,*,F,변화했ㄹ게,Inflect,VV,EF,변화하/VV/*+었/EP/*+ㄹ게/EF/*
변화했자,0,0,-500,VV+EP+EF,*,F,변화했자,Inflect,VV,EF,변화하/VV/*+었/EP/*+자/EF/*
변화했으세요,0,0,-500,VV+EP+EF,*,F,변화했으세요,Inflect,VV,EF,변화하/VV/*+었/EP/*+세요/EF/*
변화하시다,0,0,-500,VV+EP+EF,*,F,변화하시다,Inflect,VV,EF,변화하/VV/*+시/EP/*+다/EF/*
변화하셔요,0,0,-500,VV+EP+EF,*,F,변화하셔요,Inflect,VV,EF,변화하/VV/*+시/EP/*+요/EF/*
변화하십니다,0,0,-500,VV+EP+EF,*,F,변화하십니다,Inflect,VV,EF,변화하/VV/*+시/EP/*+ㅂ니다/EF/*
변화하시습니다,0,0,-500,VV+EP+EF,*,F,변화하시습니다,Inflect,VV,EF,변화하/VV/*+시/EP/*+습니다/EF/*
변화하실까,0,0,-500,VV+EP+EF,*,F,변화하실까,Inflect,VV,EF,변화하/VV/*+시/EP/*+ㄹ까/EF/*
변화하실까요,0,0,-500,VV+EP+EF,*,F,변화하실까요,Inflect,VV,EF,변화하/VV/*+시/EP/*+ㄹ까요/EF/*
변화하실게요,0,0,-500,VV+EP+EF,*,F,변화하실게요,Inflect,VV,EF,변화하/VV/*+시/EP/*+ㄹ게요/EF/*
변화하실게,0,0,-500,VV+EP+EF,*,F,변화하실게,Inflect,VV,EF,변화하/VV/*+시/EP/*+ㄹ게/EF/*
변화하시자,0,0,-500,VV+EP+EF,*,F,변화하시자,Inflect,VV,EF,변화하/VV/*+시/EP/*+자/EF/*
변화하시세요,0,0,-500,VV+EP+EF,*,F,변화하시세요,Inflect,VV,EF,변화하/VV/*+시/EP/*+세요/EF/*
변화하겠다,0,0,-500,VV+EP+EF,*,F,변화하겠다,Inflect,VV,EF,변화하/VV/*+겠/EP/*+다/EF/*
변화하겠어요,0,0,-500,VV+EP+EF,*,F,변화하겠어요,Inflect,VV,EF,변화하/VV/*+겠/EP/*+요/EF/*
변화하겠ㅂ니다,0,0,-500,VV+EP+EF,*,F,변화하겠ㅂ니다,Inflect,VV,EF,변화하/VV/*+겠/EP/*+ㅂ니다/EF/*
변화하겠으습니다,0,0,-500,VV+EP+EF,*,F,변화하겠으습니다,Inflect,VV,EF,변화하/VV/*+겠/EP/*+습니다/EF/*
변화하겠ㄹ까,0,0,-500,VV+EP+EF,*,F,변화하겠ㄹ까,Inflect,VV,EF,변화하/VV/*+겠/EP/*+ㄹ까/EF/*
변화하겠ㄹ까요,0,0,-500,VV+EP+EF,*,F,변화하겠ㄹ까요,Inflect,VV,EF,변화하/VV/*+겠/EP/*+ㄹ까요/EF/*
변화하겠ㄹ게요,0,0,-500,VV+EP+EF,*,F,변화하겠ㄹ게요,Inflect,VV,EF,변화하/VV/*+겠/EP/*+ㄹ게요/EF/*
변화하겠ㄹ게,0,0,-500,VV+EP+EF,*,F,변화하겠ㄹ게,Inflect,VV,EF,변화하/VV/*+겠/EP/*+ㄹ게/EF/*
변화하겠자,0,0,-500,VV+EP+EF,*,F,변화하겠자,Inflect,VV,EF,변화하/VV/*+겠/EP/*+자/EF/*
변화하겠으세요,0,0,-500,VV+EP+EF,*,F,변화하겠으세요,Inflect,VV,EF,변화하/VV/*+겠/EP/*+세요/EF/*
발전하는,0,0,-500,VV+ETM,*,T,발전하는,Inflect,VV,ETM,발전하/VV/*+는/ETM/*
발전한,0,0,-500,VV+ETM,*,T,발전한,Inflect,VV,ETM,발전하/VV/*+ㄴ/ETM/*
발전하은,0,0,-500,VV+ETM,*,T,발전하은,Inflect,VV,ETM,발전하/VV/*+은/ETM/*
발전할,0,0,-500,VV+ETM,*,T,발전할,Inflect,VV,ETM,발전하/VV/*+ㄹ/ETM/*
발전하을,0,0,-500,VV+ETM,*,T,발전하을,Inflect,VV,ETM,발전하/VV/*+을/ETM/*
발전하고,0,0,-500,VV+EC,*,F,발전하고,Inflect,VV,EC,발전하/VV/*+고/EC/*
발전해서,0,0,-500,VV+EC,*,F,발전해서,Inflect,VV,EC,발전하/VV/*+서/EC/*
발전하니까,0,0,-500,VV+EC,*,F,발전하니까,Inflect,VV,EC,발전하/VV/*+니까/EC/*
발전하니,0,0,-500,VV+EC,*,F,발전하니,Inflect,VV,EC,발전하/VV/*+니/EC/*
발전하면,0,0,-500,VV+EC,*,T,발전하면,Inflect,VV,EC,발전하/VV/*+면/EC/*
발전하지만,0,0,-500,VV+EC,*,T,발전하지만,Inflect,VV,EC,발전하/VV/*+지만/EC/*
발전하는데,0,0,-500,VV+EC,*,F,발전하는데,Inflect,VV,EC,발전하/VV/*+는데/EC/*
발전한데,0,0,-500,VV+EC,*,F,발전한데,Inflect,VV,EC,발전하/VV/*+ㄴ데/EC/*
발전하은데,0,0,-500,VV+EC,*,F,발전하은데,Inflect,VV,EC,발전하/VV/*+은데/EC/*
발전하면서,0,0,-500,VV+EC,*,F,발전하면서,Inflect,VV,EC,발전하/VV/*+면서/EC/*
발전하며,0,0,-500,VV+EC,*,F,발전하며,Inflect,VV,EC,발전하/VV/*+며/EC/*
발전하러,0,0,-500,VV+EC,*,F,발전하러,Inflect,VV,EC,발전하/VV/*+러/EC/*
발전하려고,0,0,-500,VV+EC,*,F,발전하려고,Inflect,VV,EC,발전하/VV/*+려고/EC/*
발전하려,0,0,-500,VV+EC,*,F,발전하려,Inflect,VV,EC,발전하/VV/*+려/EC/*
발전해도,0,0,-500,VV+EC,*,F,발전해도,Inflect,VV,EC,발전하/VV/*+도/EC/*
발전하다가,0,0,-500,VV+EC,*,F,발전하다가,Inflect,VV,EC,발전하/VV/*+다가/EC/*
발전하자,0,0,-500,VV+EC,*,F,발전하자,Inflect,VV,EC,발전하/VV/*+자/EC/*
발전하자마자,0,0,-500,VV+EC,*,F,발전하자마자,Inflect,VV,EC,발전하/VV/*+자마자/EC/*
발전하고서,0,0,-500,VV+EC,*,F,발전하고서,Inflect,VV,EC,발전하/VV/*+고서/EC/*
발전하고나서,0,0,-500,VV+EC,*,F,발전하고나서,Inflect,VV,EC,발전하/VV/*+고나서/EC/*
발전하도록,0,0,-500,VV+EC,*,T,발전하도록,Inflect,VV,EC,발전하/VV/*+도록/EC/*
발전하게,0,0,-500,VV+EC,*,F,발전하게,Inflect,VV,EC,발전하/VV/*+게/EC/*
발전하더라도,0,0,-500,VV+EC,*,F,발전하더라도,Inflect,VV,EC,발전하/VV/*+더라도/EC/*
발전할지라도,0,0,-500,VV+EC,*,F,발전할지라도,Inflect,VV,EC,발전하/VV/*+ㄹ지라도/EC/*
발전하을지라도,0,0,-500,VV+EC,*,F,발전하을지라도,Inflect,VV,EC,발전하/VV/*+을지라도/EC/*
발전할수록,0,0,-500,VV+EC,*,T,발전할수록,Inflect,VV,EC,발전하/VV/*+ㄹ수록/EC/*
발전하을수록,0,0,-500,VV+EC,*,T,발전하을수록,Inflect,VV,EC,발전하/VV/*+을수록/EC/*
발전하다고,0,0,-500,VV+EC,*,F,발전하다고,Inflect,VV,EC,발전하/VV/*+다고/EC/*
발전하라고,0,0,-500,VV+EC,*,F,발전하라고,Inflect,VV,EC,발전하/VV/*+라고/EC/*
발전하냐고,0,0,-500,VV+EC,*,F,발전하냐고,Inflect,VV,EC,발전하/VV/*+냐고/EC/*
발전하지,0,0,-500,VV+EC,*,F,발전하지,Inflect,VV,EC,발전하/VV/*+지/EC/*
발전하거나,0,0,-500,VV+EC,*,F,발전하거나,Inflect,VV,EC,발전하/VV/*+거나/EC/*
발전하든지,0,0,-500,VV+EC,*,F,발전하든지,Inflect,VV,EC,발전하/VV/*+든지/EC/*
발전하듯이,0,0,-500,VV+EC,*,F,발전하듯이,Inflect,VV,EC,발전하/VV/*+듯이/EC/*
발전하듯,0,0,-500,VV+EC,*,T,발전하듯,Inflect,VV,EC,발전하/VV/*+듯/EC/*
발전하다,0,0,-500,VV+EF,*,F,발전하다,Inflect,VV,EF,발전하/VV/*+다/EF/*
발전해요,0,0,-500,VV+EF,*,F,발전해요,Inflect,VV,EF,발전하/VV/*+요/EF/*
발전합니다,0,0,-500,VV+EF,*,F,발전합니다,Inflect,VV,EF,발전하/VV/*+ㅂ니다/EF/*
발전하습니다,0,0,-500,VV+EF,*,F,발전하습니다,Inflect,VV,EF,발전하/VV/*+습니다/EF/*
발전할까,0,0,-500,VV+EF,*,F,발전할까,Inflect,VV,EF,발전하/VV/*+ㄹ까/EF/*
발전할까요,0,0,-500,VV+EF,*,F,발전할까요,Inflect,VV,EF,발전하/VV/*+ㄹ까요/EF/*
발전할게요,0,0,-500,VV+EF,*,F,발전할게요,Inflect,VV,EF,발전하/VV/*+ㄹ게요/EF/*
발전할게,0,0,-500,VV+EF,*,F,발전할게,Inflect,VV,EF,발전하/VV/*+ㄹ게/EF/*
발전하자,0,0,-500,VV+EF,*,F,발전하자,Inflect,VV,EF,발전하/VV/*+자/EF/*
발전하세요,0,0,-500,VV+EF,*,F,발전하세요,Inflect,VV,EF,발전하/VV/*+세요/EF/*
발전했다,0,0,-500,VV+EP+EF,*,F,발전했다,Inflect,VV,EF,발전하/VV/*+았/EP/*+다/EF/*
발전했어요,0,0,-500,VV+EP+EF,*,F,발전했어요,Inflect,VV,EF,발전하/VV/*+았/EP/*+요/EF/*
발전했ㅂ니다,0,0,-500,VV+EP+EF,*,F,발전했ㅂ니다,Inflect,VV,EF,발전하/VV/*+았/EP/*+ㅂ니다/EF/*
발전했으습니다,0,0,-500,VV+EP+EF,*,F,발전했으습니다,Inflect,VV,EF,발전하/VV/*+았/EP/*+습니다/EF/*
발전했ㄹ까,0,0,-500,VV+EP+EF,*,F,발전했ㄹ까,Inflect,VV,EF,발전하/VV/*+았/EP/*+ㄹ까/EF/*
발전했ㄹ까요,0,0,-500,VV+EP+EF,*,F,발전했ㄹ까요,Inflect,VV,EF,발전하/VV/*+았/EP/*+ㄹ까요/EF/*
발전했ㄹ게요,0,0,-500,VV+EP+EF,*,F,발전했ㄹ게요,Inflect,VV,EF,발전하/VV/*+았/EP/*+ㄹ게요/EF/*
발전했ㄹ게,0,0,-500,VV+EP+EF,*,F,발전했ㄹ게,Inflect,VV,EF,발전하/VV/*+았/EP/*+ㄹ게/EF/*
발전했자,0,0,-500,VV+EP+EF,*,F,발전했자,Inflect,VV,EF,발전하/VV/*+았/EP/*+자/EF/*
발전했으세요,0,0,-500,VV+EP+EF,*,F,발전했으세요,Inflect,VV,EF,발전하/VV/*+았/EP/*+세요/EF/*
발전했다,0,0,-500,VV+EP+EF,*,F,발전했다,Inflect,VV,EF,발전하/VV/*+었/EP/*+다/EF/*
발전했어요,0,0,-500,VV+EP+EF,*,F,발전했어요,Inflect,VV,EF,발전하/VV/*+었/EP/*+요/EF/*
발전했ㅂ니다,0,0,-500,VV+EP+EF,*,F,발전했ㅂ니다,Inflect,VV,EF,발전하/VV/*+었/EP/*+ㅂ니다/EF/*
발전했으습니다,0,0,-500,VV+EP+EF,*,F,발전했으습니다,Inflect,VV,EF,발전하/VV/*+었/EP/*+습니다/EF/*
발전했ㄹ까,0,0,-500,VV+EP+EF,*,F,발전했ㄹ까,Inflect,VV,EF,발전하/VV/*+었/EP/*+ㄹ까/EF/*
발전했ㄹ까요,0,0,-500,VV+EP+EF,*,F,발전했ㄹ까요,Inflect,VV,EF,발전하/VV/*+었/EP/*+ㄹ까요/EF/*
발전했ㄹ게요,0,0,-500,VV+EP+EF,*,F,발전했ㄹ게요,Inflect,VV,EF,발전하/VV/*+었/EP/*+ㄹ게요/EF/*
발전했ㄹ게,0,0,-500,VV+EP+EF,*,F,발전했ㄹ게,Inflect,VV,EF,발전하/VV/*+었/EP/*+ㄹ게/EF/*
발전했자,0,0,-500,VV+EP+EF,*,F,발전했자,Inflect,VV,EF,발전하/VV/*+었/EP/*+자/EF/*
발전했으세요,0,0,-500,VV+EP+EF,*,F,발전했으세요,Inflect,VV,EF,발전하/VV/*+었/EP/*+세요/EF/*
발전하시다,0,0,-500,VV+EP+EF,*,F,발전하시다,Inflect,VV,EF,발전하/VV/*+시/EP/*+다/EF/*
발전하셔요,0,0,-500,VV+EP+EF,*,F,발전하셔요,Inflect,VV,EF,발전하/VV/*+시/EP/*+요/EF/*
발전하십니다,0,0,-500,VV+EP+EF,*,F,발전하십니다,Inflect,VV,EF,발전하/VV/*+시/EP/*+ㅂ니다/EF/*
발전하시습니다,0,0,-500,VV+EP+EF,*,F,발전하시습니다,Inflect,VV,EF,발전하/VV/*+시/EP/*+습니다/EF/*
발전하실까,0,0,-500,VV+EP+EF,*,F,발전하실까,Inflect,VV,EF,발전하/VV/*+시/EP/*+ㄹ까/EF/*
발전하실까요,0,0,-500,VV+EP+EF,*,F,발전하실까요,Inflect,VV,EF,발전하/VV/*+시/EP/*+ㄹ까요/EF/*
발전하실게요,0,0,-500,VV+EP+EF,*,F,발전하실게요,Inflect,VV,EF,발전하/VV/*+시/EP/*+ㄹ게요/EF/*
발전하실게,0,0,-500,VV+EP+EF,*,F,발전하실게,Inflect,VV,EF,발전하/VV/*+시/EP/*+ㄹ게/EF/*
발전하시자,0,0,-500,VV+EP+EF,*,F,발전하시자,Inflect,VV,EF,발전하/VV/*+시/EP/*+자/EF/*
발전하시세요,0,0,-500,VV+EP+EF,*,F,발전하시세요,Inflect,VV,EF,발전하/VV/*+시/EP/*+세요/EF/*
발전하겠다,0,0,-500,VV+EP+EF,*,F,발전하겠다,Inflect,VV,EF,발전하/VV/*+겠/EP/*+다/EF/*
발전하겠어요,0,0,-500,VV+EP+EF,*,F,발전하겠어요,Inflect,VV,EF,발전하/VV/*+겠/EP/*+요/EF/*
발전하겠ㅂ니다,0,0,-500,VV+EP+EF,*,F,발전하겠ㅂ니다,Inflect,VV,EF,발전하/VV/*+겠/EP/*+ㅂ니다/EF/*
발전하겠으습니다,0,0,-500,VV+EP+EF,*,F,발전하겠으습니다,Inflect,VV,EF,발전하/VV/*+겠/EP/*+습니다/EF/*
발전하겠ㄹ까,0,0,-500,VV+EP+EF,*,F,발전하겠ㄹ까,Inflect,VV,EF,발전하/VV/*+겠/EP/*+ㄹ까/EF/*
발전하겠ㄹ까요,0,0,-500,VV+EP+EF,*,F,발전하겠ㄹ까요,Inflect,VV,EF,발전하/VV/*+겠/EP/*+ㄹ까요/EF/*
발전하겠ㄹ게요,0,0,-500,VV+EP+EF,*,F,발전하겠ㄹ게요,Inflect,VV,EF,발전하/VV/*+겠/EP/*+ㄹ게요/EF/*
발전하겠ㄹ게,0,0,-500,VV+EP+EF,*,F,발전하겠ㄹ게,Inflect,VV,EF,발전하/VV/*+겠/EP/*+ㄹ게/EF/*
발전하겠자,0,0,-500,VV+EP+EF,*,F,발전하겠자,Inflect,VV,EF,발전하/VV/*+겠/EP/*+자/EF/*
발전하겠으세요,0,0,-500,VV+EP+EF,*,F,발전하겠으세요,Inflect,VV,EF,발전하/VV/*+겠/EP/*+세요/EF/*
노력하는,0,0,-500,VV+ETM,*,T,노력하는,Inflect,VV,ETM,노력하/VV/*+는/ETM/*
노력한,0,0,-500,VV+ETM,*,T,노력한,Inflect,VV,ETM,노력하/VV/*+ㄴ/ETM/*
노력하은,0,0,-500,VV+ETM,*,T,노력하은,Inflect,VV,ETM,노력하/VV/*+은/ETM/*
노력할,0,0,-500,VV+ETM,*,T,노력할,Inflect,VV,ETM,노력하/VV/*+ㄹ/ETM/*
노력하을,0,0,-500,VV+ETM,*,T,노력하을,Inflect,VV,ETM,노력하/VV/*+을/ETM/*
노력하고,0,0,-500,VV+EC,*,F,노력하고,Inflect,VV,EC,노력하/VV/*+고/EC/*
노력해서,0,0,-500,VV+EC,*,F,노력해서,Inflect,VV,EC,노력하/VV/*+서/EC/*
노력하니까,0,0,-500,VV+EC,*,F,노력하니까,Inflect,VV,EC,노력하/VV/*+니까/EC/*
노력하니,0,0,-500,VV+EC,*,F,노력하니,Inflect,VV,EC,노력하/VV/*+니/EC/*
노력하면,0,0,-500,VV+EC,*,T,노력하면,Inflect,VV,EC,노력하/VV/*+면/EC/*
노력하지만,0,0,-500,VV+EC,*,T,노력하지만,Inflect,VV,EC,노력하/VV/*+지만/EC/*
노력하는데,0,0,-500,VV+EC,*,F,노력하는데,Inflect,VV,EC,노력하/VV/*+는데/EC/*
노력한데,0,0,-500,VV+EC,*,F,노력한데,Inflect,VV,EC,노력하/VV/*+ㄴ데/EC/*
노력하은데,0,0,-500,VV+EC,*,F,노력하은데,Inflect,VV,EC,노력하/VV/*+은데/EC/*
노력하면서,0,0,-500,VV+EC,*,F,노력하면서,Inflect,VV,EC,노력하/VV/*+면서/EC/*
노력하며,0,0,-500,VV+EC,*,F,노력하며,Inflect,VV,EC,노력하/VV/*+며/EC/*
노력하러,0,0,-500,VV+EC,*,F,노력하러,Inflect,VV,EC,노력하/VV/*+러/EC/*
노력하려고,0,0,-500,VV+EC,*,F,노력하려고,Inflect,VV,EC,노력하/VV/*+려고/EC/*
노력하려,0,0,-500,VV+EC,*,F,노력하려,Inflect,VV,EC,노력하/VV/*+려/EC/*
노력해도,0,0,-500,VV+EC,*,F,노력해도,Inflect,VV,EC,노력하/VV/*+도/EC/*
노력하다가,0,0,-500,VV+EC,*,F,노력하다가,Inflect,VV,EC,노력하/VV/*+다가/EC/*
노력하자,0,0,-500,VV+EC,*,F,노력하자,Inflect,VV,EC,노력하/VV/*+자/EC/*
노력하자마자,0,0,-500,VV+EC,*,F,노력하자마자,Inflect,VV,EC,노력하/VV/*+자마자/EC/*
노력하고서,0,0,-500,VV+EC,*,F,노력하고서,Inflect,VV,EC,노력하/VV/*+고서/EC/*
노력하고나서,0,0,-500,VV+EC,*,F,노력하고나서,Inflect,VV,EC,노력하/VV/*+고나서/EC/*
노력하도록,0,0,-500,VV+EC,*,T,노력하도록,Inflect,VV,EC,노력하/VV/*+도록/EC/*
노력하게,0,0,-500,VV+EC,*,F,노력하게,Inflect,VV,EC,노력하/VV/*+게/EC/*
노력하더라도,0,0,-500,VV+EC,*,F,노력하더라도,Inflect,VV,EC,노력하/VV/*+더라도/EC/*
노력할지라도,0,0,-500,VV+EC,*,F,노력할지라도,Inflect,VV,EC,노력하/VV/*+ㄹ지라도/EC/*
노력하을지라도,0,0,-500,VV+EC,*,F,노력하을지라도,Inflect,VV,EC,노력하/VV/*+을지라도/EC/*
노력할수록,0,0,-500,VV+EC,*,T,노력할수록,Inflect,VV,EC,노력하/VV/*+ㄹ수록/EC/*
노력하을수록,0,0,-500,VV+EC,*,T,노력하을수록,Inflect,VV,EC,노력하/VV/*+을수록/EC/*
노력하다고,0,0,-500,VV+EC,*,F,노력하다고,Inflect,VV,EC,노력하/VV/*+다고/EC/*
노력하라고,0,0,-500,VV+EC,*,F,노력하라고,Inflect,VV,EC,노력하/VV/*+라고/EC/*
노력하냐고,0,0,-500,VV+EC,*,F,노력하냐고,Inflect,VV,EC,노력하/VV/*+냐고/EC/*
노력하지,0,0,-500,VV+EC,*,F,노력하지,Inflect,VV,EC,노력하/VV/*+지/EC/*
노력하거나,0,0,-500,VV+EC,*,F,노력하거나,Inflect,VV,EC,노력하/VV/*+거나/EC/*
노력하든지,0,0,-500,VV+EC,*,F,노력하든지,Inflect,VV,EC,노력하/VV/*+든지/EC/*
노력하듯이,0,0,-500,VV+EC,*,F,노력하듯이,Inflect,VV,EC,노력하/VV/*+듯이/EC/*
노력하듯,0,0,-500,VV+EC,*,T,노력하듯,Inflect,VV,EC,노력하/VV/*+듯/EC/*
노력하다,0,0,-500,VV+EF,*,F,노력하다,Inflect,VV,EF,노력하/VV/*+다/EF/*
노력해요,0,0,-500,VV+EF,*,F,노력해요,Inflect,VV,EF,노력하/VV/*+요/EF/*
노력합니다,0,0,-500,VV+EF,*,F,노력합니다,Inflect,VV,EF,노력하/VV/*+ㅂ니다/EF/*
노력하습니다,0,0,-500,VV+EF,*,F,노력하습니다,Inflect,VV,EF,노력하/VV/*+습니다/EF/*
노력할까,0,0,-500,VV+EF,*,F,노력할까,Inflect,VV,EF,노력하/VV/*+ㄹ까/EF/*
노력할까요,0,0,-500,VV+EF,*,F,노력할까요,Inflect,VV,EF,노력하/VV/*+ㄹ까요/EF/*
노력할게요,0,0,-500,VV+EF,*,F,노력할게요,Inflect,VV,EF,노력하/VV/*+ㄹ게요/EF/*
노력할게,0,0,-500,VV+EF,*,F,노력할게,Inflect,VV,EF,노력하/VV/*+ㄹ게/EF/*
노력하자,0,0,-500,VV+EF,*,F,노력하자,Inflect,VV,EF,노력하/VV/*+자/EF/*
노력하세요,0,0,-500,VV+EF,*,F,노력하세요,Inflect,VV,EF,노력하/VV/*+세요/EF/*
노력했다,0,0,-500,VV+EP+EF,*,F,노력했다,Inflect,VV,EF,노력하/VV/*+았/EP/*+다/EF/*
노력했어요,0,0,-500,VV+EP+EF,*,F,노력했어요,Inflect,VV,EF,노력하/VV/*+았/EP/*+요/EF/*
노력했ㅂ니다,0,0,-500,VV+EP+EF,*,F,노력했ㅂ니다,Inflect,VV,EF,노력하/VV/*+았/EP/*+ㅂ니다/EF/*
노력했으습니다,0,0,-500,VV+EP+EF,*,F,노력했으습니다,Inflect,VV,EF,노력하/VV/*+았/EP/*+습니다/EF/*
노력했ㄹ까,0,0,-500,VV+EP+EF,*,F,노력했ㄹ까,Inflect,VV,EF,노력하/VV/*+았/EP/*+ㄹ까/EF/*
노력했ㄹ까요,0,0,-500,VV+EP+EF,*,F,노력했ㄹ까요,Inflect,VV,EF,노력하/VV/*+았/EP/*+ㄹ까요/EF/*
노력했ㄹ게요,0,0,-500,VV+EP+EF,*,F,노력했ㄹ게요,Inflect,VV,EF,노력하/VV/*+았/EP/*+ㄹ게요/EF/*
노력했ㄹ게,0,0,-500,VV+EP+EF,*,F,노력했ㄹ게,Inflect,VV,EF,노력하/VV/*+았/EP/*+ㄹ게/EF/*
노력했자,0,0,-500,VV+EP+EF,*,F,노력했자,Inflect,VV,EF,노력하/VV/*+았/EP/*+자/EF/*
노력했으세요,0,0,-500,VV+EP+EF,*,F,노력했으세요,Inflect,VV,EF,노력하/VV/*+았/EP/*+세요/EF/*
노력했다,0,0,-500,VV+EP+EF,*,F,노력했다,Inflect,VV,EF,노력하/VV/*+었/EP/*+다/EF/*
노력했어요,0,0,-500,VV+EP+EF,*,F,노력했어요,Inflect,VV,EF,노력하/VV/*+었/EP/*+요/EF/*
노력했ㅂ니다,0,0,-500,VV+EP+EF,*,F,노력했ㅂ니다,Inflect,VV,EF,노력하/VV/*+었/EP/*+ㅂ니다/EF/*
노력했으습니다,0,0,-500,VV+EP+EF,*,F,노력했으습니다,Inflect,VV,EF,노력하/VV/*+었/EP/*+습니다/EF/*
노력했ㄹ까,0,0,-500,VV+EP+EF,*,F,노력했ㄹ까,Inflect,VV,EF,노력하/VV/*+었/EP/*+ㄹ까/EF/*
노력했ㄹ까요,0,0,-500,VV+EP+EF,*,F,노력했ㄹ까요,Inflect,VV,EF,노력하/VV/*+었/EP/*+ㄹ까요/EF/*
노력했ㄹ게요,0,0,-500,VV+EP+EF,*,F,노력했ㄹ게요,Inflect,VV,EF,노력하/VV/*+었/EP/*+ㄹ게요/EF/*
노력했ㄹ게,0,0,-500,VV+EP+EF,*,F,노력했ㄹ게,Inflect,VV,EF,노력하/VV/*+었/EP/*+ㄹ게/EF/*
노력했자,0,0,-500,VV+EP+EF,*,F,노력했자,Inflect,VV,EF,노력하/VV/*+었/EP/*+자/EF/*
노력했으세요,0,0,-500,VV+EP+EF,*,F,노력했으세요,Inflect,VV,EF,노력하/VV/*+었/EP/*+세요/EF/*
노력하시다,0,0,-500,VV+EP+EF,*,F,노력하시다,Inflect,VV,EF,노력하/VV/*+시/EP/*+다/EF/*
노력하셔요,0,0,-500,VV+EP+EF,*,F,노력하셔요,Inflect,VV,EF,노력하/VV/*+시/EP/*+요/EF/*
노력하십니다,0,0,-500,VV+EP+EF,*,F,노력하십니다,Inflect,VV,EF,노력하/VV/*+시/EP/*+ㅂ니다/EF/*
노력하시습니다,0,0,-500,VV+EP+EF,*,F,노력하시습니다,Inflect,VV,EF,노력하/VV/*+시/EP/*+습니다/EF/*
노력하실까,0,0,-500,VV+EP+EF,*,F,노력하실까,Inflect,VV,EF,노력하/VV/*+시/EP/*+ㄹ까/EF/*
노력하실까요,0,0,-500,VV+EP+EF,*,F,노력하실까요,Inflect,VV,EF,노력하/VV/*+시/EP/*+ㄹ까요/EF/*
노력하실게요,0,0,-500,VV+EP+EF,*,F,노력하실게요,Inflect,VV,EF,노력하/VV/*+시/EP/*+ㄹ게요/EF/*
노력하실게,0,0,-500,VV+EP+EF,*,F,노력하실게,Inflect,VV,EF,노력하/VV/*+시/EP/*+ㄹ게/EF/*
노력하시자,0,0,-500,VV+EP+EF,*,F,노력하시자,Inflect,VV,EF,노력하/VV/*+시/EP/*+자/EF/*
노력하시세요,0,0,-500,VV+EP+EF,*,F,노력하시세요,Inflect,VV,EF,노력하/VV/*+시/EP/*+세요/EF/*
노력하겠다,0,0,-500,VV+EP+EF,*,F,노력하겠다,Inflect,VV,EF,노력하/VV/*+겠/EP/*+다/EF/*
노력하겠어요,0,0,-500,VV+EP+EF,*,F,노력하겠어요,Inflect,VV,EF,노력하/VV/*+겠/EP/*+요/EF/*
노력하겠ㅂ니다,0,0,-500,VV+EP+EF,*,F,노력하겠ㅂ니다,Inflect,VV,EF,노력하/VV/*+겠/EP/*+ㅂ니다/EF/*
노력하겠으습니다,0,0,-500,VV+EP+EF,*,F,노력하겠으습니다,Inflect,VV,EF,노력하/VV/*+겠/EP/*+습니다/EF/*
노력하겠ㄹ까,0,0,-500,VV+EP+EF,*,F,노력하겠ㄹ까,Inflect,VV,EF,노력하/VV/*+겠/EP/*+ㄹ까/EF/*
노력하겠ㄹ까요,0,0,-500,VV+EP+EF,*,F,노력하겠ㄹ까요,Inflect,VV,EF,노력하/VV/*+겠/EP/*+ㄹ까요/EF/*
노력하겠ㄹ게요,0,0,-500,VV+EP+EF,*,F,노력하겠ㄹ게요,Inflect,VV,EF,노력하/VV/*+겠/EP/*+ㄹ게요/EF/*
노력하겠ㄹ게,0,0,-500,VV+EP+EF,*,F,노력하겠ㄹ게,Inflect,VV,EF,노력하/VV/*+겠/EP/*+ㄹ게/EF/*
노력하겠자,0,0,-500,VV+EP+EF,*,F,노력하겠자,Inflect,VV,EF,노력하/VV/*+겠/EP/*+자/EF/*
노력하겠으세요,0,0,-500,VV+EP+EF,*,F,노력하겠으세요,Inflect,VV,EF,노력하/VV/*+겠/EP/*+세요/EF/*
성공하는,0,0,-500,VV+ETM,*,T,성공하는,Inflect,VV,ETM,성공하/VV/*+는/ETM/*
성공한,0,0,-500,VV+ETM,*,T,성공한,Inflect,VV,ETM,성공하/VV/*+ㄴ/ETM/*
성공하은,0,0,-500,VV+ETM,*,T,성공하은,Inflect,VV,ETM,성공하/VV/*+은/ETM/*
성공할,0,0,-500,VV+ETM,*,T,성공할,Inflect,VV,ETM,성공하/VV/*+ㄹ/ETM/*
성공하을,0,0,-500,VV+ETM,*,T,성공하을,Inflect,VV,ETM,성공하/VV/*+을/ETM/*
성공하고,0,0,-500,VV+EC,*,F,성공하고,Inflect,VV,EC,성공하/VV/*+고/EC/*
성공해서,0,0,-500,VV+EC,*,F,성공해서,Inflect,VV,EC,성공하/VV/*+서/EC/*
성공하니까,0,0,-500,VV+EC,*,F,성공하니까,Inflect,VV,EC,성공하/VV/*+니까/EC/*
성공하니,0,0,-500,VV+EC,*,F,성공하니,Inflect,VV,EC,성공하/VV/*+니/EC/*
성공하면,0,0,-500,VV+EC,*,T,성공하면,Inflect,VV,EC,성공하/VV/*+면/EC/*
성공하지만,0,0,-500,VV+EC,*,T,성공하지만,Inflect,VV,EC,성공하/VV/*+지만/EC/*
성공하는데,0,0,-500,VV+EC,*,F,성공하는데,Inflect,VV,EC,성공하/VV/*+는데/EC/*
성공한데,0,0,-500,VV+EC,*,F,성공한데,Inflect,VV,EC,성공하/VV/*+ㄴ데/EC/*
성공하은데,0,0,-500,VV+EC,*,F,성공하은데,Inflect,VV,EC,성공하/VV/*+은데/EC/*
성공하면서,0,0,-500,VV+EC,*,F,성공하면서,Inflect,VV,EC,성공하/VV/*+면서/EC/*
성공하며,0,0,-500,VV+EC,*,F,성공하며,Inflect,VV,EC,성공하/VV/*+며/EC/*
성공하러,0,0,-500,VV+EC,*,F,성공하러,Inflect,VV,EC,성공하/VV/*+러/EC/*
성공하려고,0,0,-500,VV+EC,*,F,성공하려고,Inflect,VV,EC,성공하/VV/*+려고/EC/*
성공하려,0,0,-500,VV+EC,*,F,성공하려,Inflect,VV,EC,성공하/VV/*+려/EC/*
성공해도,0,0,-500,VV+EC,*,F,성공해도,Inflect,VV,EC,성공하/VV/*+도/EC/*
성공하다가,0,0,-500,VV+EC,*,F,성공하다가,Inflect,VV,EC,성공하/VV/*+다가/EC/*
성공하자,0,0,-500,VV+EC,*,F,성공하자,Inflect,VV,EC,성공하/VV/*+자/EC/*
성공하자마자,0,0,-500,VV+EC,*,F,성공하자마자,Inflect,VV,EC,성공하/VV/*+자마자/EC/*
성공하고서,0,0,-500,VV+EC,*,F,성공하고서,Inflect,VV,EC,성공하/VV/*+고서/EC/*
성공하고나서,0,0,-500,VV+EC,*,F,성공하고나서,Inflect,VV,EC,성공하/VV/*+고나서/EC/*
성공하도록,0,0,-500,VV+EC,*,T,성공하도록,Inflect,VV,EC,성공하/VV/*+도록/EC/*
성공하게,0,0,-500,VV+EC,*,F,성공하게,Inflect,VV,EC,성공하/VV/*+게/EC/*
성공하더라도,0,0,-500,VV+EC,*,F,성공하더라도,Inflect,VV,EC,성공하/VV/*+더라도/EC/*
성공할지라도,0,0,-500,VV+EC,*,F,성공할지라도,Inflect,VV,EC,성공하/VV/*+ㄹ지라도/EC/*
성공하을지라도,0,0,-500,VV+EC,*,F,성공하을지라도,Inflect,VV,EC,성공하/VV/*+을지라도/EC/*
성공할수록,0,0,-500,VV+EC,*,T,성공할수록,Inflect,VV,EC,성공하/VV/*+ㄹ수록/EC/*
성공하을수록,0,0,-500,VV+EC,*,T,성공하을수록,Inflect,VV,EC,성공하/VV/*+을수록/EC/*
성공하다고,0,0,-500,VV+EC,*,F,성공하다고,Inflect,VV,EC,성공하/VV/*+다고/EC/*
성공하라고,0,0,-500,VV+EC,*,F,성공하라고,Inflect,VV,EC,성공하/VV/*+라고/EC/*
성공하냐고,0,0,-500,VV+EC,*,F,성공하냐고,Inflect,VV,EC,성공하/VV/*+냐고/EC/*
성공하지,0,0,-500,VV+EC,*,F,성공하지,Inflect,VV,EC,성공하/VV/*+지/EC/*
성공하거나,0,0,-500,VV+EC,*,F,성공하거나,Inflect,VV,EC,성공하/VV/*+거나/EC/*
성공하든지,0,0,-500,VV+EC,*,F,성공하든지,Inflect,VV,EC,성공하/VV/*+든지/EC/*
성공하듯이,0,0,-500,VV+EC,*,F,성공하듯이,Inflect,VV,EC,성공하/VV/*+듯이/EC/*
성공하듯,0,0,-500,VV+EC,*,T,성공하듯,Inflect,VV,EC,성공하/VV/*+듯/EC/*
성공하다,0,0,-500,VV+EF,*,F,성공하다,Inflect,VV,EF,성공하/VV/*+다/EF/*
성공해요,0,0,-500,VV+EF,*,F,성공해요,Inflect,VV,EF,성공하/VV/*+요/EF/*
성공합니다,0,0,-500,VV+EF,*,F,성공합니다,Inflect,VV,EF,성공하/VV/*+ㅂ니다/EF/*
성공하습니다,0,0,-500,VV+EF,*,F,성공하습니다,Inflect,VV,EF,성공하/VV/*+습니다/EF/*
성공할까,0,0,-500,VV+EF,*,F,성공할까,Inflect,VV,EF,성공하/VV/*+ㄹ까/EF/*
성공할까요,0,0,-500,VV+EF,*,F,성공할까요,Inflect,VV,EF,성공하/VV/*+ㄹ까요/EF/*
성공할게요,0,0,-500,VV+EF,*,F,성공할게요,Inflect,VV,EF,성공하/VV/*+ㄹ게요/EF/*
성공할게,0,0,-500,VV+EF,*,F,성공할게,Inflect,VV,EF,성공하/VV/*+ㄹ게/EF/*
성공하자,0,0,-500,VV+EF,*,F,성공하자,Inflect,VV,EF,성공하/VV/*+자/EF/*
성공하세요,0,0,-500,VV+EF,*,F,성공하세요,Inflect,VV,EF,성공하/VV/*+세요/EF/*
성공했다,0,0,-500,VV+EP+EF,*,F,성공했다,Inflect,VV,EF,성공하/VV/*+았/EP/*+다/EF/*
성공했어요,0,0,-500,VV+EP+EF,*,F,성공했어요,Inflect,VV,EF,성공하/VV/*+았/EP/*+요/EF/*
성공했ㅂ니다,0,0,-500,VV+EP+EF,*,F,성공했ㅂ니다,Inflect,VV,EF,성공하/VV/*+았/EP/*+ㅂ니다/EF/*
성공했으습니다,0,0,-500,VV+EP+EF,*,F,성공했으습니다,Inflect,VV,EF,성공하/VV/*+았/EP/*+습니다/EF/*
성공했ㄹ까,0,0,-500,VV+EP+EF,*,F,성공했ㄹ까,Inflect,VV,EF,성공하/VV/*+았/EP/*+ㄹ까/EF/*
성공했ㄹ까요,0,0,-500,VV+EP+EF,*,F,성공했ㄹ까요,Inflect,VV,EF,성공하/VV/*+았/EP/*+ㄹ까요/EF/*
성공했ㄹ게요,0,0,-500,VV+EP+EF,*,F,성공했ㄹ게요,Inflect,VV,EF,성공하/VV/*+았/EP/*+ㄹ게요/EF/*
성공했ㄹ게,0,0,-500,VV+EP+EF,*,F,성공했ㄹ게,Inflect,VV,EF,성공하/VV/*+았/EP/*+ㄹ게/EF/*
성공했자,0,0,-500,VV+EP+EF,*,F,성공했자,Inflect,VV,EF,성공하/VV/*+았/EP/*+자/EF/*
성공했으세요,0,0,-500,VV+EP+EF,*,F,성공했으세요,Inflect,VV,EF,성공하/VV/*+았/EP/*+세요/EF/*
성공했다,0,0,-500,VV+EP+EF,*,F,성공했다,Inflect,VV,EF,성공하/VV/*+었/EP/*+다/EF/*
성공했어요,0,0,-500,VV+EP+EF,*,F,성공했어요,Inflect,VV,EF,성공하/VV/*+었/EP/*+요/EF/*
성공했ㅂ니다,0,0,-500,VV+EP+EF,*,F,성공했ㅂ니다,Inflect,VV,EF,성공하/VV/*+었/EP/*+ㅂ니다/EF/*
성공했으습니다,0,0,-500,VV+EP+EF,*,F,성공했으습니다,Inflect,VV,EF,성공하/VV/*+었/EP/*+습니다/EF/*
성공했ㄹ까,0,0,-500,VV+EP+EF,*,F,성공했ㄹ까,Inflect,VV,EF,성공하/VV/*+었/EP/*+ㄹ까/EF/*
성공했ㄹ까요,0,0,-500,VV+EP+EF,*,F,성공했ㄹ까요,Inflect,VV,EF,성공하/VV/*+었/EP/*+ㄹ까요/EF/*
성공했ㄹ게요,0,0,-500,VV+EP+EF,*,F,성공했ㄹ게요,Inflect,VV,EF,성공하/VV/*+었/EP/*+ㄹ게요/EF/*
성공했ㄹ게,0,0,-500,VV+EP+EF,*,F,성공했ㄹ게,Inflect,VV,EF,성공하/VV/*+었/EP/*+ㄹ게/EF/*
성공했자,0,0,-500,VV+EP+EF,*,F,성공했자,Inflect,VV,EF,성공하/VV/*+었/EP/*+자/EF/*
성공했으세요,0,0,-500,VV+EP+EF,*,F,성공했으세요,Inflect,VV,EF,성공하/VV/*+었/EP/*+세요/EF/*
성공하시다,0,0,-500,VV+EP+EF,*,F,성공하시다,Inflect,VV,EF,성공하/VV/*+시/EP/*+다/EF/*
성공하셔요,0,0,-500,VV+EP+EF,*,F,성공하셔요,Inflect,VV,EF,성공하/VV/*+시/EP/*+요/EF/*
성공하십니다,0,0,-500,VV+EP+EF,*,F,성공하십니다,Inflect,VV,EF,성공하/VV/*+시/EP/*+ㅂ니다/EF/*
성공하시습니다,0,0,-500,VV+EP+EF,*,F,성공하시습니다,Inflect,VV,EF,성공하/VV/*+시/EP/*+습니다/EF/*
성공하실까,0,0,-500,VV+EP+EF,*,F,성공하실까,Inflect,VV,EF,성공하/VV/*+시/EP/*+ㄹ까/EF/*
성공하실까요,0,0,-500,VV+EP+EF,*,F,성공하실까요,Inflect,VV,EF,성공하/VV/*+시/EP/*+ㄹ까요/EF/*
성공하실게요,0,0,-500,VV+EP+EF,*,F,성공하실게요,Inflect,VV,EF,성공하/VV/*+시/EP/*+ㄹ게요/EF/*
성공하실게,0,0,-500,VV+EP+EF,*,F,성공하실게,Inflect,VV,EF,성공하/VV/*+시/EP/*+ㄹ게/EF/*
성공하시자,0,0,-500,VV+EP+EF,*,F,성공하시자,Inflect,VV,EF,성공하/VV/*+시/EP/*+자/EF/*
성공하시세요,0,0,-500,VV+EP+EF,*,F,성공하시세요,Inflect,VV,EF,성공하/VV/*+시/EP/*+세요/EF/*
성공하겠다,0,0,-500,VV+EP+EF,*,F,성공하겠다,Inflect,VV,EF,성공하/VV/*+겠/EP/*+다/EF/*
성공하겠어요,0,0,-500,VV+EP+EF,*,F,성공하겠어요,Inflect,VV,EF,성공하/VV/*+겠/EP/*+요/EF/*
성공하겠ㅂ니다,0,0,-500,VV+EP+EF,*,F,성공하겠ㅂ니다,Inflect,VV,EF,성공하/VV/*+겠/EP/*+ㅂ니다/EF/*
성공하겠으습니다,0,0,-500,VV+EP+EF,*,F,성공하겠으습니다,Inflect,VV,EF,성공하/VV/*+겠/EP/*+습니다/EF/*
성공하겠ㄹ까,0,0,-500,VV+EP+EF,*,F,성공하겠ㄹ까,Inflect,VV,EF,성공하/VV/*+겠/EP/*+ㄹ까/EF/*
성공하겠ㄹ까요,0,0,-500,VV+EP+EF,*,F,성공하겠ㄹ까요,Inflect,VV,EF,성공하/VV/*+겠/EP/*+ㄹ까요/EF/*
성공하겠ㄹ게요,0,0,-500,VV+EP+EF,*,F,성공하겠ㄹ게요,Inflect,VV,EF,성공하/VV/*+겠/EP/*+ㄹ게요/EF/*
성공하겠ㄹ게,0,0,-500,VV+EP+EF,*,F,성공하겠ㄹ게,Inflect,VV,EF,성공하/VV/*+겠/EP/*+ㄹ게/EF/*
성공하겠자,0,0,-500,VV+EP+EF,*,F,성공하겠자,Inflect,VV,EF,성공하/VV/*+겠/EP/*+자/EF/*
성공하겠으세요,0,0,-500,VV+EP+EF,*,F,성공하겠으세요,Inflect,VV,EF,성공하/VV/*+겠/EP/*+세요/EF/*
실패하는,0,0,-500,VV+ETM,*,T,실패하는,Inflect,VV,ETM,실패하/VV/*+는/ETM/*
실패한,0,0,-500,VV+ETM,*,T,실패한,Inflect,VV,ETM,실패하/VV/*+ㄴ/ETM/*
실패하은,0,0,-500,VV+ETM,*,T,실패하은,Inflect,VV,ETM,실패하/VV/*+은/ETM/*
실패할,0,0,-500,VV+ETM,*,T,실패할,Inflect,VV,ETM,실패하/VV/*+ㄹ/ETM/*
실패하을,0,0,-500,VV+ETM,*,T,실패하을,Inflect,VV,ETM,실패하/VV/*+을/ETM/*
실패하고,0,0,-500,VV+EC,*,F,실패하고,Inflect,VV,EC,실패하/VV/*+고/EC/*
실패해서,0,0,-500,VV+EC,*,F,실패해서,Inflect,VV,EC,실패하/VV/*+서/EC/*
실패하니까,0,0,-500,VV+EC,*,F,실패하니까,Inflect,VV,EC,실패하/VV/*+니까/EC/*
실패하니,0,0,-500,VV+EC,*,F,실패하니,Inflect,VV,EC,실패하/VV/*+니/EC/*
실패하면,0,0,-500,VV+EC,*,T,실패하면,Inflect,VV,EC,실패하/VV/*+면/EC/*
실패하지만,0,0,-500,VV+EC,*,T,실패하지만,Inflect,VV,EC,실패하/VV/*+지만/EC/*
실패하는데,0,0,-500,VV+EC,*,F,실패하는데,Inflect,VV,EC,실패하/VV/*+는데/EC/*
실패한데,0,0,-500,VV+EC,*,F,실패한데,Inflect,VV,EC,실패하/VV/*+ㄴ데/EC/*
실패하은데,0,0,-500,VV+EC,*,F,실패하은데,Inflect,VV,EC,실패하/VV/*+은데/EC/*
실패하면서,0,0,-500,VV+EC,*,F,실패하면서,Inflect,VV,EC,실패하/VV/*+면서/EC/*
실패하며,0,0,-500,VV+EC,*,F,실패하며,Inflect,VV,EC,실패하/VV/*+며/EC/*
실패하러,0,0,-500,VV+EC,*,F,실패하러,Inflect,VV,EC,실패하/VV/*+러/EC/*
실패하려고,0,0,-500,VV+EC,*,F,실패하려고,Inflect,VV,EC,실패하/VV/*+려고/EC/*
실패하려,0,0,-500,VV+EC,*,F,실패하려,Inflect,VV,EC,실패하/VV/*+려/EC/*
실패해도,0,0,-500,VV+EC,*,F,실패해도,Inflect,VV,EC,실패하/VV/*+도/EC/*
실패하다가,0,0,-500,VV+EC,*,F,실패하다가,Inflect,VV,EC,실패하/VV/*+다가/EC/*
실패하자,0,0,-500,VV+EC,*,F,실패하자,Inflect,VV,EC,실패하/VV/*+자/EC/*
실패하자마자,0,0,-500,VV+EC,*,F,실패하자마자,Inflect,VV,EC,실패하/VV/*+자마자/EC/*
실패하고서,0,0,-500,VV+EC,*,F,실패하고서,Inflect,VV,EC,실패하/VV/*+고서/EC/*
실패하고나서,0,0,-500,VV+EC,*,F,실패하고나서,Inflect,VV,EC,실패하/VV/*+고나서/EC/*
실패하도록,0,0,-500,VV+EC,*,T,실패하도록,Inflect,VV,EC,실패하/VV/*+도록/EC/*
실패하게,0,0,-500,VV+EC,*,F,실패하게,Inflect,VV,EC,실패하/VV/*+게/EC/*
실패하더라도,0,0,-500,VV+EC,*,F,실패하더라도,Inflect,VV,EC,실패하/VV/*+더라도/EC/*
실패할지라도,0,0,-500,VV+EC,*,F,실패할지라도,Inflect,VV,EC,실패하/VV/*+ㄹ지라도/EC/*
실패하을지라도,0,0,-500,VV+EC,*,F,실패하을지라도,Inflect,VV,EC,실패하/VV/*+을지라도/EC/*
실패할수록,0,0,-500,VV+EC,*,T,실패할수록,Inflect,VV,EC,실패하/VV/*+ㄹ수록/EC/*
실패하을수록,0,0,-500,VV+EC,*,T,실패하을수록,Inflect,VV,EC,실패하/VV/*+을수록/EC/*
실패하다고,0,0,-500,VV+EC,*,F,실패하다고,Inflect,VV,EC,실패하/VV/*+다고/EC/*
실패하라고,0,0,-500,VV+EC,*,F,실패하라고,Inflect,VV,EC,실패하/VV/*+라고/EC/*
실패하냐고,0,0,-500,VV+EC,*,F,실패하냐고,Inflect,VV,EC,실패하/VV/*+냐고/EC/*
실패하지,0,0,-500,VV+EC,*,F,실패하지,Inflect,VV,EC,실패하/VV/*+지/EC/*
실패하거나,0,0,-500,VV+EC,*,F,실패하거나,Inflect,VV,EC,실패하/VV/*+거나/EC/*
실패하든지,0,0,-500,VV+EC,*,F,실패하든지,Inflect,VV,EC,실패하/VV/*+든지/EC/*
실패하듯이,0,0,-500,VV+EC,*,F,실패하듯이,Inflect,VV,EC,실패하/VV/*+듯이/EC/*
실패하듯,0,0,-500,VV+EC,*,T,실패하듯,Inflect,VV,EC,실패하/VV/*+듯/EC/*
실패하다,0,0,-500,VV+EF,*,F,실패하다,Inflect,VV,EF,실패하/VV/*+다/EF/*
실패해요,0,0,-500,VV+EF,*,F,실패해요,Inflect,VV,EF,실패하/VV/*+요/EF/*
실패합니다,0,0,-500,VV+EF,*,F,실패합니다,Inflect,VV,EF,실패하/VV/*+ㅂ니다/EF/*
실패하습니다,0,0,-500,VV+EF,*,F,실패하습니다,Inflect,VV,EF,실패하/VV/*+습니다/EF/*
실패할까,0,0,-500,VV+EF,*,F,실패할까,Inflect,VV,EF,실패하/VV/*+ㄹ까/EF/*
실패할까요,0,0,-500,VV+EF,*,F,실패할까요,Inflect,VV,EF,실패하/VV/*+ㄹ까요/EF/*
실패할게요,0,0,-500,VV+EF,*,F,실패할게요,Inflect,VV,EF,실패하/VV/*+ㄹ게요/EF/*
실패할게,0,0,-500,VV+EF,*,F,실패할게,Inflect,VV,EF,실패하/VV/*+ㄹ게/EF/*
실패하자,0,0,-500,VV+EF,*,F,실패하자,Inflect,VV,EF,실패하/VV/*+자/EF/*
실패하세요,0,0,-500,VV+EF,*,F,실패하세요,Inflect,VV,EF,실패하/VV/*+세요/EF/*
실패했다,0,0,-500,VV+EP+EF,*,F,실패했다,Inflect,VV,EF,실패하/VV/*+았/EP/*+다/EF/*
실패했어요,0,0,-500,VV+EP+EF,*,F,실패했어요,Inflect,VV,EF,실패하/VV/*+았/EP/*+요/EF/*
실패했ㅂ니다,0,0,-500,VV+EP+EF,*,F,실패했ㅂ니다,Inflect,VV,EF,실패하/VV/*+았/EP/*+ㅂ니다/EF/*
실패했으습니다,0,0,-500,VV+EP+EF,*,F,실패했으습니다,Inflect,VV,EF,실패하/VV/*+았/EP/*+습니다/EF/*
실패했ㄹ까,0,0,-500,VV+EP+EF,*,F,실패했ㄹ까,Inflect,VV,EF,실패하/VV/*+았/EP/*+ㄹ까/EF/*
실패했ㄹ까요,0,0,-500,VV+EP+EF,*,F,실패했ㄹ까요,Inflect,VV,EF,실패하/VV/*+았/EP/*+ㄹ까요/EF/*
실패했ㄹ게요,0,0,-500,VV+EP+EF,*,F,실패했ㄹ게요,Inflect,VV,EF,실패하/VV/*+았/EP/*+ㄹ게요/EF/*
실패했ㄹ게,0,0,-500,VV+EP+EF,*,F,실패했ㄹ게,Inflect,VV,EF,실패하/VV/*+았/EP/*+ㄹ게/EF/*
실패했자,0,0,-500,VV+EP+EF,*,F,실패했자,Inflect,VV,EF,실패하/VV/*+았/EP/*+자/EF/*
실패했으세요,0,0,-500,VV+EP+EF,*,F,실패했으세요,Inflect,VV,EF,실패하/VV/*+았/EP/*+세요/EF/*
실패했다,0,0,-500,VV+EP+EF,*,F,실패했다,Inflect,VV,EF,실패하/VV/*+었/EP/*+다/EF/*
실패했어요,0,0,-500,VV+EP+EF,*,F,실패했어요,Inflect,VV,EF,실패하/VV/*+었/EP/*+요/EF/*
실패했ㅂ니다,0,0,-500,VV+EP+EF,*,F,실패했ㅂ니다,Inflect,VV,EF,실패하/VV/*+었/EP/*+ㅂ니다/EF/*
실패했으습니다,0,0,-500,VV+EP+EF,*,F,실패했으습니다,Inflect,VV,EF,실패하/VV/*+었/EP/*+습니다/EF/*
실패했ㄹ까,0,0,-500,VV+EP+EF,*,F,실패했ㄹ까,Inflect,VV,EF,실패하/VV/*+었/EP/*+ㄹ까/EF/*
실패했ㄹ까요,0,0,-500,VV+EP+EF,*,F,실패했ㄹ까요,Inflect,VV,EF,실패하/VV/*+었/EP/*+ㄹ까요/EF/*
실패했ㄹ게요,0,0,-500,VV+EP+EF,*,F,실패했ㄹ게요,Inflect,VV,EF,실패하/VV/*+었/EP/*+ㄹ게요/EF/*
실패했ㄹ게,0,0,-500,VV+EP+EF,*,F,실패했ㄹ게,Inflect,VV,EF,실패하/VV/*+었/EP/*+ㄹ게/EF/*
실패했자,0,0,-500,VV+EP+EF,*,F,실패했자,Inflect,VV,EF,실패하/VV/*+었/EP/*+자/EF/*
실패했으세요,0,0,-500,VV+EP+EF,*,F,실패했으세요,Inflect,VV,EF,실패하/VV/*+었/EP/*+세요/EF/*
실패하시다,0,0,-500,VV+EP+EF,*,F,실패하시다,Inflect,VV,EF,실패하/VV/*+시/EP/*+다/EF/*
실패하셔요,0,0,-500,VV+EP+EF,*,F,실패하셔요,Inflect,VV,EF,실패하/VV/*+시/EP/*+요/EF/*
실패하십니다,0,0,-500,VV+EP+EF,*,F,실패하십니다,Inflect,VV,EF,실패하/VV/*+시/EP/*+ㅂ니다/EF/*
실패하시습니다,0,0,-500,VV+EP+EF,*,F,실패하시습니다,Inflect,VV,EF,실패하/VV/*+시/EP/*+습니다/EF/*
실패하실까,0,0,-500,VV+EP+EF,*,F,실패하실까,Inflect,VV,EF,실패하/VV/*+시/EP/*+ㄹ까/EF/*
실패하실까요,0,0,-500,VV+EP+EF,*,F,실패하실까요,Inflect,VV,EF,실패하/VV/*+시/EP/*+ㄹ까요/EF/*
실패하실게요,0,0,-500,VV+EP+EF,*,F,실패하실게요,Inflect,VV,EF,실패하/VV/*+시/EP/*+ㄹ게요/EF/*
실패하실게,0,0,-500,VV+EP+EF,*,F,실패하실게,Inflect,VV,EF,실패하/VV/*+시/EP/*+ㄹ게/EF/*
실패하시자,0,0,-500,VV+EP+EF,*,F,실패하시자,Inflect,VV,EF,실패하/VV/*+시/EP/*+자/EF/*
실패하시세요,0,0,-500,VV+EP+EF,*,F,실패하시세요,Inflect,VV,EF,실패하/VV/*+시/EP/*+세요/EF/*
실패하겠다,0,0,-500,VV+EP+EF,*,F,실패하겠다,Inflect,VV,EF,실패하/VV/*+겠/EP/*+다/EF/*
실패하겠어요,0,0,-500,VV+EP+EF,*,F,실패하겠어요,Inflect,VV,EF,실패하/VV/*+겠/EP/*+요/EF/*
실패하겠ㅂ니다,0,0,-500,VV+EP+EF,*,F,실패하겠ㅂ니다,Inflect,VV,EF,실패하/VV/*+겠/EP/*+ㅂ니다/EF/*
실패하겠으습니다,0,0,-500,VV+EP+EF,*,F,실패하겠으습니다,Inflect,VV,EF,실패하/VV/*+겠/EP/*+습니다/EF/*
실패하겠ㄹ까,0,0,-500,VV+EP+EF,*,F,실패하겠ㄹ까,Inflect,VV,EF,실패하/VV/*+겠/EP/*+ㄹ까/EF/*
실패하겠ㄹ까요,0,0,-500,VV+EP+EF,*,F,실패하겠ㄹ까요,Inflect,VV,EF,실패하/VV/*+겠/EP/*+ㄹ까요/EF/*
실패하겠ㄹ게요,0,0,-500,VV+EP+EF,*,F,실패하겠ㄹ게요,Inflect,VV,EF,실패하/VV/*+겠/EP/*+ㄹ게요/EF/*
실패하겠ㄹ게,0,0,-500,VV+EP+EF,*,F,실패하겠ㄹ게,Inflect,VV,EF,실패하/VV/*+겠/EP/*+ㄹ게/EF/*
실패하겠자,0,0,-500,VV+EP+EF,*,F,실패하겠자,Inflect,VV,EF,실패하/VV/*+겠/EP/*+자/EF/*
실패하겠으세요,0,0,-500,VV+EP+EF,*,F,실패하겠으세요,Inflect,VV,EF,실패하/VV/*+겠/EP/*+세요/EF/*
참여하는,0,0,-500,VV+ETM,*,T,참여하는,Inflect,VV,ETM,참여하/VV/*+는/ETM/*
참여한,0,0,-500,VV+ETM,*,T,참여한,Inflect,VV,ETM,참여하/VV/*+ㄴ/ETM/*
참여하은,0,0,-500,VV+ETM,*,T,참여하은,Inflect,VV,ETM,참여하/VV/*+은/ETM/*
참여할,0,0,-500,VV+ETM,*,T,참여할,Inflect,VV,ETM,참여하/VV/*+ㄹ/ETM/*
참여하을,0,0,-500,VV+ETM,*,T,참여하을,Inflect,VV,ETM,참여하/VV/*+을/ETM/*
참여하고,0,0,-500,VV+EC,*,F,참여하고,Inflect,VV,EC,참여하/VV/*+고/EC/*
참여해서,0,0,-500,VV+EC,*,F,참여해서,Inflect,VV,EC,참여하/VV/*+서/EC/*
참여하니까,0,0,-500,VV+EC,*,F,참여하니까,Inflect,VV,EC,참여하/VV/*+니까/EC/*
참여하니,0,0,-500,VV+EC,*,F,참여하니,Inflect,VV,EC,참여하/VV/*+니/EC/*
참여하면,0,0,-500,VV+EC,*,T,참여하면,Inflect,VV,EC,참여하/VV/*+면/EC/*
참여하지만,0,0,-500,VV+EC,*,T,참여하지만,Inflect,VV,EC,참여하/VV/*+지만/EC/*
참여하는데,0,0,-500,VV+EC,*,F,참여하는데,Inflect,VV,EC,참여하/VV/*+는데/EC/*
참여한데,0,0,-500,VV+EC,*,F,참여한데,Inflect,VV,EC,참여하/VV/*+ㄴ데/EC/*
참여하은데,0,0,-500,VV+EC,*,F,참여하은데,Inflect,VV,EC,참여하/VV/*+은데/EC/*
참여하면서,0,0,-500,VV+EC,*,F,참여하면서,Inflect,VV,EC,참여하/VV/*+면서/EC/*
참여하며,0,0,-500,VV+EC,*,F,참여하며,Inflect,VV,EC,참여하/VV/*+며/EC/*
참여하러,0,0,-500,VV+EC,*,F,참여하러,Inflect,VV,EC,참여하/VV/*+러/EC/*
참여하려고,0,0,-500,VV+EC,*,F,참여하려고,Inflect,VV,EC,참여하/VV/*+려고/EC/*
참여하려,0,0,-500,VV+EC,*,F,참여하려,Inflect,VV,EC,참여하/VV/*+려/EC/*
참여해도,0,0,-500,VV+EC,*,F,참여해도,Inflect,VV,EC,참여하/VV/*+도/EC/*
참여하다가,0,0,-500,VV+EC,*,F,참여하다가,Inflect,VV,EC,참여하/VV/*+다가/EC/*
참여하자,0,0,-500,VV+EC,*,F,참여하자,Inflect,VV,EC,참여하/VV/*+자/EC/*
참여하자마자,0,0,-500,VV+EC,*,F,참여하자마자,Inflect,VV,EC,참여하/VV/*+자마자/EC/*
참여하고서,0,0,-500,VV+EC,*,F,참여하고서,Inflect,VV,EC,참여하/VV/*+고서/EC/*
참여하고나서,0,0,-500,VV+EC,*,F,참여하고나서,Inflect,VV,EC,참여하/VV/*+고나서/EC/*
참여하도록,0,0,-500,VV+EC,*,T,참여하도록,Inflect,VV,EC,참여하/VV/*+도록/EC/*
참여하게,0,0,-500,VV+EC,*,F,참여하게,Inflect,VV,EC,참여하/VV/*+게/EC/*
참여하더라도,0,0,-500,VV+EC,*,F,참여하더라도,Inflect,VV,EC,참여하/VV/*+더라도/EC/*
참여할지라도,0,0,-500,VV+EC,*,F,참여할지라도,Inflect,VV,EC,참여하/VV/*+ㄹ지라도/EC/*
참여하을지라도,0,0,-500,VV+EC,*,F,참여하을지라도,Inflect,VV,EC,참여하/VV/*+을지라도/EC/*
참여할수록,0,0,-500,VV+EC,*,T,참여할수록,Inflect,VV,EC,참여하/VV/*+ㄹ수록/EC/*
참여하을수록,0,0,-500,VV+EC,*,T,참여하을수록,Inflect,VV,EC,참여하/VV/*+을수록/EC/*
참여하다고,0,0,-500,VV+EC,*,F,참여하다고,Inflect,VV,EC,참여하/VV/*+다고/EC/*
참여하라고,0,0,-500,VV+EC,*,F,참여하라고,Inflect,VV,EC,참여하/VV/*+라고/EC/*
참여하냐고,0,0,-500,VV+EC,*,F,참여하냐고,Inflect,VV,EC,참여하/VV/*+냐고/EC/*
참여하지,0,0,-500,VV+EC,*,F,참여하지,Inflect,VV,EC,참여하/VV/*+지/EC/*
참여하거나,0,0,-500,VV+EC,*,F,참여하거나,Inflect,VV,EC,참여하/VV/*+거나/EC/*
참여하든지,0,0,-500,VV+EC,*,F,참여하든지,Inflect,VV,EC,참여하/VV/*+든지/EC/*
참여하듯이,0,0,-500,VV+EC,*,F,참여하듯이,Inflect,VV,EC,참여하/VV/*+듯이/EC/*
참여하듯,0,0,-500,VV+EC,*,T,참여하듯,Inflect,VV,EC,참여하/VV/*+듯/EC/*
참여하다,0,0,-500,VV+EF,*,F,참여하다,Inflect,VV,EF,참여하/VV/*+다/EF/*
참여해요,0,0,-500,VV+EF,*,F,참여해요,Inflect,VV,EF,참여하/VV/*+요/EF/*
참여합니다,0,0,-500,VV+EF,*,F,참여합니다,Inflect,VV,EF,참여하/VV/*+ㅂ니다/EF/*
참여하습니다,0,0,-500,VV+EF,*,F,참여하습니다,Inflect,VV,EF,참여하/VV/*+습니다/EF/*
참여할까,0,0,-500,VV+EF,*,F,참여할까,Inflect,VV,EF,참여하/VV/*+ㄹ까/EF/*
참여할까요,0,0,-500,VV+EF,*,F,참여할까요,Inflect,VV,EF,참여하/VV/*+ㄹ까요/EF/*
참여할게요,0,0,-500,VV+EF,*,F,참여할게요,Inflect,VV,EF,참여하/VV/*+ㄹ게요/EF/*
참여할게,0,0,-500,VV+EF,*,F,참여할게,Inflect,VV,EF,참여하/VV/*+ㄹ게/EF/*
참여하자,0,0,-500,VV+EF,*,F,참여하자,Inflect,VV,EF,참여하/VV/*+자/EF/*
참여하세요,0,0,-500,VV+EF,*,F,참여하세요,Inflect,VV,EF,참여하/VV/*+세요/EF/*
참여했다,0,0,-500,VV+EP+EF,*,F,참여했다,Inflect,VV,EF,참여하/VV/*+았/EP/*+다/EF/*
참여했어요,0,0,-500,VV+EP+EF,*,F,참여했어요,Inflect,VV,EF,참여하/VV/*+았/EP/*+요/EF/*
참여했ㅂ니다,0,0,-500,VV+EP+EF,*,F,참여했ㅂ니다,Inflect,VV,EF,참여하/VV/*+았/EP/*+ㅂ니다/EF/*
참여했으습니다,0,0,-500,VV+EP+EF,*,F,참여했으습니다,Inflect,VV,EF,참여하/VV/*+았/EP/*+습니다/EF/*
참여했ㄹ까,0,0,-500,VV+EP+EF,*,F,참여했ㄹ까,Inflect,VV,EF,참여하/VV/*+았/EP/*+ㄹ까/EF/*
참여했ㄹ까요,0,0,-500,VV+EP+EF,*,F,참여했ㄹ까요,Inflect,VV,EF,참여하/VV/*+았/EP/*+ㄹ까요/EF/*
참여했ㄹ게요,0,0,-500,VV+EP+EF,*,F,참여했ㄹ게요,Inflect,VV,EF,참여하/VV/*+았/EP/*+ㄹ게요/EF/*
참여했ㄹ게,0,0,-500,VV+EP+EF,*,F,참여했ㄹ게,Inflect,VV,EF,참여하/VV/*+았/EP/*+ㄹ게/EF/*
참여했자,0,0,-500,VV+EP+EF,*,F,참여했자,Inflect,VV,EF,참여하/VV/*+았/EP/*+자/EF/*
참여했으세요,0,0,-500,VV+EP+EF,*,F,참여했으세요,Inflect,VV,EF,참여하/VV/*+았/EP/*+세요/EF/*
참여했다,0,0,-500,VV+EP+EF,*,F,참여했다,Inflect,VV,EF,참여하/VV/*+었/EP/*+다/EF/*
참여했어요,0,0,-500,VV+EP+EF,*,F,참여했어요,Inflect,VV,EF,참여하/VV/*+었/EP/*+요/EF/*
참여했ㅂ니다,0,0,-500,VV+EP+EF,*,F,참여했ㅂ니다,Inflect,VV,EF,참여하/VV/*+었/EP/*+ㅂ니다/EF/*
참여했으습니다,0,0,-500,VV+EP+EF,*,F,참여했으습니다,Inflect,VV,EF,참여하/VV/*+었/EP/*+습니다/EF/*
참여했ㄹ까,0,0,-500,VV+EP+EF,*,F,참여했ㄹ까,Inflect,VV,EF,참여하/VV/*+었/EP/*+ㄹ까/EF/*
참여했ㄹ까요,0,0,-500,VV+EP+EF,*,F,참여했ㄹ까요,Inflect,VV,EF,참여하/VV/*+었/EP/*+ㄹ까요/EF/*
참여했ㄹ게요,0,0,-500,VV+EP+EF,*,F,참여했ㄹ게요,Inflect,VV,EF,참여하/VV/*+었/EP/*+ㄹ게요/EF/*
참여했ㄹ게,0,0,-500,VV+EP+EF,*,F,참여했ㄹ게,Inflect,VV,EF,참여하/VV/*+었/EP/*+ㄹ게/EF/*
참여했자,0,0,-500,VV+EP+EF,*,F,참여했자,Inflect,VV,EF,참여하/VV/*+었/EP/*+자/EF/*
참여했으세요,0,0,-500,VV+EP+EF,*,F,참여했으세요,Inflect,VV,EF,참여하/VV/*+었/EP/*+세요/EF/*
참여하시다,0,0,-500,VV+EP+EF,*,F,참여하시다,Inflect,VV,EF,참여하/VV/*+시/EP/*+다/EF/*
참여하셔요,0,0,-500,VV+EP+EF,*,F,참여하셔요,Inflect,VV,EF,참여하/VV/*+시/EP/*+요/EF/*
참여하십니다,0,0,-500,VV+EP+EF,*,F,참여하십니다,Inflect,VV,EF,참여하/VV/*+시/EP/*+ㅂ니다/EF/*
참여하시습니다,0,0,-500,VV+EP+EF,*,F,참여하시습니다,Inflect,VV,EF,참여하/VV/*+시/EP/*+습니다/EF/*
참여하실까,0,0,-500,VV+EP+EF,*,F,참여하실까,Inflect,VV,EF,참여하/VV/*+시/EP/*+ㄹ까/EF/*
참여하실까요,0,0,-500,VV+EP+EF,*,F,참여하실까요,Inflect,VV,EF,참여하/VV/*+시/EP/*+ㄹ까요/EF/*
참여하실게요,0,0,-500,VV+EP+EF,*,F,참여하실게요,Inflect,VV,EF,참여하/VV/*+시/EP/*+ㄹ게요/EF/*
참여하실게,0,0,-500,VV+EP+EF,*,F,참여하실게,Inflect,VV,EF,참여하/VV/*+시/EP/*+ㄹ게/EF/*
참여하시자,0,0,-500,VV+EP+EF,*,F,참여하시자,Inflect,VV,EF,참여하/VV/*+시/EP/*+자/EF/*
참여하시세요,0,0,-500,VV+EP+EF,*,F,참여하시세요,Inflect,VV,EF,참여하/VV/*+시/EP/*+세요/EF/*
참여하겠다,0,0,-500,VV+EP+EF,*,F,참여하겠다,Inflect,VV,EF,참여하/VV/*+겠/EP/*+다/EF/*
참여하겠어요,0,0,-500,VV+EP+EF,*,F,참여하겠어요,Inflect,VV,EF,참여하/VV/*+겠/EP/*+요/EF/*
참여하겠ㅂ니다,0,0,-500,VV+EP+EF,*,F,참여하겠ㅂ니다,Inflect,VV,EF,참여하/VV/*+겠/EP/*+ㅂ니다/EF/*
참여하겠으습니다,0,0,-500,VV+EP+EF,*,F,참여하겠으습니다,Inflect,VV,EF,참여하/VV/*+겠/EP/*+습니다/EF/*
참여하겠ㄹ까,0,0,-500,VV+EP+EF,*,F,참여하겠ㄹ까,Inflect,VV,EF,참여하/VV/*+겠/EP/*+ㄹ까/EF/*
참여하겠ㄹ까요,0,0,-500,VV+EP+EF,*,F,참여하겠ㄹ까요,Inflect,VV,EF,참여하/VV/*+겠/EP/*+ㄹ까요/EF/*
참여하겠ㄹ게요,0,0,-500,VV+EP+EF,*,F,참여하겠ㄹ게요,Inflect,VV,EF,참여하/VV/*+겠/EP/*+ㄹ게요/EF/*
참여하겠ㄹ게,0,0,-500,VV+EP+EF,*,F,참여하겠ㄹ게,Inflect,VV,EF,참여하/VV/*+겠/EP/*+ㄹ게/EF/*
참여하겠자,0,0,-500,VV+EP+EF,*,F,참여하겠자,Inflect,VV,EF,참여하/VV/*+겠/EP/*+자/EF/*
참여하겠으세요,0,0,-500,VV+EP+EF,*,F,참여하겠으세요,Inflect,VV,EF,참여하/VV/*+겠/EP/*+세요/EF/*
활용하는,0,0,-500,VV+ETM,*,T,활용하는,Inflect,VV,ETM,활용하/VV/*+는/ETM/*
활용한,0,0,-500,VV+ETM,*,T,활용한,Inflect,VV,ETM,활용하/VV/*+ㄴ/ETM/*
활용하은,0,0,-500,VV+ETM,*,T,활용하은,Inflect,VV,ETM,활용하/VV/*+은/ETM/*
활용할,0,0,-500,VV+ETM,*,T,활용할,Inflect,VV,ETM,활용하/VV/*+ㄹ/ETM/*
활용하을,0,0,-500,VV+ETM,*,T,활용하을,Inflect,VV,ETM,활용하/VV/*+을/ETM/*
활용하고,0,0,-500,VV+EC,*,F,활용하고,Inflect,VV,EC,활용하/VV/*+고/EC/*
활용해서,0,0,-500,VV+EC,*,F,활용해서,Inflect,VV,EC,활용하/VV/*+서/EC/*
활용하니까,0,0,-500,VV+EC,*,F,활용하니까,Inflect,VV,EC,활용하/VV/*+니까/EC/*
활용하니,0,0,-500,VV+EC,*,F,활용하니,Inflect,VV,EC,활용하/VV/*+니/EC/*
활용하면,0,0,-500,VV+EC,*,T,활용하면,Inflect,VV,EC,활용하/VV/*+면/EC/*
활용하지만,0,0,-500,VV+EC,*,T,활용하지만,Inflect,VV,EC,활용하/VV/*+지만/EC/*
활용하는데,0,0,-500,VV+EC,*,F,활용하는데,Inflect,VV,EC,활용하/VV/*+는데/EC/*
활용한데,0,0,-500,VV+EC,*,F,활용한데,Inflect,VV,EC,활용하/VV/*+ㄴ데/EC/*
활용하은데,0,0,-500,VV+EC,*,F,활용하은데,Inflect,VV,EC,활용하/VV/*+은데/EC/*
활용하면서,0,0,-500,VV+EC,*,F,활용하면서,Inflect,VV,EC,활용하/VV/*+면서/EC/*
활용하며,0,0,-500,VV+EC,*,F,활용하며,Inflect,VV,EC,활용하/VV/*+며/EC/*
활용하러,0,0,-500,VV+EC,*,F,활용하러,Inflect,VV,EC,활용하/VV/*+러/EC/*
활용하려고,0,0,-500,VV+EC,*,F,활용하려고,Inflect,VV,EC,활용하/VV/*+려고/EC/*
활용하려,0,0,-500,VV+EC,*,F,활용하려,Inflect,VV,EC,활용하/VV/*+려/EC/*
활용해도,0,0,-500,VV+EC,*,F,활용해도,Inflect,VV,EC,활용하/VV/*+도/EC/*
활용하다가,0,0,-500,VV+EC,*,F,활용하다가,Inflect,VV,EC,활용하/VV/*+다가/EC/*
활용하자,0,0,-500,VV+EC,*,F,활용하자,Inflect,VV,EC,활용하/VV/*+자/EC/*
활용하자마자,0,0,-500,VV+EC,*,F,활용하자마자,Inflect,VV,EC,활용하/VV/*+자마자/EC/*
활용하고서,0,0,-500,VV+EC,*,F,활용하고서,Inflect,VV,EC,활용하/VV/*+고서/EC/*
활용하고나서,0,0,-500,VV+EC,*,F,활용하고나서,Inflect,VV,EC,활용하/VV/*+고나서/EC/*
활용하도록,0,0,-500,VV+EC,*,T,활용하도록,Inflect,VV,EC,활용하/VV/*+도록/EC/*
활용하게,0,0,-500,VV+EC,*,F,활용하게,Inflect,VV,EC,활용하/VV/*+게/EC/*
활용하더라도,0,0,-500,VV+EC,*,F,활용하더라도,Inflect,VV,EC,활용하/VV/*+더라도/EC/*
활용할지라도,0,0,-500,VV+EC,*,F,활용할지라도,Inflect,VV,EC,활용하/VV/*+ㄹ지라도/EC/*
활용하을지라도,0,0,-500,VV+EC,*,F,활용하을지라도,Inflect,VV,EC,활용하/VV/*+을지라도/EC/*
활용할수록,0,0,-500,VV+EC,*,T,활용할수록,Inflect,VV,EC,활용하/VV/*+ㄹ수록/EC/*
활용하을수록,0,0,-500,VV+EC,*,T,활용하을수록,Inflect,VV,EC,활용하/VV/*+을수록/EC/*
활용하다고,0,0,-500,VV+EC,*,F,활용하다고,Inflect,VV,EC,활용하/VV/*+다고/EC/*
활용하라고,0,0,-500,VV+EC,*,F,활용하라고,Inflect,VV,EC,활용하/VV/*+라고/EC/*
활용하냐고,0,0,-500,VV+EC,*,F,활용하냐고,Inflect,VV,EC,활용하/VV/*+냐고/EC/*
활용하지,0,0,-500,VV+EC,*,F,활용하지,Inflect,VV,EC,활용하/VV/*+지/EC/*
활용하거나,0,0,-500,VV+EC,*,F,활용하거나,Inflect,VV,EC,활용하/VV/*+거나/EC/*
활용하든지,0,0,-500,VV+EC,*,F,활용하든지,Inflect,VV,EC,활용하/VV/*+든지/EC/*
활용하듯이,0,0,-500,VV+EC,*,F,활용하듯이,Inflect,VV,EC,활용하/VV/*+듯이/EC/*
활용하듯,0,0,-500,VV+EC,*,T,활용하듯,Inflect,VV,EC,활용하/VV/*+듯/EC/*
활용하다,0,0,-500,VV+EF,*,F,활용하다,Inflect,VV,EF,활용하/VV/*+다/EF/*
활용해요,0,0,-500,VV+EF,*,F,활용해요,Inflect,VV,EF,활용하/VV/*+요/EF/*
활용합니다,0,0,-500,VV+EF,*,F,활용합니다,Inflect,VV,EF,활용하/VV/*+ㅂ니다/EF/*
활용하습니다,0,0,-500,VV+EF,*,F,활용하습니다,Inflect,VV,EF,활용하/VV/*+습니다/EF/*
활용할까,0,0,-500,VV+EF,*,F,활용할까,Inflect,VV,EF,활용하/VV/*+ㄹ까/EF/*
활용할까요,0,0,-500,VV+EF,*,F,활용할까요,Inflect,VV,EF,활용하/VV/*+ㄹ까요/EF/*
활용할게요,0,0,-500,VV+EF,*,F,활용할게요,Inflect,VV,EF,활용하/VV/*+ㄹ게요/EF/*
활용할게,0,0,-500,VV+EF,*,F,활용할게,Inflect,VV,EF,활용하/VV/*+ㄹ게/EF/*
활용하자,0,0,-500,VV+EF,*,F,활용하자,Inflect,VV,EF,활용하/VV/*+자/EF/*
활용하세요,0,0,-500,VV+EF,*,F,활용하세요,Inflect,VV,EF,활용하/VV/*+세요/EF/*
활용했다,0,0,-500,VV+EP+EF,*,F,활용했다,Inflect,VV,EF,활용하/VV/*+았/EP/*+다/EF/*
활용했어요,0,0,-500,VV+EP+EF,*,F,활용했어요,Inflect,VV,EF,활용하/VV/*+았/EP/*+요/EF/*
활용했ㅂ니다,0,0,-500,VV+EP+EF,*,F,활용했ㅂ니다,Inflect,VV,EF,활용하/VV/*+았/EP/*+ㅂ니다/EF/*
활용했으습니다,0,0,-500,VV+EP+EF,*,F,활용했으습니다,Inflect,VV,EF,활용하/VV/*+았/EP/*+습니다/EF/*
활용했ㄹ까,0,0,-500,VV+EP+EF,*,F,활용했ㄹ까,Inflect,VV,EF,활용하/VV/*+았/EP/*+ㄹ까/EF/*
활용했ㄹ까요,0,0,-500,VV+EP+EF,*,F,활용했ㄹ까요,Inflect,VV,EF,활용하/VV/*+았/EP/*+ㄹ까요/EF/*
활용했ㄹ게요,0,0,-500,VV+EP+EF,*,F,활용했ㄹ게요,Inflect,VV,EF,활용하/VV/*+았/EP/*+ㄹ게요/EF/*
활용했ㄹ게,0,0,-500,VV+EP+EF,*,F,활용했ㄹ게,Inflect,VV,EF,활용하/VV/*+았/EP/*+ㄹ게/EF/*
활용했자,0,0,-500,VV+EP+EF,*,F,활용했자,Inflect,VV,EF,활용하/VV/*+았/EP/*+자/EF/*
활용했으세요,0,0,-500,VV+EP+EF,*,F,활용했으세요,Inflect,VV,EF,활용하/VV/*+았/EP/*+세요/EF/*
활용했다,0,0,-500,VV+EP+EF,*,F,활용했다,Inflect,VV,EF,활용하/VV/*+었/EP/*+다/EF/*
활용했어요,0,0,-500,VV+EP+EF,*,F,활용했어요,Inflect,VV,EF,활용하/VV/*+었/EP/*+요/EF/*
활용했ㅂ니다,0,0,-500,VV+EP+EF,*,F,활용했ㅂ니다,Inflect,VV,EF,활용하/VV/*+었/EP/*+ㅂ니다/EF/*
활용했으습니다,0,0,-500,VV+EP+EF,*,F,활용했으습니다,Inflect,VV,EF,활용하/VV/*+었/EP/*+습니다/EF/*
활용했ㄹ까,0,0,-500,VV+EP+EF,*,F,활용했ㄹ까,Inflect,VV,EF,활용하/VV/*+었/EP/*+ㄹ까/EF/*
활용했ㄹ까요,0,0,-500,VV+EP+EF,*,F,활용했ㄹ까요,Inflect,VV,EF,활용하/VV/*+었/EP/*+ㄹ까요/EF/*
활용했ㄹ게요,0,0,-500,VV+EP+EF,*,F,활용했ㄹ게요,Inflect,VV,EF,활용하/VV/*+었/EP/*+ㄹ게요/EF/*
활용했ㄹ게,0,0,-500,VV+EP+EF,*,F,활용했ㄹ게,Inflect,VV,EF,활용하/VV/*+었/EP/*+ㄹ게/EF/*
활용했자,0,0,-500,VV+EP+EF,*,F,활용했자,Inflect,VV,EF,활용하/VV/*+었/EP/*+자/EF/*
활용했으세요,0,0,-500,VV+EP+EF,*,F,활용했으세요,Inflect,VV,EF,활용하/VV/*+었/EP/*+세요/EF/*
활용하시다,0,0,-500,VV+EP+EF,*,F,활용하시다,Inflect,VV,EF,활용하/VV/*+시/EP/*+다/EF/*
활용하셔요,0,0,-500,VV+EP+EF,*,F,활용하셔요,Inflect,VV,EF,활용하/VV/*+시/EP/*+요/EF/*
활용하십니다,0,0,-500,VV+EP+EF,*,F,활용하십니다,Inflect,VV,EF,활용하/VV/*+시/EP/*+ㅂ니다/EF/*
활용하시습니다,0,0,-500,VV+EP+EF,*,F,활용하시습니다,Inflect,VV,EF,활용하/VV/*+시/EP/*+습니다/EF/*
활용하실까,0,0,-500,VV+EP+EF,*,F,활용하실까,Inflect,VV,EF,활용하/VV/*+시/EP/*+ㄹ까/EF/*
활용하실까요,0,0,-500,VV+EP+EF,*,F,활용하실까요,Inflect,VV,EF,활용하/VV/*+시/EP/*+ㄹ까요/EF/*
활용하실게요,0,0,-500,VV+EP+EF,*,F,활용하실게요,Inflect,VV,EF,활용하/VV/*+시/EP/*+ㄹ게요/EF/*
활용하실게,0,0,-500,VV+EP+EF,*,F,활용하실게,Inflect,VV,EF,활용하/VV/*+시/EP/*+ㄹ게/EF/*
활용하시자,0,0,-500,VV+EP+EF,*,F,활용하시자,Inflect,VV,EF,활용하/VV/*+시/EP/*+자/EF/*
활용하시세요,0,0,-500,VV+EP+EF,*,F,활용하시세요,Inflect,VV,EF,활용하/VV/*+시/EP/*+세요/EF/*
활용하겠다,0,0,-500,VV+EP+EF,*,F,활용하겠다,Inflect,VV,EF,활용하/VV/*+겠/EP/*+다/EF/*
활용하겠어요,0,0,-500,VV+EP+EF,*,F,활용하겠어요,Inflect,VV,EF,활용하/VV/*+겠/EP/*+요/EF/*
활용하겠ㅂ니다,0,0,-500,VV+EP+EF,*,F,활용하겠ㅂ니다,Inflect,VV,EF,활용하/VV/*+겠/EP/*+ㅂ니다/EF/*
활용하겠으습니다,0,0,-500,VV+EP+EF,*,F,활용하겠으습니다,Inflect,VV,EF,활용하/VV/*+겠/EP/*+습니다/EF/*
활용하겠ㄹ까,0,0,-500,VV+EP+EF,*,F,활용하겠ㄹ까,Inflect,VV,EF,활용하/VV/*+겠/EP/*+ㄹ까/EF/*
활용하겠ㄹ까요,0,0,-500,VV+EP+EF,*,F,활용하겠ㄹ까요,Inflect,VV,EF,활용하/VV/*+겠/EP/*+ㄹ까요/EF/*
활용하겠ㄹ게요,0,0,-500,VV+EP+EF,*,F,활용하겠ㄹ게요,Inflect,VV,EF,활용하/VV/*+겠/EP/*+ㄹ게요/EF/*
활용하겠ㄹ게,0,0,-500,VV+EP+EF,*,F,활용하겠ㄹ게,Inflect,VV,EF,활용하/VV/*+겠/EP/*+ㄹ게/EF/*
활용하겠자,0,0,-500,VV+EP+EF,*,F,활용하겠자,Inflect,VV,EF,활용하/VV/*+겠/EP/*+자/EF/*
활용하겠으세요,0,0,-500,VV+EP+EF,*,F,활용하겠으세요,Inflect,VV,EF,활용하/VV/*+겠/EP/*+세요/EF/*
연구하는,0,0,-500,VV+ETM,*,T,연구하는,Inflect,VV,ETM,연구하/VV/*+는/ETM/*
연구한,0,0,-500,VV+ETM,*,T,연구한,Inflect,VV,ETM,연구하/VV/*+ㄴ/ETM/*
연구하은,0,0,-500,VV+ETM,*,T,연구하은,Inflect,VV,ETM,연구하/VV/*+은/ETM/*
연구할,0,0,-500,VV+ETM,*,T,연구할,Inflect,VV,ETM,연구하/VV/*+ㄹ/ETM/*
연구하을,0,0,-500,VV+ETM,*,T,연구하을,Inflect,VV,ETM,연구하/VV/*+을/ETM/*
연구하고,0,0,-500,VV+EC,*,F,연구하고,Inflect,VV,EC,연구하/VV/*+고/EC/*
연구해서,0,0,-500,VV+EC,*,F,연구해서,Inflect,VV,EC,연구하/VV/*+서/EC/*
연구하니까,0,0,-500,VV+EC,*,F,연구하니까,Inflect,VV,EC,연구하/VV/*+니까/EC/*
연구하니,0,0,-500,VV+EC,*,F,연구하니,Inflect,VV,EC,연구하/VV/*+니/EC/*
연구하면,0,0,-500,VV+EC,*,T,연구하면,Inflect,VV,EC,연구하/VV/*+면/EC/*
연구하지만,0,0,-500,VV+EC,*,T,연구하지만,Inflect,VV,EC,연구하/VV/*+지만/EC/*
연구하는데,0,0,-500,VV+EC,*,F,연구하는데,Inflect,VV,EC,연구하/VV/*+는데/EC/*
연구한데,0,0,-500,VV+EC,*,F,연구한데,Inflect,VV,EC,연구하/VV/*+ㄴ데/EC/*
연구하은데,0,0,-500,VV+EC,*,F,연구하은데,Inflect,VV,EC,연구하/VV/*+은데/EC/*
연구하면서,0,0,-500,VV+EC,*,F,연구하면서,Inflect,VV,EC,연구하/VV/*+면서/EC/*
연구하며,0,0,-500,VV+EC,*,F,연구하며,Inflect,VV,EC,연구하/VV/*+며/EC/*
연구하러,0,0,-500,VV+EC,*,F,연구하러,Inflect,VV,EC,연구하/VV/*+러/EC/*
연구하려고,0,0,-500,VV+EC,*,F,연구하려고,Inflect,VV,EC,연구하/VV/*+려고/EC/*
연구하려,0,0,-500,VV+EC,*,F,연구하려,Inflect,VV,EC,연구하/VV/*+려/EC/*
연구해도,0,0,-500,VV+EC,*,F,연구해도,Inflect,VV,EC,연구하/VV/*+도/EC/*
연구하다가,0,0,-500,VV+EC,*,F,연구하다가,Inflect,VV,EC,연구하/VV/*+다가/EC/*
연구하자,0,0,-500,VV+EC,*,F,연구하자,Inflect,VV,EC,연구하/VV/*+자/EC/*
연구하자마자,0,0,-500,VV+EC,*,F,연구하자마자,Inflect,VV,EC,연구하/VV/*+자마자/EC/*
연구하고서,0,0,-500,VV+EC,*,F,연구하고서,Inflect,VV,EC,연구하/VV/*+고서/EC/*
연구하고나서,0,0,-500,VV+EC,*,F,연구하고나서,Inflect,VV,EC,연구하/VV/*+고나서/EC/*
연구하도록,0,0,-500,VV+EC,*,T,연구하도록,Inflect,VV,EC,연구하/VV/*+도록/EC/*
연구하게,0,0,-500,VV+EC,*,F,연구하게,Inflect,VV,EC,연구하/VV/*+게/EC/*
연구하더라도,0,0,-500,VV+EC,*,F,연구하더라도,Inflect,VV,EC,연구하/VV/*+더라도/EC/*
연구할지라도,0,0,-500,VV+EC,*,F,연구할지라도,Inflect,VV,EC,연구하/VV/*+ㄹ지라도/EC/*
연구하을지라도,0,0,-500,VV+EC,*,F,연구하을지라도,Inflect,VV,EC,연구하/VV/*+을지라도/EC/*
연구할수록,0,0,-500,VV+EC,*,T,연구할수록,Inflect,VV,EC,연구하/VV/*+ㄹ수록/EC/*
연구하을수록,0,0,-500,VV+EC,*,T,연구하을수록,Inflect,VV,EC,연구하/VV/*+을수록/EC/*
연구하다고,0,0,-500,VV+EC,*,F,연구하다고,Inflect,VV,EC,연구하/VV/*+다고/EC/*
연구하라고,0,0,-500,VV+EC,*,F,연구하라고,Inflect,VV,EC,연구하/VV/*+라고/EC/*
연구하냐고,0,0,-500,VV+EC,*,F,연구하냐고,Inflect,VV,EC,연구하/VV/*+냐고/EC/*
연구하지,0,0,-500,VV+EC,*,F,연구하지,Inflect,VV,EC,연구하/VV/*+지/EC/*
연구하거나,0,0,-500,VV+EC,*,F,연구하거나,Inflect,VV,EC,연구하/VV/*+거나/EC/*
연구하든지,0,0,-500,VV+EC,*,F,연구하든지,Inflect,VV,EC,연구하/VV/*+든지/EC/*
연구하듯이,0,0,-500,VV+EC,*,F,연구하듯이,Inflect,VV,EC,연구하/VV/*+듯이/EC/*
연구하듯,0,0,-500,VV+EC,*,T,연구하듯,Inflect,VV,EC,연구하/VV/*+듯/EC/*
연구하다,0,0,-500,VV+EF,*,F,연구하다,Inflect,VV,EF,연구하/VV/*+다/EF/*
연구해요,0,0,-500,VV+EF,*,F,연구해요,Inflect,VV,EF,연구하/VV/*+요/EF/*
연구합니다,0,0,-500,VV+EF,*,F,연구합니다,Inflect,VV,EF,연구하/VV/*+ㅂ니다/EF/*
연구하습니다,0,0,-500,VV+EF,*,F,연구하습니다,Inflect,VV,EF,연구하/VV/*+습니다/EF/*
연구할까,0,0,-500,VV+EF,*,F,연구할까,Inflect,VV,EF,연구하/VV/*+ㄹ까/EF/*
연구할까요,0,0,-500,VV+EF,*,F,연구할까요,Inflect,VV,EF,연구하/VV/*+ㄹ까요/EF/*
연구할게요,0,0,-500,VV+EF,*,F,연구할게요,Inflect,VV,EF,연구하/VV/*+ㄹ게요/EF/*
연구할게,0,0,-500,VV+EF,*,F,연구할게,Inflect,VV,EF,연구하/VV/*+ㄹ게/EF/*
연구하자,0,0,-500,VV+EF,*,F,연구하자,Inflect,VV,EF,연구하/VV/*+자/EF/*
연구하세요,0,0,-500,VV+EF,*,F,연구하세요,Inflect,VV,EF,연구하/VV/*+세요/EF/*
연구했다,0,0,-500,VV+EP+EF,*,F,연구했다,Inflect,VV,EF,연구하/VV/*+았/EP/*+다/EF/*
연구했어요,0,0,-500,VV+EP+EF,*,F,연구했어요,Inflect,VV,EF,연구하/VV/*+았/EP/*+요/EF/*
연구했ㅂ니다,0,0,-500,VV+EP+EF,*,F,연구했ㅂ니다,Inflect,VV,EF,연구하/VV/*+았/EP/*+ㅂ니다/EF/*
연구했으습니다,0,0,-500,VV+EP+EF,*,F,연구했으습니다,Inflect,VV,EF,연구하/VV/*+았/EP/*+습니다/EF/*
연구했ㄹ까,0,0,-500,VV+EP+EF,*,F,연구했ㄹ까,Inflect,VV,EF,연구하/VV/*+았/EP/*+ㄹ까/EF/*
연구했ㄹ까요,0,0,-500,VV+EP+EF,*,F,연구했ㄹ까요,Inflect,VV,EF,연구하/VV/*+았/EP/*+ㄹ까요/EF/*
연구했ㄹ게요,0,0,-500,VV+EP+EF,*,F,연구했ㄹ게요,Inflect,VV,EF,연구하/VV/*+았/EP/*+ㄹ게요/EF/*
연구했ㄹ게,0,0,-500,VV+EP+EF,*,F,연구했ㄹ게,Inflect,VV,EF,연구하/VV/*+았/EP/*+ㄹ게/EF/*
연구했자,0,0,-500,VV+EP+EF,*,F,연구했자,Inflect,VV,EF,연구하/VV/*+았/EP/*+자/EF/*
연구했으세요,0,0,-500,VV+EP+EF,*,F,연구했으세요,Inflect,VV,EF,연구하/VV/*+았/EP/*+세요/EF/*
연구했다,0,0,-500,VV+EP+EF,*,F,연구했다,Inflect,VV,EF,연구하/VV/*+었/EP/*+다/EF/*
연구했어요,0,0,-500,VV+EP+EF,*,F,연구했어요,Inflect,VV,EF,연구하/VV/*+었/EP/*+요/EF/*
연구했ㅂ니다,0,0,-500,VV+EP+EF,*,F,연구했ㅂ니다,Inflect,VV,EF,연구하/VV/*+었/EP/*+ㅂ니다/EF/*
연구했으습니다,0,0,-500,VV+EP+EF,*,F,연구했으습니다,Inflect,VV,EF,연구하/VV/*+었/EP/*+습니다/EF/*
연구했ㄹ까,0,0,-500,VV+EP+EF,*,F,연구했ㄹ까,Inflect,VV,EF,연구하/VV/*+었/EP/*+ㄹ까/EF/*
연구했ㄹ까요,0,0,-500,VV+EP+EF,*,F,연구했ㄹ까요,Inflect,VV,EF,연구하/VV/*+었/EP/*+ㄹ까요/EF/*
연구했ㄹ게요,0,0,-500,VV+EP+EF,*,F,연구했ㄹ게요,Inflect,VV,EF,연구하/VV/*+었/EP/*+ㄹ게요/EF/*
연구했ㄹ게,0,0,-500,VV+EP+EF,*,F,연구했ㄹ게,Inflect,VV,EF,연구하/VV/*+었/EP/*+ㄹ게/EF/*
연구했자,0,0,-500,VV+EP+EF,*,F,연구했자,Inflect,VV,EF,연구하/VV/*+었/EP/*+자/EF/*
연구했으세요,0,0,-500,VV+EP+EF,*,F,연구했으세요,Inflect,VV,EF,연구하/VV/*+었/EP/*+세요/EF/*
연구하시다,0,0,-500,VV+EP+EF,*,F,연구하시다,Inflect,VV,EF,연구하/VV/*+시/EP/*+다/EF/*
연구하셔요,0,0,-500,VV+EP+EF,*,F,연구하셔요,Inflect,VV,EF,연구하/VV/*+시/EP/*+요/EF/*
연구하십니다,0,0,-500,VV+EP+EF,*,F,연구하십니다,Inflect,VV,EF,연구하/VV/*+시/EP/*+ㅂ니다/EF/*
연구하시습니다,0,0,-500,VV+EP+EF,*,F,연구하시습니다,Inflect,VV,EF,연구하/VV/*+시/EP/*+습니다/EF/*
연구하실까,0,0,-500,VV+EP+EF,*,F,연구하실까,Inflect,VV,EF,연구하/VV/*+시/EP/*+ㄹ까/EF/*
연구하실까요,0,0,-500,VV+EP+EF,*,F,연구하실까요,Inflect,VV,EF,연구하/VV/*+시/EP/*+ㄹ까요/EF/*
연구하실게요,0,0,-500,VV+EP+EF,*,F,연구하실게요,Inflect,VV,EF,연구하/VV/*+시/EP/*+ㄹ게요/EF/*
연구하실게,0,0,-500,VV+EP+EF,*,F,연구하실게,Inflect,VV,EF,연구하/VV/*+시/EP/*+ㄹ게/EF/*
연구하시자,0,0,-500,VV+EP+EF,*,F,연구하시자,Inflect,VV,EF,연구하/VV/*+시/EP/*+자/EF/*
연구하시세요,0,0,-500,VV+EP+EF,*,F,연구하시세요,Inflect,VV,EF,연구하/VV/*+시/EP/*+세요/EF/*
연구하겠다,0,0,-500,VV+EP+EF,*,F,연구하겠다,Inflect,VV,EF,연구하/VV/*+겠/EP/*+다/EF/*
연구하겠어요,0,0,-500,VV+EP+EF,*,F,연구하겠어요,Inflect,VV,EF,연구하/VV/*+겠/EP/*+요/EF/*
연구하겠ㅂ니다,0,0,-500,VV+EP+EF,*,F,연구하겠ㅂ니다,Inflect,VV,EF,연구하/VV/*+겠/EP/*+ㅂ니다/EF/*
연구하겠으습니다,0,0,-500,VV+EP+EF,*,F,연구하겠으습니다,Inflect,VV,EF,연구하/VV/*+겠/EP/*+습니다/EF/*
연구하겠ㄹ까,0,0,-500,VV+EP+EF,*,F,연구하겠ㄹ까,Inflect,VV,EF,연구하/VV/*+겠/EP/*+ㄹ까/EF/*
연구하겠ㄹ까요,0,0,-500,VV+EP+EF,*,F,연구하겠ㄹ까요,Inflect,VV,EF,연구하/VV/*+겠/EP/*+ㄹ까요/EF/*
연구하겠ㄹ게요,0,0,-500,VV+EP+EF,*,F,연구하겠ㄹ게요,Inflect,VV,EF,연구하/VV/*+겠/EP/*+ㄹ게요/EF/*
연구하겠ㄹ게,0,0,-500,VV+EP+EF,*,F,연구하겠ㄹ게,Inflect,VV,EF,연구하/VV/*+겠/EP/*+ㄹ게/EF/*
연구하겠자,0,0,-500,VV+EP+EF,*,F,연구하겠자,Inflect,VV,EF,연구하/VV/*+겠/EP/*+자/EF/*
연구하겠으세요,0,0,-500,VV+EP+EF,*,F,연구하겠으세요,Inflect,VV,EF,연구하/VV/*+겠/EP/*+세요/EF/*
분석하는,0,0,-500,VV+ETM,*,T,분석하는,Inflect,VV,ETM,분석하/VV/*+는/ETM/*
분석한,0,0,-500,VV+ETM,*,T,분석한,Inflect,VV,ETM,분석하/VV/*+ㄴ/ETM/*
분석하은,0,0,-500,VV+ETM,*,T,분석하은,Inflect,VV,ETM,분석하/VV/*+은/ETM/*
분석할,0,0,-500,VV+ETM,*,T,분석할,Inflect,VV,ETM,분석하/VV/*+ㄹ/ETM/*
분석하을,0,0,-500,VV+ETM,*,T,분석하을,Inflect,VV,ETM,분석하/VV/*+을/ETM/*
분석하고,0,0,-500,VV+EC,*,F,분석하고,Inflect,VV,EC,분석하/VV/*+고/EC/*
분석해서,0,0,-500,VV+EC,*,F,분석해서,Inflect,VV,EC,분석하/VV/*+서/EC/*
분석하니까,0,0,-500,VV+EC,*,F,분석하니까,Inflect,VV,EC,분석하/VV/*+니까/EC/*
분석하니,0,0,-500,VV+EC,*,F,분석하니,Inflect,VV,EC,분석하/VV/*+니/EC/*
분석하면,0,0,-500,VV+EC,*,T,분석하면,Inflect,VV,EC,분석하/VV/*+면/EC/*
분석하지만,0,0,-500,VV+EC,*,T,분석하지만,Inflect,VV,EC,분석하/VV/*+지만/EC/*
분석하는데,0,0,-500,VV+EC,*,F,분석하는데,Inflect,VV,EC,분석하/VV/*+는데/EC/*
분석한데,0,0,-500,VV+EC,*,F,분석한데,Inflect,VV,EC,분석하/VV/*+ㄴ데/EC/*
분석하은데,0,0,-500,VV+EC,*,F,분석하은데,Inflect,VV,EC,분석하/VV/*+은데/EC/*
분석하면서,0,0,-500,VV+EC,*,F,분석하면서,Inflect,VV,EC,분석하/VV/*+면서/EC/*
분석하며,0,0,-500,VV+EC,*,F,분석하며,Inflect,VV,EC,분석하/VV/*+며/EC/*
분석하러,0,0,-500,VV+EC,*,F,분석하러,Inflect,VV,EC,분석하/VV/*+러/EC/*
분석하려고,0,0,-500,VV+EC,*,F,분석하려고,Inflect,VV,EC,분석하/VV/*+려고/EC/*
분석하려,0,0,-500,VV+EC,*,F,분석하려,Inflect,VV,EC,분석하/VV/*+려/EC/*
분석해도,0,0,-500,VV+EC,*,F,분석해도,Inflect,VV,EC,분석하/VV/*+도/EC/*
분석하다가,0,0,-500,VV+EC,*,F,분석하다가,Inflect,VV,EC,분석하/VV/*+다가/EC/*
분석하자,0,0,-500,VV+EC,*,F,분석하자,Inflect,VV,EC,분석하/VV/*+자/EC/*
분석하자마자,0,0,-500,VV+EC,*,F,분석하자마자,Inflect,VV,EC,분석하/VV/*+자마자/EC/*
분석하고서,0,0,-500,VV+EC,*,F,분석하고서,Inflect,VV,EC,분석하/VV/*+고서/EC/*
분석하고나서,0,0,-500,VV+EC,*,F,분석하고나서,Inflect,VV,EC,분석하/VV/*+고나서/EC/*
분석하도록,0,0,-500,VV+EC,*,T,분석하도록,Inflect,VV,EC,분석하/VV/*+도록/EC/*
분석하게,0,0,-500,VV+EC,*,F,분석하게,Inflect,VV,EC,분석하/VV/*+게/EC/*
분석하더라도,0,0,-500,VV+EC,*,F,분석하더라도,Inflect,VV,EC,분석하/VV/*+더라도/EC/*
분석할지라도,0,0,-500,VV+EC,*,F,분석할지라도,Inflect,VV,EC,분석하/VV/*+ㄹ지라도/EC/*
분석하을지라도,0,0,-500,VV+EC,*,F,분석하을지라도,Inflect,VV,EC,분석하/VV/*+을지라도/EC/*
분석할수록,0,0,-500,VV+EC,*,T,분석할수록,Inflect,VV,EC,분석하/VV/*+ㄹ수록/EC/*
분석하을수록,0,0,-500,VV+EC,*,T,분석하을수록,Inflect,VV,EC,분석하/VV/*+을수록/EC/*
분석하다고,0,0,-500,VV+EC,*,F,분석하다고,Inflect,VV,EC,분석하/VV/*+다고/EC/*
분석하라고,0,0,-500,VV+EC,*,F,분석하라고,Inflect,VV,EC,분석하/VV/*+라고/EC/*
분석하냐고,0,0,-500,VV+EC,*,F,분석하냐고,Inflect,VV,EC,분석하/VV/*+냐고/EC/*
분석하지,0,0,-500,VV+EC,*,F,분석하지,Inflect,VV,EC,분석하/VV/*+지/EC/*
분석하거나,0,0,-500,VV+EC,*,F,분석하거나,Inflect,VV,EC,분석하/VV/*+거나/EC/*
분석하든지,0,0,-500,VV+EC,*,F,분석하든지,Inflect,VV,EC,분석하/VV/*+든지/EC/*
분석하듯이,0,0,-500,VV+EC,*,F,분석하듯이,Inflect,VV,EC,분석하/VV/*+듯이/EC/*
분석하듯,0,0,-500,VV+EC,*,T,분석하듯,Inflect,VV,EC,분석하/VV/*+듯/EC/*
분석하다,0,0,-500,VV+EF,*,F,분석하다,Inflect,VV,EF,분석하/VV/*+다/EF/*
분석해요,0,0,-500,VV+EF,*,F,분석해요,Inflect,VV,EF,분석하/VV/*+요/EF/*
분석합니다,0,0,-500,VV+EF,*,F,분석합니다,Inflect,VV,EF,분석하/VV/*+ㅂ니다/EF/*
분석하습니다,0,0,-500,VV+EF,*,F,분석하습니다,Inflect,VV,EF,분석하/VV/*+습니다/EF/*
분석할까,0,0,-500,VV+EF,*,F,분석할까,Inflect,VV,EF,분석하/VV/*+ㄹ까/EF/*
분석할까요,0,0,-500,VV+EF,*,F,분석할까요,Inflect,VV,EF,분석하/VV/*+ㄹ까요/EF/*
분석할게요,0,0,-500,VV+EF,*,F,분석할게요,Inflect,VV,EF,분석하/VV/*+ㄹ게요/EF/*
분석할게,0,0,-500,VV+EF,*,F,분석할게,Inflect,VV,EF,분석하/VV/*+ㄹ게/EF/*
분석하자,0,0,-500,VV+EF,*,F,분석하자,Inflect,VV,EF,분석하/VV/*+자/EF/*
분석하세요,0,0,-500,VV+EF,*,F,분석하세요,Inflect,VV,EF,분석하/VV/*+세요/EF/*
분석했다,0,0,-500,VV+EP+EF,*,F,분석했다,Inflect,VV,EF,분석하/VV/*+았/EP/*+다/EF/*
분석했어요,0,0,-500,VV+EP+EF,*,F,분석했어요,Inflect,VV,EF,분석하/VV/*+았/EP/*+요/EF/*
분석했ㅂ니다,0,0,-500,VV+EP+EF,*,F,분석했ㅂ니다,Inflect,VV,EF,분석하/VV/*+았/EP/*+ㅂ니다/EF/*
분석했으습니다,0,0,-500,VV+EP+EF,*,F,분석했으습니다,Inflect,VV,EF,분석하/VV/*+았/EP/*+습니다/EF/*
분석했ㄹ까,0,0,-500,VV+EP+EF,*,F,분석했ㄹ까,Inflect,VV,EF,분석하/VV/*+았/EP/*+ㄹ까/EF/*
분석했ㄹ까요,0,0,-500,VV+EP+EF,*,F,분석했ㄹ까요,Inflect,VV,EF,분석하/VV/*+았/EP/*+ㄹ까요/EF/*
분석했ㄹ게요,0,0,-500,VV+EP+EF,*,F,분석했ㄹ게요,Inflect,VV,EF,분석하/VV/*+았/EP/*+ㄹ게요/EF/*
분석했ㄹ게,0,0,-500,VV+EP+EF,*,F,분석했ㄹ게,Inflect,VV,EF,분석하/VV/*+았/EP/*+ㄹ게/EF/*
분석했자,0,0,-500,VV+EP+EF,*,F,분석했자,Inflect,VV,EF,분석하/VV/*+았/EP/*+자/EF/*
분석했으세요,0,0,-500,VV+EP+EF,*,F,분석했으세요,Inflect,VV,EF,분석하/VV/*+았/EP/*+세요/EF/*
분석했다,0,0,-500,VV+EP+EF,*,F,분석했다,Inflect,VV,EF,분석하/VV/*+었/EP/*+다/EF/*
분석했어요,0,0,-500,VV+EP+EF,*,F,분석했어요,Inflect,VV,EF,분석하/VV/*+었/EP/*+요/EF/*
분석했ㅂ니다,0,0,-500,VV+EP+EF,*,F,분석했ㅂ니다,Inflect,VV,EF,분석하/VV/*+었/EP/*+ㅂ니다/EF/*
분석했으습니다,0,0,-500,VV+EP+EF,*,F,분석했으습니다,Inflect,VV,EF,분석하/VV/*+었/EP/*+습니다/EF/*
분석했ㄹ까,0,0,-500,VV+EP+EF,*,F,분석했ㄹ까,Inflect,VV,EF,분석하/VV/*+었/EP/*+ㄹ까/EF/*
분석했ㄹ까요,0,0,-500,VV+EP+EF,*,F,분석했ㄹ까요,Inflect,VV,EF,분석하/VV/*+었/EP/*+ㄹ까요/EF/*
분석했ㄹ게요,0,0,-500,VV+EP+EF,*,F,분석했ㄹ게요,Inflect,VV,EF,분석하/VV/*+었/EP/*+ㄹ게요/EF/*
분석했ㄹ게,0,0,-500,VV+EP+EF,*,F,분석했ㄹ게,Inflect,VV,EF,분석하/VV/*+었/EP/*+ㄹ게/EF/*
분석했자,0,0,-500,VV+EP+EF,*,F,분석했자,Inflect,VV,EF,분석하/VV/*+었/EP/*+자/EF/*
분석했으세요,0,0,-500,VV+EP+EF,*,F,분석했으세요,Inflect,VV,EF,분석하/VV/*+었/EP/*+세요/EF/*
분석하시다,0,0,-500,VV+EP+EF,*,F,분석하시다,Inflect,VV,EF,분석하/VV/*+시/EP/*+다/EF/*
분석하셔요,0,0,-500,VV+EP+EF,*,F,분석하셔요,Inflect,VV,EF,분석하/VV/*+시/EP/*+요/EF/*
분석하십니다,0,0,-500,VV+EP+EF,*,F,분석하십니다,Inflect,VV,EF,분석하/VV/*+시/EP/*+ㅂ니다/EF/*
분석하시습니다,0,0,-500,VV+EP+EF,*,F,분석하시습니다,Inflect,VV,EF,분석하/VV/*+시/EP/*+습니다/EF/*
분석하실까,0,0,-500,VV+EP+EF,*,F,분석하실까,Inflect,VV,EF,분석하/VV/*+시/EP/*+ㄹ까/EF/*
분석하실까요,0,0,-500,VV+EP+EF,*,F,분석하실까요,Inflect,VV,EF,분석하/VV/*+시/EP/*+ㄹ까요/EF/*
분석하실게요,0,0,-500,VV+EP+EF,*,F,분석하실게요,Inflect,VV,EF,분석하/VV/*+시/EP/*+ㄹ게요/EF/*
분석하실게,0,0,-500,VV+EP+EF,*,F,분석하실게,Inflect,VV,EF,분석하/VV/*+시/EP/*+ㄹ게/EF/*
분석하시자,0,0,-500,VV+EP+EF,*,F,분석하시자,Inflect,VV,EF,분석하/VV/*+시/EP/*+자/EF/*
분석하시세요,0,0,-500,VV+EP+EF,*,F,분석하시세요,Inflect,VV,EF,분석하/VV/*+시/EP/*+세요/EF/*
분석하겠다,0,0,-500,VV+EP+EF,*,F,분석하겠다,Inflect,VV,EF,분석하/VV/*+겠/EP/*+다/EF/*
분석하겠어요,0,0,-500,VV+EP+EF,*,F,분석하겠어요,Inflect,VV,EF,분석하/VV/*+겠/EP/*+요/EF/*
분석하겠ㅂ니다,0,0,-500,VV+EP+EF,*,F,분석하겠ㅂ니다,Inflect,VV,EF,분석하/VV/*+겠/EP/*+ㅂ니다/EF/*
분석하겠으습니다,0,0,-500,VV+EP+EF,*,F,분석하겠으습니다,Inflect,VV,EF,분석하/VV/*+겠/EP/*+습니다/EF/*
분석하겠ㄹ까,0,0,-500,VV+EP+EF,*,F,분석하겠ㄹ까,Inflect,VV,EF,분석하/VV/*+겠/EP/*+ㄹ까/EF/*
분석하겠ㄹ까요,0,0,-500,VV+EP+EF,*,F,분석하겠ㄹ까요,Inflect,VV,EF,분석하/VV/*+겠/EP/*+ㄹ까요/EF/*
분석하겠ㄹ게요,0,0,-500,VV+EP+EF,*,F,분석하겠ㄹ게요,Inflect,VV,EF,분석하/VV/*+겠/EP/*+ㄹ게요/EF/*
분석하겠ㄹ게,0,0,-500,VV+EP+EF,*,F,분석하겠ㄹ게,Inflect,VV,EF,분석하/VV/*+겠/EP/*+ㄹ게/EF/*
분석하겠자,0,0,-500,VV+EP+EF,*,F,분석하겠자,Inflect,VV,EF,분석하/VV/*+겠/EP/*+자/EF/*
분석하겠으세요,0,0,-500,VV+EP+EF,*,F,분석하겠으세요,Inflect,VV,EF,분석하/VV/*+겠/EP/*+세요/EF/*
검토하는,0,0,-500,VV+ETM,*,T,검토하는,Inflect,VV,ETM,검토하/VV/*+는/ETM/*
검토한,0,0,-500,VV+ETM,*,T,검토한,Inflect,VV,ETM,검토하/VV/*+ㄴ/ETM/*
검토하은,0,0,-500,VV+ETM,*,T,검토하은,Inflect,VV,ETM,검토하/VV/*+은/ETM/*
검토할,0,0,-500,VV+ETM,*,T,검토할,Inflect,VV,ETM,검토하/VV/*+ㄹ/ETM/*
검토하을,0,0,-500,VV+ETM,*,T,검토하을,Inflect,VV,ETM,검토하/VV/*+을/ETM/*
검토하고,0,0,-500,VV+EC,*,F,검토하고,Inflect,VV,EC,검토하/VV/*+고/EC/*
검토해서,0,0,-500,VV+EC,*,F,검토해서,Inflect,VV,EC,검토하/VV/*+서/EC/*
검토하니까,0,0,-500,VV+EC,*,F,검토하니까,Inflect,VV,EC,검토하/VV/*+니까/EC/*
검토하니,0,0,-500,VV+EC,*,F,검토하니,Inflect,VV,EC,검토하/VV/*+니/EC/*
검토하면,0,0,-500,VV+EC,*,T,검토하면,Inflect,VV,EC,검토하/VV/*+면/EC/*
검토하지만,0,0,-500,VV+EC,*,T,검토하지만,Inflect,VV,EC,검토하/VV/*+지만/EC/*
검토하는데,0,0,-500,VV+EC,*,F,검토하는데,Inflect,VV,EC,검토하/VV/*+는데/EC/*
검토한데,0,0,-500,VV+EC,*,F,검토한데,Inflect,VV,EC,검토하/VV/*+ㄴ데/EC/*
검토하은데,0,0,-500,VV+EC,*,F,검토하은데,Inflect,VV,EC,검토하/VV/*+은데/EC/*
검토하면서,0,0,-500,VV+EC,*,F,검토하면서,Inflect,VV,EC,검토하/VV/*+면서/EC/*
검토하며,0,0,-500,VV+EC,*,F,검토하며,Inflect,VV,EC,검토하/VV/*+며/EC/*
검토하러,0,0,-500,VV+EC,*,F,검토하러,Inflect,VV,EC,검토하/VV/*+러/EC/*
검토하려고,0,0,-500,VV+EC,*,F,검토하려고,Inflect,VV,EC,검토하/VV/*+려고/EC/*
검토하려,0,0,-500,VV+EC,*,F,검토하려,Inflect,VV,EC,검토하/VV/*+려/EC/*
검토해도,0,0,-500,VV+EC,*,F,검토해도,Inflect,VV,EC,검토하/VV/*+도/EC/*
검토하다가,0,0,-500,VV+EC,*,F,검토하다가,Inflect,VV,EC,검토하/VV/*+다가/EC/*
검토하자,0,0,-500,VV+EC,*,F,검토하자,Inflect,VV,EC,검토하/VV/*+자/EC/*
검토하자마자,0,0,-500,VV+EC,*,F,검토하자마자,Inflect,VV,EC,검토하/VV/*+자마자/EC/*
검토하고서,0,0,-500,VV+EC,*,F,검토하고서,Inflect,VV,EC,검토하/VV/*+고서/EC/*
검토하고나서,0,0,-500,VV+EC,*,F,검토하고나서,Inflect,VV,EC,검토하/VV/*+고나서/EC/*
검토하도록,0,0,-500,VV+EC,*,T,검토하도록,Inflect,VV,EC,검토하/VV/*+도록/EC/*
검토하게,0,0,-500,VV+EC,*,F,검토하게,Inflect,VV,EC,검토하/VV/*+게/EC/*
검토하더라도,0,0,-500,VV+EC,*,F,검토하더라도,Inflect,VV,EC,검토하/VV/*+더라도/EC/*
검토할지라도,0,0,-500,VV+EC,*,F,검토할지라도,Inflect,VV,EC,검토하/VV/*+ㄹ지라도/EC/*
검토하을지라도,0,0,-500,VV+EC,*,F,검토하을지라도,Inflect,VV,EC,검토하/VV/*+을지라도/EC/*
검토할수록,0,0,-500,VV+EC,*,T,검토할수록,Inflect,VV,EC,검토하/VV/*+ㄹ수록/EC/*
검토하을수록,0,0,-500,VV+EC,*,T,검토하을수록,Inflect,VV,EC,검토하/VV/*+을수록/EC/*
검토하다고,0,0,-500,VV+EC,*,F,검토하다고,Inflect,VV,EC,검토하/VV/*+다고/EC/*
검토하라고,0,0,-500,VV+EC,*,F,검토하라고,Inflect,VV,EC,검토하/VV/*+라고/EC/*
검토하냐고,0,0,-500,VV+EC,*,F,검토하냐고,Inflect,VV,EC,검토하/VV/*+냐고/EC/*
검토하지,0,0,-500,VV+EC,*,F,검토하지,Inflect,VV,EC,검토하/VV/*+지/EC/*
검토하거나,0,0,-500,VV+EC,*,F,검토하거나,Inflect,VV,EC,검토하/VV/*+거나/EC/*
검토하든지,0,0,-500,VV+EC,*,F,검토하든지,Inflect,VV,EC,검토하/VV/*+든지/EC/*
검토하듯이,0,0,-500,VV+EC,*,F,검토하듯이,Inflect,VV,EC,검토하/VV/*+듯이/EC/*
검토하듯,0,0,-500,VV+EC,*,T,검토하듯,Inflect,VV,EC,검토하/VV/*+듯/EC/*
검토하다,0,0,-500,VV+EF,*,F,검토하다,Inflect,VV,EF,검토하/VV/*+다/EF/*
검토해요,0,0,-500,VV+EF,*,F,검토해요,Inflect,VV,EF,검토하/VV/*+요/EF/*
검토합니다,0,0,-500,VV+EF,*,F,검토합니다,Inflect,VV,EF,검토하/VV/*+ㅂ니다/EF/*
검토하습니다,0,0,-500,VV+EF,*,F,검토하습니다,Inflect,VV,EF,검토하/VV/*+습니다/EF/*
검토할까,0,0,-500,VV+EF,*,F,검토할까,Inflect,VV,EF,검토하/VV/*+ㄹ까/EF/*
검토할까요,0,0,-500,VV+EF,*,F,검토할까요,Inflect,VV,EF,검토하/VV/*+ㄹ까요/EF/*
검토할게요,0,0,-500,VV+EF,*,F,검토할게요,Inflect,VV,EF,검토하/VV/*+ㄹ게요/EF/*
검토할게,0,0,-500,VV+EF,*,F,검토할게,Inflect,VV,EF,검토하/VV/*+ㄹ게/EF/*
검토하자,0,0,-500,VV+EF,*,F,검토하자,Inflect,VV,EF,검토하/VV/*+자/EF/*
검토하세요,0,0,-500,VV+EF,*,F,검토하세요,Inflect,VV,EF,검토하/VV/*+세요/EF/*
검토했다,0,0,-500,VV+EP+EF,*,F,검토했다,Inflect,VV,EF,검토하/VV/*+았/EP/*+다/EF/*
검토했어요,0,0,-500,VV+EP+EF,*,F,검토했어요,Inflect,VV,EF,검토하/VV/*+았/EP/*+요/EF/*
검토했ㅂ니다,0,0,-500,VV+EP+EF,*,F,검토했ㅂ니다,Inflect,VV,EF,검토하/VV/*+았/EP/*+ㅂ니다/EF/*
검토했으습니다,0,0,-500,VV+EP+EF,*,F,검토했으습니다,Inflect,VV,EF,검토하/VV/*+았/EP/*+습니다/EF/*
검토했ㄹ까,0,0,-500,VV+EP+EF,*,F,검토했ㄹ까,Inflect,VV,EF,검토하/VV/*+았/EP/*+ㄹ까/EF/*
검토했ㄹ까요,0,0,-500,VV+EP+EF,*,F,검토했ㄹ까요,Inflect,VV,EF,검토하/VV/*+았/EP/*+ㄹ까요/EF/*
검토했ㄹ게요,0,0,-500,VV+EP+EF,*,F,검토했ㄹ게요,Inflect,VV,EF,검토하/VV/*+았/EP/*+ㄹ게요/EF/*
검토했ㄹ게,0,0,-500,VV+EP+EF,*,F,검토했ㄹ게,Inflect,VV,EF,검토하/VV/*+았/EP/*+ㄹ게/EF/*
검토했자,0,0,-500,VV+EP+EF,*,F,검토했자,Inflect,VV,EF,검토하/VV/*+았/EP/*+자/EF/*
검토했으세요,0,0,-500,VV+EP+EF,*,F,검토했으세요,Inflect,VV,EF,검토하/VV/*+았/EP/*+세요/EF/*
검토했다,0,0,-500,VV+EP+EF,*,F,검토했다,Inflect,VV,EF,검토하/VV/*+었/EP/*+다/EF/*
검토했어요,0,0,-500,VV+EP+EF,*,F,검토했어요,Inflect,VV,EF,검토하/VV/*+었/EP/*+요/EF/*
검토했ㅂ니다,0,0,-500,VV+EP+EF,*,F,검토했ㅂ니다,Inflect,VV,EF,검토하/VV/*+었/EP/*+ㅂ니다/EF/*
검토했으습니다,0,0,-500,VV+EP+EF,*,F,검토했으습니다,Inflect,VV,EF,검토하/VV/*+었/EP/*+습니다/EF/*
검토했ㄹ까,0,0,-500,VV+EP+EF,*,F,검토했ㄹ까,Inflect,VV,EF,검토하/VV/*+었/EP/*+ㄹ까/EF/*
검토했ㄹ까요,0,0,-500,VV+EP+EF,*,F,검토했ㄹ까요,Inflect,VV,EF,검토하/VV/*+었/EP/*+ㄹ까요/EF/*
검토했ㄹ게요,0,0,-500,VV+EP+EF,*,F,검토했ㄹ게요,Inflect,VV,EF,검토하/VV/*+었/EP/*+ㄹ게요/EF/*
검토했ㄹ게,0,0,-500,VV+EP+EF,*,F,검토했ㄹ게,Inflect,VV,EF,검토하/VV/*+었/EP/*+ㄹ게/EF/*
검토했자,0,0,-500,VV+EP+EF,*,F,검토했자,Inflect,VV,EF,검토하/VV/*+었/EP/*+자/EF/*
검토했으세요,0,0,-500,VV+EP+EF,*,F,검토했으세요,Inflect,VV,EF,검토하/VV/*+었/EP/*+세요/EF/*
검토하시다,0,0,-500,VV+EP+EF,*,F,검토하시다,Inflect,VV,EF,검토하/VV/*+시/EP/*+다/EF/*
검토하셔요,0,0,-500,VV+EP+EF,*,F,검토하셔요,Inflect,VV,EF,검토하/VV/*+시/EP/*+요/EF/*
검토하십니다,0,0,-500,VV+EP+EF,*,F,검토하십니다,Inflect,VV,EF,검토하/VV/*+시/EP/*+ㅂ니다/EF/*
검토하시습니다,0,0,-500,VV+EP+EF,*,F,검토하시습니다,Inflect,VV,EF,검토하/VV/*+시/EP/*+습니다/EF/*
검토하실까,0,0,-500,VV+EP+EF,*,F,검토하실까,Inflect,VV,EF,검토하/VV/*+시/EP/*+ㄹ까/EF/*
검토하실까요,0,0,-500,VV+EP+EF,*,F,검토하실까요,Inflect,VV,EF,검토하/VV/*+시/EP/*+ㄹ까요/EF/*
검토하실게요,0,0,-500,VV+EP+EF,*,F,검토하실게요,Inflect,VV,EF,검토하/VV/*+시/EP/*+ㄹ게요/EF/*
검토하실게,0,0,-500,VV+EP+EF,*,F,검토하실게,Inflect,VV,EF,검토하/VV/*+시/EP/*+ㄹ게/EF/*
검토하시자,0,0,-500,VV+EP+EF,*,F,검토하시자,Inflect,VV,EF,검토하/VV/*+시/EP/*+자/EF/*
검토하시세요,0,0,-500,VV+EP+EF,*,F,검토하시세요,Inflect,VV,EF,검토하/VV/*+시/EP/*+세요/EF/*
검토하겠다,0,0,-500,VV+EP+EF,*,F,검토하겠다,Inflect,VV,EF,검토하/VV/*+겠/EP/*+다/EF/*
검토하겠어요,0,0,-500,VV+EP+EF,*,F,검토하겠어요,Inflect,VV,EF,검토하/VV/*+겠/EP/*+요/EF/*
검토하겠ㅂ니다,0,0,-500,VV+EP+EF,*,F,검토하겠ㅂ니다,Inflect,VV,EF,검토하/VV/*+겠/EP/*+ㅂ니다/EF/*
검토하겠으습니다,0,0,-500,VV+EP+EF,*,F,검토하겠으습니다,Inflect,VV,EF,검토하/VV/*+겠/EP/*+습니다/EF/*
검토하겠ㄹ까,0,0,-500,VV+EP+EF,*,F,검토하겠ㄹ까,Inflect,VV,EF,검토하/VV/*+겠/EP/*+ㄹ까/EF/*
검토하겠ㄹ까요,0,0,-500,VV+EP+EF,*,F,검토하겠ㄹ까요,Inflect,VV,EF,검토하/VV/*+겠/EP/*+ㄹ까요/EF/*
검토하겠ㄹ게요,0,0,-500,VV+EP+EF,*,F,검토하겠ㄹ게요,Inflect,VV,EF,검토하/VV/*+겠/EP/*+ㄹ게요/EF/*
검토하겠ㄹ게,0,0,-500,VV+EP+EF,*,F,검토하겠ㄹ게,Inflect,VV,EF,검토하/VV/*+겠/EP/*+ㄹ게/EF/*
검토하겠자,0,0,-500,VV+EP+EF,*,F,검토하겠자,Inflect,VV,EF,검토하/VV/*+겠/EP/*+자/EF/*
검토하겠으세요,0,0,-500,VV+EP+EF,*,F,검토하겠으세요,Inflect,VV,EF,검토하/VV/*+겠/EP/*+세요/EF/*
확인하는,0,0,-500,VV+ETM,*,T,확인하는,Inflect,VV,ETM,확인하/VV/*+는/ETM/*
확인한,0,0,-500,VV+ETM,*,T,확인한,Inflect,VV,ETM,확인하/VV/*+ㄴ/ETM/*
확인하은,0,0,-500,VV+ETM,*,T,확인하은,Inflect,VV,ETM,확인하/VV/*+은/ETM/*
확인할,0,0,-500,VV+ETM,*,T,확인할,Inflect,VV,ETM,확인하/VV/*+ㄹ/ETM/*
확인하을,0,0,-500,VV+ETM,*,T,확인하을,Inflect,VV,ETM,확인하/VV/*+을/ETM/*
확인하고,0,0,-500,VV+EC,*,F,확인하고,Inflect,VV,EC,확인하/VV/*+고/EC/*
확인해서,0,0,-500,VV+EC,*,F,확인해서,Inflect,VV,EC,확인하/VV/*+서/EC/*
확인하니까,0,0,-500,VV+EC,*,F,확인하니까,Inflect,VV,EC,확인하/VV/*+니까/EC/*
확인하니,0,0,-500,VV+EC,*,F,확인하니,Inflect,VV,EC,확인하/VV/*+니/EC/*
확인하면,0,0,-500,VV+EC,*,T,확인하면,Inflect,VV,EC,확인하/VV/*+면/EC/*
확인하지만,0,0,-500,VV+EC,*,T,확인하지만,Inflect,VV,EC,확인하/VV/*+지만/EC/*
확인하는데,0,0,-500,VV+EC,*,F,확인하는데,Inflect,VV,EC,확인하/VV/*+는데/EC/*
확인한데,0,0,-500,VV+EC,*,F,확인한데,Inflect,VV,EC,확인하/VV/*+ㄴ데/EC/*
확인하은데,0,0,-500,VV+EC,*,F,확인하은데,Inflect,VV,EC,확인하/VV/*+은데/EC/*
확인하면서,0,0,-500,VV+EC,*,F,확인하면서,Inflect,VV,EC,확인하/VV/*+면서/EC/*
확인하며,0,0,-500,VV+EC,*,F,확인하며,Inflect,VV,EC,확인하/VV/*+며/EC/*
확인하러,0,0,-500,VV+EC,*,F,확인하러,Inflect,VV,EC,확인하/VV/*+러/EC/*
확인하려고,0,0,-500,VV+EC,*,F,확인하려고,Inflect,VV,EC,확인하/VV/*+려고/EC/*
확인하려,0,0,-500,VV+EC,*,F,확인하려,Inflect,VV,EC,확인하/VV/*+려/EC/*
확인해도,0,0,-500,VV+EC,*,F,확인해도,Inflect,VV,EC,확인하/VV/*+도/EC/*
확인하다가,0,0,-500,VV+EC,*,F,확인하다가,Inflect,VV,EC,확인하/VV/*+다가/EC/*
확인하자,0,0,-500,VV+EC,*,F,확인하자,Inflect,VV,EC,확인하/VV/*+자/EC/*
확인하자마자,0,0,-500,VV+EC,*,F,확인하자마자,Inflect,VV,EC,확인하/VV/*+자마자/EC/*
확인하고서,0,0,-500,VV+EC,*,F,확인하고서,Inflect,VV,EC,확인하/VV/*+고서/EC/*
확인하고나서,0,0,-500,VV+EC,*,F,확인하고나서,Inflect,VV,EC,확인하/VV/*+고나서/EC/*
확인하도록,0,0,-500,VV+EC,*,T,확인하도록,Inflect,VV,EC,확인하/VV/*+도록/EC/*
확인하게,0,0,-500,VV+EC,*,F,확인하게,Inflect,VV,EC,확인하/VV/*+게/EC/*
확인하더라도,0,0,-500,VV+EC,*,F,확인하더라도,Inflect,VV,EC,확인하/VV/*+더라도/EC/*
확인할지라도,0,0,-500,VV+EC,*,F,확인할지라도,Inflect,VV,EC,확인하/VV/*+ㄹ지라도/EC/*
확인하을지라도,0,0,-500,VV+EC,*,F,확인하을지라도,Inflect,VV,EC,확인하/VV/*+을지라도/EC/*
확인할수록,0,0,-500,VV+EC,*,T,확인할수록,Inflect,VV,EC,확인하/VV/*+ㄹ수록/EC/*
확인하을수록,0,0,-500,VV+EC,*,T,확인하을수록,Inflect,VV,EC,확인하/VV/*+을수록/EC/*
확인하다고,0,0,-500,VV+EC,*,F,확인하다고,Inflect,VV,EC,확인하/VV/*+다고/EC/*
확인하라고,0,0,-500,VV+EC,*,F,확인하라고,Inflect,VV,EC,확인하/VV/*+라고/EC/*
확인하냐고,0,0,-500,VV+EC,*,F,확인하냐고,Inflect,VV,EC,확인하/VV/*+냐고/EC/*
확인하지,0,0,-500,VV+EC,*,F,확인하지,Inflect,VV,EC,확인하/VV/*+지/EC/*
확인하거나,0,0,-500,VV+EC,*,F,확인하거나,Inflect,VV,EC,확인하/VV/*+거나/EC/*
확인하든지,0,0,-500,VV+EC,*,F,확인하든지,Inflect,VV,EC,확인하/VV/*+든지/EC/*
확인하듯이,0,0,-500,VV+EC,*,F,확인하듯이,Inflect,VV,EC,확인하/VV/*+듯이/EC/*
확인하듯,0,0,-500,VV+EC,*,T,확인하듯,Inflect,VV,EC,확인하/VV/*+듯/EC/*
확인하다,0,0,-500,VV+EF,*,F,확인하다,Inflect,VV,EF,확인하/VV/*+다/EF/*
확인해요,0,0,-500,VV+EF,*,F,확인해요,Inflect,VV,EF,확인하/VV/*+요/EF/*
확인합니다,0,0,-500,VV+EF,*,F,확인합니다,Inflect,VV,EF,확인하/VV/*+ㅂ니다/EF/*
확인하습니다,0,0,-500,VV+EF,*,F,확인하습니다,Inflect,VV,EF,확인하/VV/*+습니다/EF/*
확인할까,0,0,-500,VV+EF,*,F,확인할까,Inflect,VV,EF,확인하/VV/*+ㄹ까/EF/*
확인할까요,0,0,-500,VV+EF,*,F,확인할까요,Inflect,VV,EF,확인하/VV/*+ㄹ까요/EF/*
확인할게요,0,0,-500,VV+EF,*,F,확인할게요,Inflect,VV,EF,확인하/VV/*+ㄹ게요/EF/*
확인할게,0,0,-500,VV+EF,*,F,확인할게,Inflect,VV,EF,확인하/VV/*+ㄹ게/EF/*
확인하자,0,0,-500,VV+EF,*,F,확인하자,Inflect,VV,EF,확인하/VV/*+자/EF/*
확인하세요,0,0,-500,VV+EF,*,F,확인하세요,Inflect,VV,EF,확인하/VV/*+세요/EF/*
확인했다,0,0,-500,VV+EP+EF,*,F,확인했다,Inflect,VV,EF,확인하/VV/*+았/EP/*+다/EF/*
확인했어요,0,0,-500,VV+EP+EF,*,F,확인했어요,Inflect,VV,EF,확인하/VV/*+았/EP/*+요/EF/*
확인했ㅂ니다,0,0,-500,VV+EP+EF,*,F,확인했ㅂ니다,Inflect,VV,EF,확인하/VV/*+았/EP/*+ㅂ니다/EF/*
확인했으습니다,0,0,-500,VV+EP+EF,*,F,확인했으습니다,Inflect,VV,EF,확인하/VV/*+았/EP/*+습니다/EF/*
확인했ㄹ까,0,0,-500,VV+EP+EF,*,F,확인했ㄹ까,Inflect,VV,EF,확인하/VV/*+았/EP/*+ㄹ까/EF/*
확인했ㄹ까요,0,0,-500,VV+EP+EF,*,F,확인했ㄹ까요,Inflect,VV,EF,확인하/VV/*+았/EP/*+ㄹ까요/EF/*
확인했ㄹ게요,0,0,-500,VV+EP+EF,*,F,확인했ㄹ게요,Inflect,VV,EF,확인하/VV/*+았/EP/*+ㄹ게요/EF/*
확인했ㄹ게,0,0,-500,VV+EP+EF,*,F,확인했ㄹ게,Inflect,VV,EF,확인하/VV/*+았/EP/*+ㄹ게/EF/*
확인했자,0,0,-500,VV+EP+EF,*,F,확인했자,Inflect,VV,EF,확인하/VV/*+았/EP/*+자/EF/*
확인했으세요,0,0,-500,VV+EP+EF,*,F,확인했으세요,Inflect,VV,EF,확인하/VV/*+았/EP/*+세요/EF/*
확인했다,0,0,-500,VV+EP+EF,*,F,확인했다,Inflect,VV,EF,확인하/VV/*+었/EP/*+다/EF/*
확인했어요,0,0,-500,VV+EP+EF,*,F,확인했어요,Inflect,VV,EF,확인하/VV/*+었/EP/*+요/EF/*
확인했ㅂ니다,0,0,-500,VV+EP+EF,*,F,확인했ㅂ니다,Inflect,VV,EF,확인하/VV/*+었/EP/*+ㅂ니다/EF/*
확인했으습니다,0,0,-500,VV+EP+EF,*,F,확인했으습니다,Inflect,VV,EF,확인하/VV/*+었/EP/*+습니다/EF/*
확인했ㄹ까,0,0,-500,VV+EP+EF,*,F,확인했ㄹ까,Inflect,VV,EF,확인하/VV/*+었/EP/*+ㄹ까/EF/*
확인했ㄹ까요,0,0,-500,VV+EP+EF,*,F,확인했ㄹ까요,Inflect,VV,EF,확인하/VV/*+었/EP/*+ㄹ까요/EF/*
확인했ㄹ게요,0,0,-500,VV+EP+EF,*,F,확인했ㄹ게요,Inflect,VV,EF,확인하/VV/*+었/EP/*+ㄹ게요/EF/*
확인했ㄹ게,0,0,-500,VV+EP+EF,*,F,확인했ㄹ게,Inflect,VV,EF,확인하/VV/*+었/EP/*+ㄹ게/EF/*
확인했자,0,0,-500,VV+EP+EF,*,F,확인했자,Inflect,VV,EF,확인하/VV/*+었/EP/*+자/EF/*
확인했으세요,0,0,-500,VV+EP+EF,*,F,확인했으세요,Inflect,VV,EF,확인하/VV/*+었/EP/*+세요/EF/*
확인하시다,0,0,-500,VV+EP+EF,*,F,확인하시다,Inflect,VV,EF,확인하/VV/*+시/EP/*+다/EF/*
확인하셔요,0,0,-500,VV+EP+EF,*,F,확인하셔요,Inflect,VV,EF,확인하/VV/*+시/EP/*+요/EF/*
확인하십니다,0,0,-500,VV+EP+EF,*,F,확인하십니다,Inflect,VV,EF,확인하/VV/*+시/EP/*+ㅂ니다/EF/*
확인하시습니다,0,0,-500,VV+EP+EF,*,F,확인하시습니다,Inflect,VV,EF,확인하/VV/*+시/EP/*+습니다/EF/*
확인하실까,0,0,-500,VV+EP+EF,*,F,확인하실까,Inflect,VV,EF,확인하/VV/*+시/EP/*+ㄹ까/EF/*
확인하실까요,0,0,-500,VV+EP+EF,*,F,확인하실까요,Inflect,VV,EF,확인하/VV/*+시/EP/*+ㄹ까요/EF/*
확인하실게요,0,0,-500,VV+EP+EF,*,F,확인하실게요,Inflect,VV,EF,확인하/VV/*+시/EP/*+ㄹ게요/EF/*
확인하실게,0,0,-500,VV+EP+EF,*,F,확인하실게,Inflect,VV,EF,확인하/VV/*+시/EP/*+ㄹ게/EF/*
확인하시자,0,0,-500,VV+EP+EF,*,F,확인하시자,Inflect,VV,EF,확인하/VV/*+시/EP/*+자/EF/*
확인하시세요,0,0,-500,VV+EP+EF,*,F,확인하시세요,Inflect,VV,EF,확인하/VV/*+시/EP/*+세요/EF/*
확인하겠다,0,0,-500,VV+EP+EF,*,F,확인하겠다,Inflect,VV,EF,확인하/VV/*+겠/EP/*+다/EF/*
확인하겠어요,0,0,-500,VV+EP+EF,*,F,확인하겠어요,Inflect,VV,EF,확인하/VV/*+겠/EP/*+요/EF/*
확인하겠ㅂ니다,0,0,-500,VV+EP+EF,*,F,확인하겠ㅂ니다,Inflect,VV,EF,확인하/VV/*+겠/EP/*+ㅂ니다/EF/*
확인하겠으습니다,0,0,-500,VV+EP+EF,*,F,확인하겠으습니다,Inflect,VV,EF,확인하/VV/*+겠/EP/*+습니다/EF/*
확인하겠ㄹ까,0,0,-500,VV+EP+EF,*,F,확인하겠ㄹ까,Inflect,VV,EF,확인하/VV/*+겠/EP/*+ㄹ까/EF/*
확인하겠ㄹ까요,0,0,-500,VV+EP+EF,*,F,확인하겠ㄹ까요,Inflect,VV,EF,확인하/VV/*+겠/EP/*+ㄹ까요/EF/*
확인하겠ㄹ게요,0,0,-500,VV+EP+EF,*,F,확인하겠ㄹ게요,Inflect,VV,EF,확인하/VV/*+겠/EP/*+ㄹ게요/EF/*
확인하겠ㄹ게,0,0,-500,VV+EP+EF,*,F,확인하겠ㄹ게,Inflect,VV,EF,확인하/VV/*+겠/EP/*+ㄹ게/EF/*
확인하겠자,0,0,-500,VV+EP+EF,*,F,확인하겠자,Inflect,VV,EF,확인하/VV/*+겠/EP/*+자/EF/*
확인하겠으세요,0,0,-500,VV+EP+EF,*,F,확인하겠으세요,Inflect,VV,EF,확인하/VV/*+겠/EP/*+세요/EF/*
추가하는,0,0,-500,VV+ETM,*,T,추가하는,Inflect,VV,ETM,추가하/VV/*+는/ETM/*
추가한,0,0,-500,VV+ETM,*,T,추가한,Inflect,VV,ETM,추가하/VV/*+ㄴ/ETM/*
추가하은,0,0,-500,VV+ETM,*,T,추가하은,Inflect,VV,ETM,추가하/VV/*+은/ETM/*
추가할,0,0,-500,VV+ETM,*,T,추가할,Inflect,VV,ETM,추가하/VV/*+ㄹ/ETM/*
추가하을,0,0,-500,VV+ETM,*,T,추가하을,Inflect,VV,ETM,추가하/VV/*+을/ETM/*
추가하고,0,0,-500,VV+EC,*,F,추가하고,Inflect,VV,EC,추가하/VV/*+고/EC/*
추가해서,0,0,-500,VV+EC,*,F,추가해서,Inflect,VV,EC,추가하/VV/*+서/EC/*
추가하니까,0,0,-500,VV+EC,*,F,추가하니까,Inflect,VV,EC,추가하/VV/*+니까/EC/*
추가하니,0,0,-500,VV+EC,*,F,추가하니,Inflect,VV,EC,추가하/VV/*+니/EC/*
추가하면,0,0,-500,VV+EC,*,T,추가하면,Inflect,VV,EC,추가하/VV/*+면/EC/*
추가하지만,0,0,-500,VV+EC,*,T,추가하지만,Inflect,VV,EC,추가하/VV/*+지만/EC/*
추가하는데,0,0,-500,VV+EC,*,F,추가하는데,Inflect,VV,EC,추가하/VV/*+는데/EC/*
추가한데,0,0,-500,VV+EC,*,F,추가한데,Inflect,VV,EC,추가하/VV/*+ㄴ데/EC/*
추가하은데,0,0,-500,VV+EC,*,F,추가하은데,Inflect,VV,EC,추가하/VV/*+은데/EC/*
추가하면서,0,0,-500,VV+EC,*,F,추가하면서,Inflect,VV,EC,추가하/VV/*+면서/EC/*
추가하며,0,0,-500,VV+EC,*,F,추가하며,Inflect,VV,EC,추가하/VV/*+며/EC/*
추가하러,0,0,-500,VV+EC,*,F,추가하러,Inflect,VV,EC,추가하/VV/*+러/EC/*
추가하려고,0,0,-500,VV+EC,*,F,추가하려고,Inflect,VV,EC,추가하/VV/*+려고/EC/*
추가하려,0,0,-500,VV+EC,*,F,추가하려,Inflect,VV,EC,추가하/VV/*+려/EC/*
추가해도,0,0,-500,VV+EC,*,F,추가해도,Inflect,VV,EC,추가하/VV/*+도/EC/*
추가하다가,0,0,-500,VV+EC,*,F,추가하다가,Inflect,VV,EC,추가하/VV/*+다가/EC/*
추가하자,0,0,-500,VV+EC,*,F,추가하자,Inflect,VV,EC,추가하/VV/*+자/EC/*
추가하자마자,0,0,-500,VV+EC,*,F,추가하자마자,Inflect,VV,EC,추가하/VV/*+자마자/EC/*
추가하고서,0,0,-500,VV+EC,*,F,추가하고서,Inflect,VV,EC,추가하/VV/*+고서/EC/*
추가하고나서,0,0,-500,VV+EC,*,F,추가하고나서,Inflect,VV,EC,추가하/VV/*+고나서/EC/*
추가하도록,0,0,-500,VV+EC,*,T,추가하도록,Inflect,VV,EC,추가하/VV/*+도록/EC/*
추가하게,0,0,-500,VV+EC,*,F,추가하게,Inflect,VV,EC,추가하/VV/*+게/EC/*
추가하더라도,0,0,-500,VV+EC,*,F,추가하더라도,Inflect,VV,EC,추가하/VV/*+더라도/EC/*
추가할지라도,0,0,-500,VV+EC,*,F,추가할지라도,Inflect,VV,EC,추가하/VV/*+ㄹ지라도/EC/*
추가하을지라도,0,0,-500,VV+EC,*,F,추가하을지라도,Inflect,VV,EC,추가하/VV/*+을지라도/EC/*
추가할수록,0,0,-500,VV+EC,*,T,추가할수록,Inflect,VV,EC,추가하/VV/*+ㄹ수록/EC/*
추가하을수록,0,0,-500,VV+EC,*,T,추가하을수록,Inflect,VV,EC,추가하/VV/*+을수록/EC/*
추가하다고,0,0,-500,VV+EC,*,F,추가하다고,Inflect,VV,EC,추가하/VV/*+다고/EC/*
추가하라고,0,0,-500,VV+EC,*,F,추가하라고,Inflect,VV,EC,추가하/VV/*+라고/EC/*
추가하냐고,0,0,-500,VV+EC,*,F,추가하냐고,Inflect,VV,EC,추가하/VV/*+냐고/EC/*
추가하지,0,0,-500,VV+EC,*,F,추가하지,Inflect,VV,EC,추가하/VV/*+지/EC/*
추가하거나,0,0,-500,VV+EC,*,F,추가하거나,Inflect,VV,EC,추가하/VV/*+거나/EC/*
추가하든지,0,0,-500,VV+EC,*,F,추가하든지,Inflect,VV,EC,추가하/VV/*+든지/EC/*
추가하듯이,0,0,-500,VV+EC,*,F,추가하듯이,Inflect,VV,EC,추가하/VV/*+듯이/EC/*
추가하듯,0,0,-500,VV+EC,*,T,추가하듯,Inflect,VV,EC,추가하/VV/*+듯/EC/*
추가하다,0,0,-500,VV+EF,*,F,추가하다,Inflect,VV,EF,추가하/VV/*+다/EF/*
추가해요,0,0,-500,VV+EF,*,F,추가해요,Inflect,VV,EF,추가하/VV/*+요/EF/*
추가합니다,0,0,-500,VV+EF,*,F,추가합니다,Inflect,VV,EF,추가하/VV/*+ㅂ니다/EF/*
추가하습니다,0,0,-500,VV+EF,*,F,추가하습니다,Inflect,VV,EF,추가하/VV/*+습니다/EF/*
추가할까,0,0,-500,VV+EF,*,F,추가할까,Inflect,VV,EF,추가하/VV/*+ㄹ까/EF/*
추가할까요,0,0,-500,VV+EF,*,F,추가할까요,Inflect,VV,EF,추가하/VV/*+ㄹ까요/EF/*
추가할게요,0,0,-500,VV+EF,*,F,추가할게요,Inflect,VV,EF,추가하/VV/*+ㄹ게요/EF/*
추가할게,0,0,-500,VV+EF,*,F,추가할게,Inflect,VV,EF,추가하/VV/*+ㄹ게/EF/*
추가하자,0,0,-500,VV+EF,*,F,추가하자,Inflect,VV,EF,추가하/VV/*+자/EF/*
추가하세요,0,0,-500,VV+EF,*,F,추가하세요,Inflect,VV,EF,추가하/VV/*+세요/EF/*
추가했다,0,0,-500,VV+EP+EF,*,F,추가했다,Inflect,VV,EF,추가하/VV/*+았/EP/*+다/EF/*
추가했어요,0,0,-500,VV+EP+EF,*,F,추가했어요,Inflect,VV,EF,추가하/VV/*+았/EP/*+요/EF/*
추가했ㅂ니다,0,0,-500,VV+EP+EF,*,F,추가했ㅂ니다,Inflect,VV,EF,추가하/VV/*+았/EP/*+ㅂ니다/EF/*
추가했으습니다,0,0,-500,VV+EP+EF,*,F,추가했으습니다,Inflect,VV,EF,추가하/VV/*+았/EP/*+습니다/EF/*
추가했ㄹ까,0,0,-500,VV+EP+EF,*,F,추가했ㄹ까,Inflect,VV,EF,추가하/VV/*+았/EP/*+ㄹ까/EF/*
추가했ㄹ까요,0,0,-500,VV+EP+EF,*,F,추가했ㄹ까요,Inflect,VV,EF,추가하/VV/*+았/EP/*+ㄹ까요/EF/*
추가했ㄹ게요,0,0,-500,VV+EP+EF,*,F,추가했ㄹ게요,Inflect,VV,EF,추가하/VV/*+았/EP/*+ㄹ게요/EF/*
추가했ㄹ게,0,0,-500,VV+EP+EF,*,F,추가했ㄹ게,Inflect,VV,EF,추가하/VV/*+았/EP/*+ㄹ게/EF/*
추가했자,0,0,-500,VV+EP+EF,*,F,추가했자,Inflect,VV,EF,추가하/VV/*+았/EP/*+자/EF/*
추가했으세요,0,0,-500,VV+EP+EF,*,F,추가했으세요,Inflect,VV,EF,추가하/VV/*+았/EP/*+세요/EF/*
추가했다,0,0,-500,VV+EP+EF,*,F,추가했다,Inflect,VV,EF,추가하/VV/*+었/EP/*+다/EF/*
추가했어요,0,0,-500,VV+EP+EF,*,F,추가했어요,Inflect,VV,EF,추가하/VV/*+었/EP/*+요/EF/*
추가했ㅂ니다,0,0,-500,VV+EP+EF,*,F,추가했ㅂ니다,Inflect,VV,EF,추가하/VV/*+었/EP/*+ㅂ니다/EF/*
추가했으습니다,0,0,-500,VV+EP+EF,*,F,추가했으습니다,Inflect,VV,EF,추가하/VV/*+었/EP/*+습니다/EF/*
추가했ㄹ까,0,0,-500,VV+EP+EF,*,F,추가했ㄹ까,Inflect,VV,EF,추가하/VV/*+었/EP/*+ㄹ까/EF/*
추가했ㄹ까요,0,0,-500,VV+EP+EF,*,F,추가했ㄹ까요,Inflect,VV,EF,추가하/VV/*+었/EP/*+ㄹ까요/EF/*
추가했ㄹ게요,0,0,-500,VV+EP+EF,*,F,추가했ㄹ게요,Inflect,VV,EF,추가하/VV/*+었/EP/*+ㄹ게요/EF/*
추가했ㄹ게,0,0,-500,VV+EP+EF,*,F,추가했ㄹ게,Inflect,VV,EF,추가하/VV/*+었/EP/*+ㄹ게/EF/*
추가했자,0,0,-500,VV+EP+EF,*,F,추가했자,Inflect,VV,EF,추가하/VV/*+었/EP/*+자/EF/*
추가했으세요,0,0,-500,VV+EP+EF,*,F,추가했으세요,Inflect,VV,EF,추가하/VV/*+었/EP/*+세요/EF/*
추가하시다,0,0,-500,VV+EP+EF,*,F,추가하시다,Inflect,VV,EF,추가하/VV/*+시/EP/*+다/EF/*
추가하셔요,0,0,-500,VV+EP+EF,*,F,추가하셔요,Inflect,VV,EF,추가하/VV/*+시/EP/*+요/EF/*
추가하십니다,0,0,-500,VV+EP+EF,*,F,추가하십니다,Inflect,VV,EF,추가하/VV/*+시/EP/*+ㅂ니다/EF/*
추가하시습니다,0,0,-500,VV+EP+EF,*,F,추가하시습니다,Inflect,VV,EF,추가하/VV/*+시/EP/*+습니다/EF/*
추가하실까,0,0,-500,VV+EP+EF,*,F,추가하실까,Inflect,VV,EF,추가하/VV/*+시/EP/*+ㄹ까/EF/*
추가하실까요,0,0,-500,VV+EP+EF,*,F,추가하실까요,Inflect,VV,EF,추가하/VV/*+시/EP/*+ㄹ까요/EF/*
추가하실게요,0,0,-500,VV+EP+EF,*,F,추가하실게요,Inflect,VV,EF,추가하/VV/*+시/EP/*+ㄹ게요/EF/*
추가하실게,0,0,-500,VV+EP+EF,*,F,추가하실게,Inflect,VV,EF,추가하/VV/*+시/EP/*+ㄹ게/EF/*
추가하시자,0,0,-500,VV+EP+EF,*,F,추가하시자,Inflect,VV,EF,추가하/VV/*+시/EP/*+자/EF/*
추가하시세요,0,0,-500,VV+EP+EF,*,F,추가하시세요,Inflect,VV,EF,추가하/VV/*+시/EP/*+세요/EF/*
추가하겠다,0,0,-500,VV+EP+EF,*,F,추가하겠다,Inflect,VV,EF,추가하/VV/*+겠/EP/*+다/EF/*
추가하겠어요,0,0,-500,VV+EP+EF,*,F,추가하겠어요,Inflect,VV,EF,추가하/VV/*+겠/EP/*+요/EF/*
추가하겠ㅂ니다,0,0,-500,VV+EP+EF,*,F,추가하겠ㅂ니다,Inflect,VV,EF,추가하/VV/*+겠/EP/*+ㅂ니다/EF/*
추가하겠으습니다,0,0,-500,VV+EP+EF,*,F,추가하겠으습니다,Inflect,VV,EF,추가하/VV/*+겠/EP/*+습니다/EF/*
추가하겠ㄹ까,0,0,-500,VV+EP+EF,*,F,추가하겠ㄹ까,Inflect,VV,EF,추가하/VV/*+겠/EP/*+ㄹ까/EF/*
추가하겠ㄹ까요,0,0,-500,VV+EP+EF,*,F,추가하겠ㄹ까요,Inflect,VV,EF,추가하/VV/*+겠/EP/*+ㄹ까요/EF/*
추가하겠ㄹ게요,0,0,-500,VV+EP+EF,*,F,추가하겠ㄹ게요,Inflect,VV,EF,추가하/VV/*+겠/EP/*+ㄹ게요/EF/*
추가하겠ㄹ게,0,0,-500,VV+EP+EF,*,F,추가하겠ㄹ게,Inflect,VV,EF,추가하/VV/*+겠/EP/*+ㄹ게/EF/*
추가하겠자,0,0,-500,VV+EP+EF,*,F,추가하겠자,Inflect,VV,EF,추가하/VV/*+겠/EP/*+자/EF/*
추가하겠으세요,0,0,-500,VV+EP+EF,*,F,추가하겠으세요,Inflect,VV,EF,추가하/VV/*+겠/EP/*+세요/EF/*
삭제하는,0,0,-500,VV+ETM,*,T,삭제하는,Inflect,VV,ETM,삭제하/VV/*+는/ETM/*
삭제한,0,0,-500,VV+ETM,*,T,삭제한,Inflect,VV,ETM,삭제하/VV/*+ㄴ/ETM/*
삭제하은,0,0,-500,VV+ETM,*,T,삭제하은,Inflect,VV,ETM,삭제하/VV/*+은/ETM/*
삭제할,0,0,-500,VV+ETM,*,T,삭제할,Inflect,VV,ETM,삭제하/VV/*+ㄹ/ETM/*
삭제하을,0,0,-500,VV+ETM,*,T,삭제하을,Inflect,VV,ETM,삭제하/VV/*+을/ETM/*
삭제하고,0,0,-500,VV+EC,*,F,삭제하고,Inflect,VV,EC,삭제하/VV/*+고/EC/*
삭제해서,0,0,-500,VV+EC,*,F,삭제해서,Inflect,VV,EC,삭제하/VV/*+서/EC/*
삭제하니까,0,0,-500,VV+EC,*,F,삭제하니까,Inflect,VV,EC,삭제하/VV/*+니까/EC/*
삭제하니,0,0,-500,VV+EC,*,F,삭제하니,Inflect,VV,EC,삭제하/VV/*+니/EC/*
삭제하면,0,0,-500,VV+EC,*,T,삭제하면,Inflect,VV,EC,삭제하/VV/*+면/EC/*
삭제하지만,0,0,-500,VV+EC,*,T,삭제하지만,Inflect,VV,EC,삭제하/VV/*+지만/EC/*
삭제하는데,0,0,-500,VV+EC,*,F,삭제하는데,Inflect,VV,EC,삭제하/VV/*+는데/EC/*
삭제한데,0,0,-500,VV+EC,*,F,삭제한데,Inflect,VV,EC,삭제하/VV/*+ㄴ데/EC/*
삭제하은데,0,0,-500,VV+EC,*,F,삭제하은데,Inflect,VV,EC,삭제하/VV/*+은데/EC/*
삭제하면서,0,0,-500,VV+EC,*,F,삭제하면서,Inflect,VV,EC,삭제하/VV/*+면서/EC/*
삭제하며,0,0,-500,VV+EC,*,F,삭제하며,Inflect,VV,EC,삭제하/VV/*+며/EC/*
삭제하러,0,0,-500,VV+EC,*,F,삭제하러,Inflect,VV,EC,삭제하/VV/*+러/EC/*
삭제하려고,0,0,-500,VV+EC,*,F,삭제하려고,Inflect,VV,EC,삭제하/VV/*+려고/EC/*
삭제하려,0,0,-500,VV+EC,*,F,삭제하려,Inflect,VV,EC,삭제하/VV/*+려/EC/*
삭제해도,0,0,-500,VV+EC,*,F,삭제해도,Inflect,VV,EC,삭제하/VV/*+도/EC/*
삭제하다가,0,0,-500,VV+EC,*,F,삭제하다가,Inflect,VV,EC,삭제하/VV/*+다가/EC/*
삭제하자,0,0,-500,VV+EC,*,F,삭제하자,Inflect,VV,EC,삭제하/VV/*+자/EC/*
삭제하자마자,0,0,-500,VV+EC,*,F,삭제하자마자,Inflect,VV,EC,삭제하/VV/*+자마자/EC/*
삭제하고서,0,0,-500,VV+EC,*,F,삭제하고서,Inflect,VV,EC,삭제하/VV/*+고서/EC/*
삭제하고나서,0,0,-500,VV+EC,*,F,삭제하고나서,Inflect,VV,EC,삭제하/VV/*+고나서/EC/*
삭제하도록,0,0,-500,VV+EC,*,T,삭제하도록,Inflect,VV,EC,삭제하/VV/*+도록/EC/*
삭제하게,0,0,-500,VV+EC,*,F,삭제하게,Inflect,VV,EC,삭제하/VV/*+게/EC/*
삭제하더라도,0,0,-500,VV+EC,*,F,삭제하더라도,Inflect,VV,EC,삭제하/VV/*+더라도/EC/*
삭제할지라도,0,0,-500,VV+EC,*,F,삭제할지라도,Inflect,VV,EC,삭제하/VV/*+ㄹ지라도/EC/*
삭제하을지라도,0,0,-500,VV+EC,*,F,삭제하을지라도,Inflect,VV,EC,삭제하/VV/*+을지라도/EC/*
삭제할수록,0,0,-500,VV+EC,*,T,삭제할수록,Inflect,VV,EC,삭제하/VV/*+ㄹ수록/EC/*
삭제하을수록,0,0,-500,VV+EC,*,T,삭제하을수록,Inflect,VV,EC,삭제하/VV/*+을수록/EC/*
삭제하다고,0,0,-500,VV+EC,*,F,삭제하다고,Inflect,VV,EC,삭제하/VV/*+다고/EC/*
삭제하라고,0,0,-500,VV+EC,*,F,삭제하라고,Inflect,VV,EC,삭제하/VV/*+라고/EC/*
삭제하냐고,0,0,-500,VV+EC,*,F,삭제하냐고,Inflect,VV,EC,삭제하/VV/*+냐고/EC/*
삭제하지,0,0,-500,VV+EC,*,F,삭제하지,Inflect,VV,EC,삭제하/VV/*+지/EC/*
삭제하거나,0,0,-500,VV+EC,*,F,삭제하거나,Inflect,VV,EC,삭제하/VV/*+거나/EC/*
삭제하든지,0,0,-500,VV+EC,*,F,삭제하든지,Inflect,VV,EC,삭제하/VV/*+든지/EC/*
삭제하듯이,0,0,-500,VV+EC,*,F,삭제하듯이,Inflect,VV,EC,삭제하/VV/*+듯이/EC/*
삭제하듯,0,0,-500,VV+EC,*,T,삭제하듯,Inflect,VV,EC,삭제하/VV/*+듯/EC/*
삭제하다,0,0,-500,VV+EF,*,F,삭제하다,Inflect,VV,EF,삭제하/VV/*+다/EF/*
삭제해요,0,0,-500,VV+EF,*,F,삭제해요,Inflect,VV,EF,삭제하/VV/*+요/EF/*
삭제합니다,0,0,-500,VV+EF,*,F,삭제합니다,Inflect,VV,EF,삭제하/VV/*+ㅂ니다/EF/*
삭제하습니다,0,0,-500,VV+EF,*,F,삭제하습니다,Inflect,VV,EF,삭제하/VV/*+습니다/EF/*
삭제할까,0,0,-500,VV+EF,*,F,삭제할까,Inflect,VV,EF,삭제하/VV/*+ㄹ까/EF/*
삭제할까요,0,0,-500,VV+EF,*,F,삭제할까요,Inflect,VV,EF,삭제하/VV/*+ㄹ까요/EF/*
삭제할게요,0,0,-500,VV+EF,*,F,삭제할게요,Inflect,VV,EF,삭제하/VV/*+ㄹ게요/EF/*
삭제할게,0,0,-500,VV+EF,*,F,삭제할게,Inflect,VV,EF,삭제하/VV/*+ㄹ게/EF/*
삭제하자,0,0,-500,VV+EF,*,F,삭제하자,Inflect,VV,EF,삭제하/VV/*+자/EF/*
삭제하세요,0,0,-500,VV+EF,*,F,삭제하세요,Inflect,VV,EF,삭제하/VV/*+세요/EF/*
삭제했다,0,0,-500,VV+EP+EF,*,F,삭제했다,Inflect,VV,EF,삭제하/VV/*+았/EP/*+다/EF/*
삭제했어요,0,0,-500,VV+EP+EF,*,F,삭제했어요,Inflect,VV,EF,삭제하/VV/*+았/EP/*+요/EF/*
삭제했ㅂ니다,0,0,-500,VV+EP+EF,*,F,삭제했ㅂ니다,Inflect,VV,EF,삭제하/VV/*+았/EP/*+ㅂ니다/EF/*
삭제했으습니다,0,0,-500,VV+EP+EF,*,F,삭제했으습니다,Inflect,VV,EF,삭제하/VV/*+았/EP/*+습니다/EF/*
삭제했ㄹ까,0,0,-500,VV+EP+EF,*,F,삭제했ㄹ까,Inflect,VV,EF,삭제하/VV/*+았/EP/*+ㄹ까/EF/*
삭제했ㄹ까요,0,0,-500,VV+EP+EF,*,F,삭제했ㄹ까요,Inflect,VV,EF,삭제하/VV/*+았/EP/*+ㄹ까요/EF/*
삭제했ㄹ게요,0,0,-500,VV+EP+EF,*,F,삭제했ㄹ게요,Inflect,VV,EF,삭제하/VV/*+았/EP/*+ㄹ게요/EF/*
삭제했ㄹ게,0,0,-500,VV+EP+EF,*,F,삭제했ㄹ게,Inflect,VV,EF,삭제하/VV/*+았/EP/*+ㄹ게/EF/*
삭제했자,0,0,-500,VV+EP+EF,*,F,삭제했자,Inflect,VV,EF,삭제하/VV/*+았/EP/*+자/EF/*
삭제했으세요,0,0,-500,VV+EP+EF,*,F,삭제했으세요,Inflect,VV,EF,삭제하/VV/*+았/EP/*+세요/EF/*
삭제했다,0,0,-500,VV+EP+EF,*,F,삭제했다,Inflect,VV,EF,삭제하/VV/*+었/EP/*+다/EF/*
삭제했어요,0,0,-500,VV+EP+EF,*,F,삭제했어요,Inflect,VV,EF,삭제하/VV/*+었/EP/*+요/EF/*
삭제했ㅂ니다,0,0,-500,VV+EP+EF,*,F,삭제했ㅂ니다,Inflect,VV,EF,삭제하/VV/*+었/EP/*+ㅂ니다/EF/*
삭제했으습니다,0,0,-500,VV+EP+EF,*,F,삭제했으습니다,Inflect,VV,EF,삭제하/VV/*+었/EP/*+습니다/EF/*
삭제했ㄹ까,0,0,-500,VV+EP+EF,*,F,삭제했ㄹ까,Inflect,VV,EF,삭제하/VV/*+었/EP/*+ㄹ까/EF/*
삭제했ㄹ까요,0,0,-500,VV+EP+EF,*,F,삭제했ㄹ까요,Inflect,VV,EF,삭제하/VV/*+었/EP/*+ㄹ까요/EF/*
삭제했ㄹ게요,0,0,-500,VV+EP+EF,*,F,삭제했ㄹ게요,Inflect,VV,EF,삭제하/VV/*+었/EP/*+ㄹ게요/EF/*
삭제했ㄹ게,0,0,-500,VV+EP+EF,*,F,삭제했ㄹ게,Inflect,VV,EF,삭제하/VV/*+었/EP/*+ㄹ게/EF/*
삭제했자,0,0,-500,VV+EP+EF,*,F,삭제했자,Inflect,VV,EF,삭제하/VV/*+었/EP/*+자/EF/*
삭제했으세요,0,0,-500,VV+EP+EF,*,F,삭제했으세요,Inflect,VV,EF,삭제하/VV/*+었/EP/*+세요/EF/*
삭제하시다,0,0,-500,VV+EP+EF,*,F,삭제하시다,Inflect,VV,EF,삭제하/VV/*+시/EP/*+다/EF/*
삭제하셔요,0,0,-500,VV+EP+EF,*,F,삭제하셔요,Inflect,VV,EF,삭제하/VV/*+시/EP/*+요/EF/*
삭제하십니다,0,0,-500,VV+EP+EF,*,F,삭제하십니다,Inflect,VV,EF,삭제하/VV/*+시/EP/*+ㅂ니다/EF/*
삭제하시습니다,0,0,-500,VV+EP+EF,*,F,삭제하시습니다,Inflect,VV,EF,삭제하/VV/*+시/EP/*+습니다/EF/*
삭제하실까,0,0,-500,VV+EP+EF,*,F,삭제하실까,Inflect,VV,EF,삭제하/VV/*+시/EP/*+ㄹ까/EF/*
삭제하실까요,0,0,-500,VV+EP+EF,*,F,삭제하실까요,Inflect,VV,EF,삭제하/VV/*+시/EP/*+ㄹ까요/EF/*
삭제하실게요,0,0,-500,VV+EP+EF,*,F,삭제하실게요,Inflect,VV,EF,삭제하/VV/*+시/EP/*+ㄹ게요/EF/*
삭제하실게,0,0,-500,VV+EP+EF,*,F,삭제하실게,Inflect,VV,EF,삭제하/VV/*+시/EP/*+ㄹ게/EF/*
삭제하시자,0,0,-500,VV+EP+EF,*,F,삭제하시자,Inflect,VV,EF,삭제하/VV/*+시/EP/*+자/EF/*
삭제하시세요,0,0,-500,VV+EP+EF,*,F,삭제하시세요,Inflect,VV,EF,삭제하/VV/*+시/EP/*+세요/EF/*
삭제하겠다,0,0,-500,VV+EP+EF,*,F,삭제하겠다,Inflect,VV,EF,삭제하/VV/*+겠/EP/*+다/EF/*
삭제하겠어요,0,0,-500,VV+EP+EF,*,F,삭제하겠어요,Inflect,VV,EF,삭제하/VV/*+겠/EP/*+요/EF/*
삭제하겠ㅂ니다,0,0,-500,VV+EP+EF,*,F,삭제하겠ㅂ니다,Inflect,VV,EF,삭제하/VV/*+겠/EP/*+ㅂ니다/EF/*
삭제하겠으습니다,0,0,-500,VV+EP+EF,*,F,삭제하겠으습니다,Inflect,VV,EF,삭제하/VV/*+겠/EP/*+습니다/EF/*
삭제하겠ㄹ까,0,0,-500,VV+EP+EF,*,F,삭제하겠ㄹ까,Inflect,VV,EF,삭제하/VV/*+겠/EP/*+ㄹ까/EF/*
삭제하겠ㄹ까요,0,0,-500,VV+EP+EF,*,F,삭제하겠ㄹ까요,Inflect,VV,EF,삭제하/VV/*+겠/EP/*+ㄹ까요/EF/*
삭제하겠ㄹ게요,0,0,-500,VV+EP+EF,*,F,삭제하겠ㄹ게요,Inflect,VV,EF,삭제하/VV/*+겠/EP/*+ㄹ게요/EF/*
삭제하겠ㄹ게,0,0,-500,VV+EP+EF,*,F,삭제하겠ㄹ게,Inflect,VV,EF,삭제하/VV/*+겠/EP/*+ㄹ게/EF/*
삭제하겠자,0,0,-500,VV+EP+EF,*,F,삭제하겠자,Inflect,VV,EF,삭제하/VV/*+겠/EP/*+자/EF/*
삭제하겠으세요,0,0,-500,VV+EP+EF,*,F,삭제하겠으세요,Inflect,VV,EF,삭제하/VV/*+겠/EP/*+세요/EF/*
수정하는,0,0,-500,VV+ETM,*,T,수정하는,Inflect,VV,ETM,수정하/VV/*+는/ETM/*
수정한,0,0,-500,VV+ETM,*,T,수정한,Inflect,VV,ETM,수정하/VV/*+ㄴ/ETM/*
수정하은,0,0,-500,VV+ETM,*,T,수정하은,Inflect,VV,ETM,수정하/VV/*+은/ETM/*
수정할,0,0,-500,VV+ETM,*,T,수정할,Inflect,VV,ETM,수정하/VV/*+ㄹ/ETM/*
수정하을,0,0,-500,VV+ETM,*,T,수정하을,Inflect,VV,ETM,수정하/VV/*+을/ETM/*
수정하고,0,0,-500,VV+EC,*,F,수정하고,Inflect,VV,EC,수정하/VV/*+고/EC/*
수정해서,0,0,-500,VV+EC,*,F,수정해서,Inflect,VV,EC,수정하/VV/*+서/EC/*
수정하니까,0,0,-500,VV+EC,*,F,수정하니까,Inflect,VV,EC,수정하/VV/*+니까/EC/*
수정하니,0,0,-500,VV+EC,*,F,수정하니,Inflect,VV,EC,수정하/VV/*+니/EC/*
수정하면,0,0,-500,VV+EC,*,T,수정하면,Inflect,VV,EC,수정하/VV/*+면/EC/*
수정하지만,0,0,-500,VV+EC,*,T,수정하지만,Inflect,VV,EC,수정하/VV/*+지만/EC/*
수정하는데,0,0,-500,VV+EC,*,F,수정하는데,Inflect,VV,EC,수정하/VV/*+는데/EC/*
수정한데,0,0,-500,VV+EC,*,F,수정한데,Inflect,VV,EC,수정하/VV/*+ㄴ데/EC/*
수정하은데,0,0,-500,VV+EC,*,F,수정하은데,Inflect,VV,EC,수정하/VV/*+은데/EC/*
수정하면서,0,0,-500,VV+EC,*,F,수정하면서,Inflect,VV,EC,수정하/VV/*+면서/EC/*
수정하며,0,0,-500,VV+EC,*,F,수정하며,Inflect,VV,EC,수정하/VV/*+며/EC/*
수정하러,0,0,-500,VV+EC,*,F,수정하러,Inflect,VV,EC,수정하/VV/*+러/EC/*
수정하려고,0,0,-500,VV+EC,*,F,수정하려고,Inflect,VV,EC,수정하/VV/*+려고/EC/*
수정하려,0,0,-500,VV+EC,*,F,수정하려,Inflect,VV,EC,수정하/VV/*+려/EC/*
수정해도,0,0,-500,VV+EC,*,F,수정해도,Inflect,VV,EC,수정하/VV/*+도/EC/*
수정하다가,0,0,-500,VV+EC,*,F,수정하다가,Inflect,VV,EC,수정하/VV/*+다가/EC/*
수정하자,0,0,-500,VV+EC,*,F,수정하자,Inflect,VV,EC,수정하/VV/*+자/EC/*
수정하자마자,0,0,-500,VV+EC,*,F,수정하자마자,Inflect,VV,EC,수정하/VV/*+자마자/EC/*
수정하고서,0,0,-500,VV+EC,*,F,수정하고서,Inflect,VV,EC,수정하/VV/*+고서/EC/*
수정하고나서,0,0,-500,VV+EC,*,F,수정하고나서,Inflect,VV,EC,수정하/VV/*+고나서/EC/*
수정하도록,0,0,-500,VV+EC,*,T,수정하도록,Inflect,VV,EC,수정하/VV/*+도록/EC/*
수정하게,0,0,-500,VV+EC,*,F,수정하게,Inflect,VV,EC,수정하/VV/*+게/EC/*
수정하더라도,0,0,-500,VV+EC,*,F,수정하더라도,Inflect,VV,EC,수정하/VV/*+더라도/EC/*
수정할지라도,0,0,-500,VV+EC,*,F,수정할지라도,Inflect,VV,EC,수정하/VV/*+ㄹ지라도/EC/*
수정하을지라도,0,0,-500,VV+EC,*,F,수정하을지라도,Inflect,VV,EC,수정하/VV/*+을지라도/EC/*
수정할수록,0,0,-500,VV+EC,*,T,수정할수록,Inflect,VV,EC,수정하/VV/*+ㄹ수록/EC/*
수정하을수록,0,0,-500,VV+EC,*,T,수정하을수록,Inflect,VV,EC,수정하/VV/*+을수록/EC/*
수정하다고,0,0,-500,VV+EC,*,F,수정하다고,Inflect,VV,EC,수정하/VV/*+다고/EC/*
수정하라고,0,0,-500,VV+EC,*,F,수정하라고,Inflect,VV,EC,수정하/VV/*+라고/EC/*
수정하냐고,0,0,-500,VV+EC,*,F,수정하냐고,Inflect,VV,EC,수정하/VV/*+냐고/EC/*
수정하지,0,0,-500,VV+EC,*,F,수정하지,Inflect,VV,EC,수정하/VV/*+지/EC/*
수정하거나,0,0,-500,VV+EC,*,F,수정하거나,Inflect,VV,EC,수정하/VV/*+거나/EC/*
수정하든지,0,0,-500,VV+EC,*,F,수정하든지,Inflect,VV,EC,수정하/VV/*+든지/EC/*
수정하듯이,0,0,-500,VV+EC,*,F,수정하듯이,Inflect,VV,EC,수정하/VV/*+듯이/EC/*
수정하듯,0,0,-500,VV+EC,*,T,수정하듯,Inflect,VV,EC,수정하/VV/*+듯/EC/*
수정하다,0,0,-500,VV+EF,*,F,수정하다,Inflect,VV,EF,수정하/VV/*+다/EF/*
수정해요,0,0,-500,VV+EF,*,F,수정해요,Inflect,VV,EF,수정하/VV/*+요/EF/*
수정합니다,0,0,-500,VV+EF,*,F,수정합니다,Inflect,VV,EF,수정하/VV/*+ㅂ니다/EF/*
수정하습니다,0,0,-500,VV+EF,*,F,수정하습니다,Inflect,VV,EF,수정하/VV/*+습니다/EF/*
수정할까,0,0,-500,VV+EF,*,F,수정할까,Inflect,VV,EF,수정하/VV/*+ㄹ까/EF/*
수정할까요,0,0,-500,VV+EF,*,F,수정할까요,Inflect,VV,EF,수정하/VV/*+ㄹ까요/EF/*
수정할게요,0,0,-500,VV+EF,*,F,수정할게요,Inflect,VV,EF,수정하/VV/*+ㄹ게요/EF/*
수정할게,0,0,-500,VV+EF,*,F,수정할게,Inflect,VV,EF,수정하/VV/*+ㄹ게/EF/*
수정하자,0,0,-500,VV+EF,*,F,수정하자,Inflect,VV,EF,수정하/VV/*+자/EF/*
수정하세요,0,0,-500,VV+EF,*,F,수정하세요,Inflect,VV,EF,수정하/VV/*+세요/EF/*
수정했다,0,0,-500,VV+EP+EF,*,F,수정했다,Inflect,VV,EF,수정하/VV/*+았/EP/*+다/EF/*
수정했어요,0,0,-500,VV+EP+EF,*,F,수정했어요,Inflect,VV,EF,수정하/VV/*+았/EP/*+요/EF/*
수정했ㅂ니다,0,0,-500,VV+EP+EF,*,F,수정했ㅂ니다,Inflect,VV,EF,수정하/VV/*+았/EP/*+ㅂ니다/EF/*
수정했으습니다,0,0,-500,VV+EP+EF,*,F,수정했으습니다,Inflect,VV,EF,수정하/VV/*+았/EP/*+습니다/EF/*
수정했ㄹ까,0,0,-500,VV+EP+EF,*,F,수정했ㄹ까,Inflect,VV,EF,수정하/VV/*+았/EP/*+ㄹ까/EF/*
수정했ㄹ까요,0,0,-500,VV+EP+EF,*,F,수정했ㄹ까요,Inflect,VV,EF,수정하/VV/*+았/EP/*+ㄹ까요/EF/*
수정했ㄹ게요,0,0,-500,VV+EP+EF,*,F,수정했ㄹ게요,Inflect,VV,EF,수정하/VV/*+았/EP/*+ㄹ게요/EF/*
수정했ㄹ게,0,0,-500,VV+EP+EF,*,F,수정했ㄹ게,Inflect,VV,EF,수정하/VV/*+았/EP/*+ㄹ게/EF/*
수정했자,0,0,-500,VV+EP+EF,*,F,수정했자,Inflect,VV,EF,수정하/VV/*+았/EP/*+자/EF/*
수정했으세요,0,0,-500,VV+EP+EF,*,F,수정했으세요,Inflect,VV,EF,수정하/VV/*+았/EP/*+세요/EF/*
수정했다,0,0,-500,VV+EP+EF,*,F,수정했다,Inflect,VV,EF,수정하/VV/*+었/EP/*+다/EF/*
수정했어요,0,0,-500,VV+EP+EF,*,F,수정했어요,Inflect,VV,EF,수정하/VV/*+었/EP/*+요/EF/*
수정했ㅂ니다,0,0,-500,VV+EP+EF,*,F,수정했ㅂ니다,Inflect,VV,EF,수정하/VV/*+었/EP/*+ㅂ니다/EF/*
수정했으습니다,0,0,-500,VV+EP+EF,*,F,수정했으습니다,Inflect,VV,EF,수정하/VV/*+었/EP/*+습니다/EF/*
수정했ㄹ까,0,0,-500,VV+EP+EF,*,F,수정했ㄹ까,Inflect,VV,EF,수정하/VV/*+었/EP/*+ㄹ까/EF/*
수정했ㄹ까요,0,0,-500,VV+EP+EF,*,F,수정했ㄹ까요,Inflect,VV,EF,수정하/VV/*+었/EP/*+ㄹ까요/EF/*
수정했ㄹ게요,0,0,-500,VV+EP+EF,*,F,수정했ㄹ게요,Inflect,VV,EF,수정하/VV/*+었/EP/*+ㄹ게요/EF/*
수정했ㄹ게,0,0,-500,VV+EP+EF,*,F,수정했ㄹ게,Inflect,VV,EF,수정하/VV/*+었/EP/*+ㄹ게/EF/*
수정했자,0,0,-500,VV+EP+EF,*,F,수정했자,Inflect,VV,EF,수정하/VV/*+었/EP/*+자/EF/*
수정했으세요,0,0,-500,VV+EP+EF,*,F,수정했으세요,Inflect,VV,EF,수정하/VV/*+었/EP/*+세요/EF/*
수정하시다,0,0,-500,VV+EP+EF,*,F,수정하시다,Inflect,VV,EF,수정하/VV/*+시/EP/*+다/EF/*
수정하셔요,0,0,-500,VV+EP+EF,*,F,수정하셔요,Inflect,VV,EF,수정하/VV/*+시/EP/*+요/EF/*
수정하십니다,0,0,-500,VV+EP+EF,*,F,수정하십니다,Inflect,VV,EF,수정하/VV/*+시/EP/*+ㅂ니다/EF/*
수정하시습니다,0,0,-500,VV+EP+EF,*,F,수정하시습니다,Inflect,VV,EF,수정하/VV/*+시/EP/*+습니다/EF/*
수정하실까,0,0,-500,VV+EP+EF,*,F,수정하실까,Inflect,VV,EF,수정하/VV/*+시/EP/*+ㄹ까/EF/*
수정하실까요,0,0,-500,VV+EP+EF,*,F,수정하실까요,Inflect,VV,EF,수정하/VV/*+시/EP/*+ㄹ까요/EF/*
수정하실게요,0,0,-500,VV+EP+EF,*,F,수정하실게요,Inflect,VV,EF,수정하/VV/*+시/EP/*+ㄹ게요/EF/*
수정하실게,0,0,-500,VV+EP+EF,*,F,수정하실게,Inflect,VV,EF,수정하/VV/*+시/EP/*+ㄹ게/EF/*
수정하시자,0,0,-500,VV+EP+EF,*,F,수정하시자,Inflect,VV,EF,수정하/VV/*+시/EP/*+자/EF/*
수정하시세요,0,0,-500,VV+EP+EF,*,F,수정하시세요,Inflect,VV,EF,수정하/VV/*+시/EP/*+세요/EF/*
수정하겠다,0,0,-500,VV+EP+EF,*,F,수정하겠다,Inflect,VV,EF,수정하/VV/*+겠/EP/*+다/EF/*
수정하겠어요,0,0,-500,VV+EP+EF,*,F,수정하겠어요,Inflect,VV,EF,수정하/VV/*+겠/EP/*+요/EF/*
수정하겠ㅂ니다,0,0,-500,VV+EP+EF,*,F,수정하겠ㅂ니다,Inflect,VV,EF,수정하/VV/*+겠/EP/*+ㅂ니다/EF/*
수정하겠으습니다,0,0,-500,VV+EP+EF,*,F,수정하겠으습니다,Inflect,VV,EF,수정하/VV/*+겠/EP/*+습니다/EF/*
수정하겠ㄹ까,0,0,-500,VV+EP+EF,*,F,수정하겠ㄹ까,Inflect,VV,EF,수정하/VV/*+겠/EP/*+ㄹ까/EF/*
수정하겠ㄹ까요,0,0,-500,VV+EP+EF,*,F,수정하겠ㄹ까요,Inflect,VV,EF,수정하/VV/*+겠/EP/*+ㄹ까요/EF/*
수정하겠ㄹ게요,0,0,-500,VV+EP+EF,*,F,수정하겠ㄹ게요,Inflect,VV,EF,수정하/VV/*+겠/EP/*+ㄹ게요/EF/*
수정하겠ㄹ게,0,0,-500,VV+EP+EF,*,F,수정하겠ㄹ게,Inflect,VV,EF,수정하/VV/*+겠/EP/*+ㄹ게/EF/*
수정하겠자,0,0,-500,VV+EP+EF,*,F,수정하겠자,Inflect,VV,EF,수정하/VV/*+겠/EP/*+자/EF/*
수정하겠으세요,0,0,-500,VV+EP+EF,*,F,수정하겠으세요,Inflect,VV,EF,수정하/VV/*+겠/EP/*+세요/EF/*
저장하는,0,0,-500,VV+ETM,*,T,저장하는,Inflect,VV,ETM,저장하/VV/*+는/ETM/*
저장한,0,0,-500,VV+ETM,*,T,저장한,Inflect,VV,ETM,저장하/VV/*+ㄴ/ETM/*
저장하은,0,0,-500,VV+ETM,*,T,저장하은,Inflect,VV,ETM,저장하/VV/*+은/ETM/*
저장할,0,0,-500,VV+ETM,*,T,저장할,Inflect,VV,ETM,저장하/VV/*+ㄹ/ETM/*
저장하을,0,0,-500,VV+ETM,*,T,저장하을,Inflect,VV,ETM,저장하/VV/*+을/ETM/*
저장하고,0,0,-500,VV+EC,*,F,저장하고,Inflect,VV,EC,저장하/VV/*+고/EC/*
저장해서,0,0,-500,VV+EC,*,F,저장해서,Inflect,VV,EC,저장하/VV/*+서/EC/*
저장하니까,0,0,-500,VV+EC,*,F,저장하니까,Inflect,VV,EC,저장하/VV/*+니까/EC/*
저장하니,0,0,-500,VV+EC,*,F,저장하니,Inflect,VV,EC,저장하/VV/*+니/EC/*
저장하면,0,0,-500,VV+EC,*,T,저장하면,Inflect,VV,EC,저장하/VV/*+면/EC/*
저장하지만,0,0,-500,VV+EC,*,T,저장하지만,Inflect,VV,EC,저장하/VV/*+지만/EC/*
저장하는데,0,0,-500,VV+EC,*,F,저장하는데,Inflect,VV,EC,저장하/VV/*+는데/EC/*
저장한데,0,0,-500,VV+EC,*,F,저장한데,Inflect,VV,EC,저장하/VV/*+ㄴ데/EC/*
저장하은데,0,0,-500,VV+EC,*,F,저장하은데,Inflect,VV,EC,저장하/VV/*+은데/EC/*
저장하면서,0,0,-500,VV+EC,*,F,저장하면서,Inflect,VV,EC,저장하/VV/*+면서/EC/*
저장하며,0,0,-500,VV+EC,*,F,저장하며,Inflect,VV,EC,저장하/VV/*+며/EC/*
저장하러,0,0,-500,VV+EC,*,F,저장하러,Inflect,VV,EC,저장하/VV/*+러/EC/*
저장하려고,0,0,-500,VV+EC,*,F,저장하려고,Inflect,VV,EC,저장하/VV/*+려고/EC/*
저장하려,0,0,-500,VV+EC,*,F,저장하려,Inflect,VV,EC,저장하/VV/*+려/EC/*
저장해도,0,0,-500,VV+EC,*,F,저장해도,Inflect,VV,EC,저장하/VV/*+도/EC/*
저장하다가,0,0,-500,VV+EC,*,F,저장하다가,Inflect,VV,EC,저장하/VV/*+다가/EC/*
저장하자,0,0,-500,VV+EC,*,F,저장하자,Inflect,VV,EC,저장하/VV/*+자/EC/*
저장하자마자,0,0,-500,VV+EC,*,F,저장하자마자,Inflect,VV,EC,저장하/VV/*+자마자/EC/*
저장하고서,0,0,-500,VV+EC,*,F,저장하고서,Inflect,VV,EC,저장하/VV/*+고서/EC/*
저장하고나서,0,0,-500,VV+EC,*,F,저장하고나서,Inflect,VV,EC,저장하/VV/*+고나서/EC/*
저장하도록,0,0,-500,VV+EC,*,T,저장하도록,Inflect,VV,EC,저장하/VV/*+도록/EC/*
저장하게,0,0,-500,VV+EC,*,F,저장하게,Inflect,VV,EC,저장하/VV/*+게/EC/*
저장하더라도,0,0,-500,VV+EC,*,F,저장하더라도,Inflect,VV,EC,저장하/VV/*+더라도/EC/*
저장할지라도,0,0,-500,VV+EC,*,F,저장할지라도,Inflect,VV,EC,저장하/VV/*+ㄹ지라도/EC/*
저장하을지라도,0,0,-500,VV+EC,*,F,저장하을지라도,Inflect,VV,EC,저장하/VV/*+을지라도/EC/*
저장할수록,0,0,-500,VV+EC,*,T,저장할수록,Inflect,VV,EC,저장하/VV/*+ㄹ수록/EC/*
저장하을수록,0,0,-500,VV+EC,*,T,저장하을수록,Inflect,VV,EC,저장하/VV/*+을수록/EC/*
저장하다고,0,0,-500,VV+EC,*,F,저장하다고,Inflect,VV,EC,저장하/VV/*+다고/EC/*
저장하라고,0,0,-500,VV+EC,*,F,저장하라고,Inflect,VV,EC,저장하/VV/*+라고/EC/*
저장하냐고,0,0,-500,VV+EC,*,F,저장하냐고,Inflect,VV,EC,저장하/VV/*+냐고/EC/*
저장하지,0,0,-500,VV+EC,*,F,저장하지,Inflect,VV,EC,저장하/VV/*+지/EC/*
저장하거나,0,0,-500,VV+EC,*,F,저장하거나,Inflect,VV,EC,저장하/VV/*+거나/EC/*
저장하든지,0,0,-500,VV+EC,*,F,저장하든지,Inflect,VV,EC,저장하/VV/*+든지/EC/*
저장하듯이,0,0,-500,VV+EC,*,F,저장하듯이,Inflect,VV,EC,저장하/VV/*+듯이/EC/*
저장하듯,0,0,-500,VV+EC,*,T,저장하듯,Inflect,VV,EC,저장하/VV/*+듯/EC/*
저장하다,0,0,-500,VV+EF,*,F,저장하다,Inflect,VV,EF,저장하/VV/*+다/EF/*
저장해요,0,0,-500,VV+EF,*,F,저장해요,Inflect,VV,EF,저장하/VV/*+요/EF/*
저장합니다,0,0,-500,VV+EF,*,F,저장합니다,Inflect,VV,EF,저장하/VV/*+ㅂ니다/EF/*
저장하습니다,0,0,-500,VV+EF,*,F,저장하습니다,Inflect,VV,EF,저장하/VV/*+습니다/EF/*
저장할까,0,0,-500,VV+EF,*,F,저장할까,Inflect,VV,EF,저장하/VV/*+ㄹ까/EF/*
저장할까요,0,0,-500,VV+EF,*,F,저장할까요,Inflect,VV,EF,저장하/VV/*+ㄹ까요/EF/*
저장할게요,0,0,-500,VV+EF,*,F,저장할게요,Inflect,VV,EF,저장하/VV/*+ㄹ게요/EF/*
저장할게,0,0,-500,VV+EF,*,F,저장할게,Inflect,VV,EF,저장하/VV/*+ㄹ게/EF/*
저장하자,0,0,-500,VV+EF,*,F,저장하자,Inflect,VV,EF,저장하/VV/*+자/EF/*
저장하세요,0,0,-500,VV+EF,*,F,저장하세요,Inflect,VV,EF,저장하/VV/*+세요/EF/*
저장했다,0,0,-500,VV+EP+EF,*,F,저장했다,Inflect,VV,EF,저장하/VV/*+았/EP/*+다/EF/*
저장했어요,0,0,-500,VV+EP+EF,*,F,저장했어요,Inflect,VV,EF,저장하/VV/*+았/EP/*+요/EF/*
저장했ㅂ니다,0,0,-500,VV+EP+EF,*,F,저장했ㅂ니다,Inflect,VV,EF,저장하/VV/*+았/EP/*+ㅂ니다/EF/*
저장했으습니다,0,0,-500,VV+EP+EF,*,F,저장했으습니다,Inflect,VV,EF,저장하/VV/*+았/EP/*+습니다/EF/*
저장했ㄹ까,0,0,-500,VV+EP+EF,*,F,저장했ㄹ까,Inflect,VV,EF,저장하/VV/*+았/EP/*+ㄹ까/EF/*
저장했ㄹ까요,0,0,-500,VV+EP+EF,*,F,저장했ㄹ까요,Inflect,VV,EF,저장하/VV/*+았/EP/*+ㄹ까요/EF/*
저장했ㄹ게요,0,0,-500,VV+EP+EF,*,F,저장했ㄹ게요,Inflect,VV,EF,저장하/VV/*+았/EP/*+ㄹ게요/EF/*
저장했ㄹ게,0,0,-500,VV+EP+EF,*,F,저장했ㄹ게,Inflect,VV,EF,저장하/VV/*+았/EP/*+ㄹ게/EF/*
저장했자,0,0,-500,VV+EP+EF,*,F,저장했자,Inflect,VV,EF,저장하/VV/*+았/EP/*+자/EF/*
저장했으세요,0,0,-500,VV+EP+EF,*,F,저장했으세요,Inflect,VV,EF,저장하/VV/*+았/EP/*+세요/EF/*
저장했다,0,0,-500,VV+EP+EF,*,F,저장했다,Inflect,VV,EF,저장하/VV/*+었/EP/*+다/EF/*
저장했어요,0,0,-500,VV+EP+EF,*,F,저장했어요,Inflect,VV,EF,저장하/VV/*+었/EP/*+요/EF/*
저장했ㅂ니다,0,0,-500,VV+EP+EF,*,F,저장했ㅂ니다,Inflect,VV,EF,저장하/VV/*+었/EP/*+ㅂ니다/EF/*
저장했으습니다,0,0,-500,VV+EP+EF,*,F,저장했으습니다,Inflect,VV,EF,저장하/VV/*+었/EP/*+습니다/EF/*
저장했ㄹ까,0,0,-500,VV+EP+EF,*,F,저장했ㄹ까,Inflect,VV,EF,저장하/VV/*+었/EP/*+ㄹ까/EF/*
저장했ㄹ까요,0,0,-500,VV+EP+EF,*,F,저장했ㄹ까요,Inflect,VV,EF,저장하/VV/*+었/EP/*+ㄹ까요/EF/*
저장했ㄹ게요,0,0,-500,VV+EP+EF,*,F,저장했ㄹ게요,Inflect,VV,EF,저장하/VV/*+었/EP/*+ㄹ게요/EF/*
저장했ㄹ게,0,0,-500,VV+EP+EF,*,F,저장했ㄹ게,Inflect,VV,EF,저장하/VV/*+었/EP/*+ㄹ게/EF/*
저장했자,0,0,-500,VV+EP+EF,*,F,저장했자,Inflect,VV,EF,저장하/VV/*+었/EP/*+자/EF/*
저장했으세요,0,0,-500,VV+EP+EF,*,F,저장했으세요,Inflect,VV,EF,저장하/VV/*+었/EP/*+세요/EF/*
저장하시다,0,0,-500,VV+EP+EF,*,F,저장하시다,Inflect,VV,EF,저장하/VV/*+시/EP/*+다/EF/*
저장하셔요,0,0,-500,VV+EP+EF,*,F,저장하셔요,Inflect,VV,EF,저장하/VV/*+시/EP/*+요/EF/*
저장하십니다,0,0,-500,VV+EP+EF,*,F,저장하십니다,Inflect,VV,EF,저장하/VV/*+시/EP/*+ㅂ니다/EF/*
저장하시습니다,0,0,-500,VV+EP+EF,*,F,저장하시습니다,Inflect,VV,EF,저장하/VV/*+시/EP/*+습니다/EF/*
저장하실까,0,0,-500,VV+EP+EF,*,F,저장하실까,Inflect,VV,EF,저장하/VV/*+시/EP/*+ㄹ까/EF/*
저장하실까요,0,0,-500,VV+EP+EF,*,F,저장하실까요,Inflect,VV,EF,저장하/VV/*+시/EP/*+ㄹ까요/EF/*
저장하실게요,0,0,-500,VV+EP+EF,*,F,저장하실게요,Inflect,VV,EF,저장하/VV/*+시/EP/*+ㄹ게요/EF/*
저장하실게,0,0,-500,VV+EP+EF,*,F,저장하실게,Inflect,VV,EF,저장하/VV/*+시/EP/*+ㄹ게/EF/*
저장하시자,0,0,-500,VV+EP+EF,*,F,저장하시자,Inflect,VV,EF,저장하/VV/*+시/EP/*+자/EF/*
저장하시세요,0,0,-500,VV+EP+EF,*,F,저장하시세요,Inflect,VV,EF,저장하/VV/*+시/EP/*+세요/EF/*
저장하겠다,0,0,-500,VV+EP+EF,*,F,저장하겠다,Inflect,VV,EF,저장하/VV/*+겠/EP/*+다/EF/*
저장하겠어요,0,0,-500,VV+EP+EF,*,F,저장하겠어요,Inflect,VV,EF,저장하/VV/*+겠/EP/*+요/EF/*
저장하겠ㅂ니다,0,0,-500,VV+EP+EF,*,F,저장하겠ㅂ니다,Inflect,VV,EF,저장하/VV/*+겠/EP/*+ㅂ니다/EF/*
저장하겠으습니다,0,0,-500,VV+EP+EF,*,F,저장하겠으습니다,Inflect,VV,EF,저장하/VV/*+겠/EP/*+습니다/EF/*
저장하겠ㄹ까,0,0,-500,VV+EP+EF,*,F,저장하겠ㄹ까,Inflect,VV,EF,저장하/VV/*+겠/EP/*+ㄹ까/EF/*
저장하겠ㄹ까요,0,0,-500,VV+EP+EF,*,F,저장하겠ㄹ까요,Inflect,VV,EF,저장하/VV/*+겠/EP/*+ㄹ까요/EF/*
저장하겠ㄹ게요,0,0,-500,VV+EP+EF,*,F,저장하겠ㄹ게요,Inflect,VV,EF,저장하/VV/*+겠/EP/*+ㄹ게요/EF/*
저장하겠ㄹ게,0,0,-500,VV+EP+EF,*,F,저장하겠ㄹ게,Inflect,VV,EF,저장하/VV/*+겠/EP/*+ㄹ게/EF/*
저장하겠자,0,0,-500,VV+EP+EF,*,F,저장하겠자,Inflect,VV,EF,저장하/VV/*+겠/EP/*+자/EF/*
저장하겠으세요,0,0,-500,VV+EP+EF,*,F,저장하겠으세요,Inflect,VV,EF,저장하/VV/*+겠/EP/*+세요/EF/*
검색하는,0,0,-500,VV+ETM,*,T,검색하는,Inflect,VV,ETM,검색하/VV/*+는/ETM/*
검색한,0,0,-500,VV+ETM,*,T,검색한,Inflect,VV,ETM,검색하/VV/*+ㄴ/ETM/*
검색하은,0,0,-500,VV+ETM,*,T,검색하은,Inflect,VV,ETM,검색하/VV/*+은/ETM/*
검색할,0,0,-500,VV+ETM,*,T,검색할,Inflect,VV,ETM,검색하/VV/*+ㄹ/ETM/*
검색하을,0,0,-500,VV+ETM,*,T,검색하을,Inflect,VV,ETM,검색하/VV/*+을/ETM/*
검색하고,0,0,-500,VV+EC,*,F,검색하고,Inflect,VV,EC,검색하/VV/*+고/EC/*
검색해서,0,0,-500,VV+EC,*,F,검색해서,Inflect,VV,EC,검색하/VV/*+서/EC/*
검색하니까,0,0,-500,VV+EC,*,F,검색하니까,Inflect,VV,EC,검색하/VV/*+니까/EC/*
검색하니,0,0,-500,VV+EC,*,F,검색하니,Inflect,VV,EC,검색하/VV/*+니/EC/*
검색하면,0,0,-500,VV+EC,*,T,검색하면,Inflect,VV,EC,검색하/VV/*+면/EC/*
검색하지만,0,0,-500,VV+EC,*,T,검색하지만,Inflect,VV,EC,검색하/VV/*+지만/EC/*
검색하는데,0,0,-500,VV+EC,*,F,검색하는데,Inflect,VV,EC,검색하/VV/*+는데/EC/*
검색한데,0,0,-500,VV+EC,*,F,검색한데,Inflect,VV,EC,검색하/VV/*+ㄴ데/EC/*
검색하은데,0,0,-500,VV+EC,*,F,검색하은데,Inflect,VV,EC,검색하/VV/*+은데/EC/*
검색하면서,0,0,-500,VV+EC,*,F,검색하면서,Inflect,VV,EC,검색하/VV/*+면서/EC/*
검색하며,0,0,-500,VV+EC,*,F,검색하며,Inflect,VV,EC,검색하/VV/*+며/EC/*
검색하러,0,0,-500,VV+EC,*,F,검색하러,Inflect,VV,EC,검색하/VV/*+러/EC/*
검색하려고,0,0,-500,VV+EC,*,F,검색하려고,Inflect,VV,EC,검색하/VV/*+려고/EC/*
검색하려,0,0,-500,VV+EC,*,F,검색하려,Inflect,VV,EC,검색하/VV/*+려/EC/*
검색해도,0,0,-500,VV+EC,*,F,검색해도,Inflect,VV,EC,검색하/VV/*+도/EC/*
검색하다가,0,0,-500,VV+EC,*,F,검색하다가,Inflect,VV,EC,검색하/VV/*+다가/EC/*
검색하자,0,0,-500,VV+EC,*,F,검색하자,Inflect,VV,EC,검색하/VV/*+자/EC/*
검색하자마자,0,0,-500,VV+EC,*,F,검색하자마자,Inflect,VV,EC,검색하/VV/*+자마자/EC/*
검색하고서,0,0,-500,VV+EC,*,F,검색하고서,Inflect,VV,EC,검색하/VV/*+고서/EC/*
검색하고나서,0,0,-500,VV+EC,*,F,검색하고나서,Inflect,VV,EC,검색하/VV/*+고나서/EC/*
검색하도록,0,0,-500,VV+EC,*,T,검색하도록,Inflect,VV,EC,검색하/VV/*+도록/EC/*
검색하게,0,0,-500,VV+EC,*,F,검색하게,Inflect,VV,EC,검색하/VV/*+게/EC/*
검색하더라도,0,0,-500,VV+EC,*,F,검색하더라도,Inflect,VV,EC,검색하/VV/*+더라도/EC/*
검색할지라도,0,0,-500,VV+EC,*,F,검색할지라도,Inflect,VV,EC,검색하/VV/*+ㄹ지라도/EC/*
검색하을지라도,0,0,-500,VV+EC,*,F,검색하을지라도,Inflect,VV,EC,검색하/VV/*+을지라도/EC/*
검색할수록,0,0,-500,VV+EC,*,T,검색할수록,Inflect,VV,EC,검색하/VV/*+ㄹ수록/EC/*
검색하을수록,0,0,-500,VV+EC,*,T,검색하을수록,Inflect,VV,EC,검색하/VV/*+을수록/EC/*
검색하다고,0,0,-500,VV+EC,*,F,검색하다고,Inflect,VV,EC,검색하/VV/*+다고/EC/*
검색하라고,0,0,-500,VV+EC,*,F,검색하라고,Inflect,VV,EC,검색하/VV/*+라고/EC/*
검색하냐고,0,0,-500,VV+EC,*,F,검색하냐고,Inflect,VV,EC,검색하/VV/*+냐고/EC/*
검색하지,0,0,-500,VV+EC,*,F,검색하지,Inflect,VV,EC,검색하/VV/*+지/EC/*
검색하거나,0,0,-500,VV+EC,*,F,검색하거나,Inflect,VV,EC,검색하/VV/*+거나/EC/*
검색하든지,0,0,-500,VV+EC,*,F,검색하든지,Inflect,VV,EC,검색하/VV/*+든지/EC/*
검색하듯이,0,0,-500,VV+EC,*,F,검색하듯이,Inflect,VV,EC,검색하/VV/*+듯이/EC/*
검색하듯,0,0,-500,VV+EC,*,T,검색하듯,Inflect,VV,EC,검색하/VV/*+듯/EC/*
검색하다,0,0,-500,VV+EF,*,F,검색하다,Inflect,VV,EF,검색하/VV/*+다/EF/*
검색해요,0,0,-500,VV+EF,*,F,검색해요,Inflect,VV,EF,검색하/VV/*+요/EF/*
검색합니다,0,0,-500,VV+EF,*,F,검색합니다,Inflect,VV,EF,검색하/VV/*+ㅂ니다/EF/*
검색하습니다,0,0,-500,VV+EF,*,F,검색하습니다,Inflect,VV,EF,검색하/VV/*+습니다/EF/*
검색할까,0,0,-500,VV+EF,*,F,검색할까,Inflect,VV,EF,검색하/VV/*+ㄹ까/EF/*
검색할까요,0,0,-500,VV+EF,*,F,검색할까요,Inflect,VV,EF,검색하/VV/*+ㄹ까요/EF/*
검색할게요,0,0,-500,VV+EF,*,F,검색할게요,Inflect,VV,EF,검색하/VV/*+ㄹ게요/EF/*
검색할게,0,0,-500,VV+EF,*,F,검색할게,Inflect,VV,EF,검색하/VV/*+ㄹ게/EF/*
검색하자,0,0,-500,VV+EF,*,F,검색하자,Inflect,VV,EF,검색하/VV/*+자/EF/*
검색하세요,0,0,-500,VV+EF,*,F,검색하세요,Inflect,VV,EF,검색하/VV/*+세요/EF/*
검색했다,0,0,-500,VV+EP+EF,*,F,검색했다,Inflect,VV,EF,검색하/VV/*+았/EP/*+다/EF/*
검색했어요,0,0,-500,VV+EP+EF,*,F,검색했어요,Inflect,VV,EF,검색하/VV/*+았/EP/*+요/EF/*
검색했ㅂ니다,0,0,-500,VV+EP+EF,*,F,검색했ㅂ니다,Inflect,VV,EF,검색하/VV/*+았/EP/*+ㅂ니다/EF/*
검색했으습니다,0,0,-500,VV+EP+EF,*,F,검색했으습니다,Inflect,VV,EF,검색하/VV/*+았/EP/*+습니다/EF/*
검색했ㄹ까,0,0,-500,VV+EP+EF,*,F,검색했ㄹ까,Inflect,VV,EF,검색하/VV/*+았/EP/*+ㄹ까/EF/*
검색했ㄹ까요,0,0,-500,VV+EP+EF,*,F,검색했ㄹ까요,Inflect,VV,EF,검색하/VV/*+았/EP/*+ㄹ까요/EF/*
검색했ㄹ게요,0,0,-500,VV+EP+EF,*,F,검색했ㄹ게요,Inflect,VV,EF,검색하/VV/*+았/EP/*+ㄹ게요/EF/*
검색했ㄹ게,0,0,-500,VV+EP+EF,*,F,검색했ㄹ게,Inflect,VV,EF,검색하/VV/*+았/EP/*+ㄹ게/EF/*
검색했자,0,0,-500,VV+EP+EF,*,F,검색했자,Inflect,VV,EF,검색하/VV/*+았/EP/*+자/EF/*
검색했으세요,0,0,-500,VV+EP+EF,*,F,검색했으세요,Inflect,VV,EF,검색하/VV/*+았/EP/*+세요/EF/*
검색했다,0,0,-500,VV+EP+EF,*,F,검색했다,Inflect,VV,EF,검색하/VV/*+었/EP/*+다/EF/*
검색했어요,0,0,-500,VV+EP+EF,*,F,검색했어요,Inflect,VV,EF,검색하/VV/*+었/EP/*+요/EF/*
검색했ㅂ니다,0,0,-500,VV+EP+EF,*,F,검색했ㅂ니다,Inflect,VV,EF,검색하/VV/*+었/EP/*+ㅂ니다/EF/*
검색했으습니다,0,0,-500,VV+EP+EF,*,F,검색했으습니다,Inflect,VV,EF,검색하/VV/*+었/EP/*+습니다/EF/*
검색했ㄹ까,0,0,-500,VV+EP+EF,*,F,검색했ㄹ까,Inflect,VV,EF,검색하/VV/*+었/EP/*+ㄹ까/EF/*
검색했ㄹ까요,0,0,-500,VV+EP+EF,*,F,검색했ㄹ까요,Inflect,VV,EF,검색하/VV/*+었/EP/*+ㄹ까요/EF/*
검색했ㄹ게요,0,0,-500,VV+EP+EF,*,F,검색했ㄹ게요,Inflect,VV,EF,검색하/VV/*+었/EP/*+ㄹ게요/EF/*
검색했ㄹ게,0,0,-500,VV+EP+EF,*,F,검색했ㄹ게,Inflect,VV,EF,검색하/VV/*+었/EP/*+ㄹ게/EF/*
검색했자,0,0,-500,VV+EP+EF,*,F,검색했자,Inflect,VV,EF,검색하/VV/*+었/EP/*+자/EF/*
검색했으세요,0,0,-500,VV+EP+EF,*,F,검색했으세요,Inflect,VV,EF,검색하/VV/*+었/EP/*+세요/EF/*
검색하시다,0,0,-500,VV+EP+EF,*,F,검색하시다,Inflect,VV,EF,검색하/VV/*+시/EP/*+다/EF/*
검색하셔요,0,0,-500,VV+EP+EF,*,F,검색하셔요,Inflect,VV,EF,검색하/VV/*+시/EP/*+요/EF/*
검색하십니다,0,0,-500,VV+EP+EF,*,F,검색하십니다,Inflect,VV,EF,검색하/VV/*+시/EP/*+ㅂ니다/EF/*
검색하시습니다,0,0,-500,VV+EP+EF,*,F,검색하시습니다,Inflect,VV,EF,검색하/VV/*+시/EP/*+습니다/EF/*
검색하실까,0,0,-500,VV+EP+EF,*,F,검색하실까,Inflect,VV,EF,검색하/VV/*+시/EP/*+ㄹ까/EF/*
검색하실까요,0,0,-500,VV+EP+EF,*,F,검색하실까요,Inflect,VV,EF,검색하/VV/*+시/EP/*+ㄹ까요/EF/*
검색하실게요,0,0,-500,VV+EP+EF,*,F,검색하실게요,Inflect,VV,EF,검색하/VV/*+시/EP/*+ㄹ게요/EF/*
검색하실게,0,0,-500,VV+EP+EF,*,F,검색하실게,Inflect,VV,EF,검색하/VV/*+시/EP/*+ㄹ게/EF/*
검색하시자,0,0,-500,VV+EP+EF,*,F,검색하시자,Inflect,VV,EF,검색하/VV/*+시/EP/*+자/EF/*
검색하시세요,0,0,-500,VV+EP+EF,*,F,검색하시세요,Inflect,VV,EF,검색하/VV/*+시/EP/*+세요/EF/*
검색하겠다,0,0,-500,VV+EP+EF,*,F,검색하겠다,Inflect,VV,EF,검색하/VV/*+겠/EP/*+다/EF/*
검색하겠어요,0,0,-500,VV+EP+EF,*,F,검색하겠어요,Inflect,VV,EF,검색하/VV/*+겠/EP/*+요/EF/*
검색하겠ㅂ니다,0,0,-500,VV+EP+EF,*,F,검색하겠ㅂ니다,Inflect,VV,EF,검색하/VV/*+겠/EP/*+ㅂ니다/EF/*
검색하겠으습니다,0,0,-500,VV+EP+EF,*,F,검색하겠으습니다,Inflect,VV,EF,검색하/VV/*+겠/EP/*+습니다/EF/*
검색하겠ㄹ까,0,0,-500,VV+EP+EF,*,F,검색하겠ㄹ까,Inflect,VV,EF,검색하/VV/*+겠/EP/*+ㄹ까/EF/*
검색하겠ㄹ까요,0,0,-500,VV+EP+EF,*,F,검색하겠ㄹ까요,Inflect,VV,EF,검색하/VV/*+겠/EP/*+ㄹ까요/EF/*
검색하겠ㄹ게요,0,0,-500,VV+EP+EF,*,F,검색하겠ㄹ게요,Inflect,VV,EF,검색하/VV/*+겠/EP/*+ㄹ게요/EF/*
검색하겠ㄹ게,0,0,-500,VV+EP+EF,*,F,검색하겠ㄹ게,Inflect,VV,EF,검색하/VV/*+겠/EP/*+ㄹ게/EF/*
검색하겠자,0,0,-500,VV+EP+EF,*,F,검색하겠자,Inflect,VV,EF,검색하/VV/*+겠/EP/*+자/EF/*
검색하겠으세요,0,0,-500,VV+EP+EF,*,F,검색하겠으세요,Inflect,VV,EF,검색하/VV/*+겠/EP/*+세요/EF/*
입력하는,0,0,-500,VV+ETM,*,T,입력하는,Inflect,VV,ETM,입력하/VV/*+는/ETM/*
입력한,0,0,-500,VV+ETM,*,T,입력한,Inflect,VV,ETM,입력하/VV/*+ㄴ/ETM/*
입력하은,0,0,-500,VV+ETM,*,T,입력하은,Inflect,VV,ETM,입력하/VV/*+은/ETM/*
입력할,0,0,-500,VV+ETM,*,T,입력할,Inflect,VV,ETM,입력하/VV/*+ㄹ/ETM/*
입력하을,0,0,-500,VV+ETM,*,T,입력하을,Inflect,VV,ETM,입력하/VV/*+을/ETM/*
입력하고,0,0,-500,VV+EC,*,F,입력하고,Inflect,VV,EC,입력하/VV/*+고/EC/*
입력해서,0,0,-500,VV+EC,*,F,입력해서,Inflect,VV,EC,입력하/VV/*+서/EC/*
입력하니까,0,0,-500,VV+EC,*,F,입력하니까,Inflect,VV,EC,입력하/VV/*+니까/EC/*
입력하니,0,0,-500,VV+EC,*,F,입력하니,Inflect,VV,EC,입력하/VV/*+니/EC/*
입력하면,0,0,-500,VV+EC,*,T,입력하면,Inflect,VV,EC,입력하/VV/*+면/EC/*
입력하지만,0,0,-500,VV+EC,*,T,입력하지만,Inflect,VV,EC,입력하/VV/*+지만/EC/*
입력하는데,0,0,-500,VV+EC,*,F,입력하는데,Inflect,VV,EC,입력하/VV/*+는데/EC/*
입력한데,0,0,-500,VV+EC,*,F,입력한데,Inflect,VV,EC,입력하/VV/*+ㄴ데/EC/*
입력하은데,0,0,-500,VV+EC,*,F,입력하은데,Inflect,VV,EC,입력하/VV/*+은데/EC/*
입력하면서,0,0,-500,VV+EC,*,F,입력하면서,Inflect,VV,EC,입력하/VV/*+면서/EC/*
입력하며,0,0,-500,VV+EC,*,F,입력하며,Inflect,VV,EC,입력하/VV/*+며/EC/*
입력하러,0,0,-500,VV+EC,*,F,입력하러,Inflect,VV,EC,입력하/VV/*+러/EC/*
입력하려고,0,0,-500,VV+EC,*,F,입력하려고,Inflect,VV,EC,입력하/VV/*+려고/EC/*
입력하려,0,0,-500,VV+EC,*,F,입력하려,Inflect,VV,EC,입력하/VV/*+려/EC/*
입력해도,0,0,-500,VV+EC,*,F,입력해도,Inflect,VV,EC,입력하/VV/*+도/EC/*
입력하다가,0,0,-500,VV+EC,*,F,입력하다가,Inflect,VV,EC,입력하/VV/*+다가/EC/*
입력하자,0,0,-500,VV+EC,*,F,입력하자,Inflect,VV,EC,입력하/VV/*+자/EC/*
입력하자마자,0,0,-500,VV+EC,*,F,입력하자마자,Inflect,VV,EC,입력하/VV/*+자마자/EC/*
입력하고서,0,0,-500,VV+EC,*,F,입력하고서,Inflect,VV,EC,입력하/VV/*+고서/EC/*
입력하고나서,0,0,-500,VV+EC,*,F,입력하고나서,Inflect,VV,EC,입력하/VV/*+고나서/EC/*
입력하도록,0,0,-500,VV+EC,*,T,입력하도록,Inflect,VV,EC,입력하/VV/*+도록/EC/*
입력하게,0,0,-500,VV+EC,*,F,입력하게,Inflect,VV,EC,입력하/VV/*+게/EC/*
입력하더라도,0,0,-500,VV+EC,*,F,입력하더라도,Inflect,VV,EC,입력하/VV/*+더라도/EC/*
입력할지라도,0,0,-500,VV+EC,*,F,입력할지라도,Inflect,VV,EC,입력하/VV/*+ㄹ지라도/EC/*
입력하을지라도,0,0,-500,VV+EC,*,F,입력하을지라도,Inflect,VV,EC,입력하/VV/*+을지라도/EC/*
입력할수록,0,0,-500,VV+EC,*,T,입력할수록,Inflect,VV,EC,입력하/VV/*+ㄹ수록/EC/*
입력하을수록,0,0,-500,VV+EC,*,T,입력하을수록,Inflect,VV,EC,입력하/VV/*+을수록/EC/*
입력하다고,0,0,-500,VV+EC,*,F,입력하다고,Inflect,VV,EC,입력하/VV/*+다고/EC/*
입력하라고,0,0,-500,VV+EC,*,F,입력하라고,Inflect,VV,EC,입력하/VV/*+라고/EC/*
입력하냐고,0,0,-500,VV+EC,*,F,입력하냐고,Inflect,VV,EC,입력하/VV/*+냐고/EC/*
입력하지,0,0,-500,VV+EC,*,F,입력하지,Inflect,VV,EC,입력하/VV/*+지/EC/*
입력하거나,0,0,-500,VV+EC,*,F,입력하거나,Inflect,VV,EC,입력하/VV/*+거나/EC/*
입력하든지,0,0,-500,VV+EC,*,F,입력하든지,Inflect,VV,EC,입력하/VV/*+든지/EC/*
입력하듯이,0,0,-500,VV+EC,*,F,입력하듯이,Inflect,VV,EC,입력하/VV/*+듯이/EC/*
입력하듯,0,0,-500,VV+EC,*,T,입력하듯,Inflect,VV,EC,입력하/VV/*+듯/EC/*
입력하다,0,0,-500,VV+EF,*,F,입력하다,Inflect,VV,EF,입력하/VV/*+다/EF/*
입력해요,0,0,-500,VV+EF,*,F,입력해요,Inflect,VV,EF,입력하/VV/*+요/EF/*
입력합니다,0,0,-500,VV+EF,*,F,입력합니다,Inflect,VV,EF,입력하/VV/*+ㅂ니다/EF/*
입력하습니다,0,0,-500,VV+EF,*,F,입력하습니다,Inflect,VV,EF,입력하/VV/*+습니다/EF/*
입력할까,0,0,-500,VV+EF,*,F,입력할까,Inflect,VV,EF,입력하/VV/*+ㄹ까/EF/*
입력할까요,0,0,-500,VV+EF,*,F,입력할까요,Inflect,VV,EF,입력하/VV/*+ㄹ까요/EF/*
입력할게요,0,0,-500,VV+EF,*,F,입력할게요,Inflect,VV,EF,입력하/VV/*+ㄹ게요/EF/*
입력할게,0,0,-500,VV+EF,*,F,입력할게,Inflect,VV,EF,입력하/VV/*+ㄹ게/EF/*
입력하자,0,0,-500,VV+EF,*,F,입력하자,Inflect,VV,EF,입력하/VV/*+자/EF/*
입력하세요,0,0,-500,VV+EF,*,F,입력하세요,Inflect,VV,EF,입력하/VV/*+세요/EF/*
입력했다,0,0,-500,VV+EP+EF,*,F,입력했다,Inflect,VV,EF,입력하/VV/*+았/EP/*+다/EF/*
입력했어요,0,0,-500,VV+EP+EF,*,F,입력했어요,Inflect,VV,EF,입력하/VV/*+았/EP/*+요/EF/*
입력했ㅂ니다,0,0,-500,VV+EP+EF,*,F,입력했ㅂ니다,Inflect,VV,EF,입력하/VV/*+았/EP/*+ㅂ니다/EF/*
입력했으습니다,0,0,-500,VV+EP+EF,*,F,입력했으습니다,Inflect,VV,EF,입력하/VV/*+았/EP/*+습니다/EF/*
입력했ㄹ까,0,0,-500,VV+EP+EF,*,F,입력했ㄹ까,Inflect,VV,EF,입력하/VV/*+았/EP/*+ㄹ까/EF/*
입력했ㄹ까요,0,0,-500,VV+EP+EF,*,F,입력했ㄹ까요,Inflect,VV,EF,입력하/VV/*+았/EP/*+ㄹ까요/EF/*
입력했ㄹ게요,0,0,-500,VV+EP+EF,*,F,입력했ㄹ게요,Inflect,VV,EF,입력하/VV/*+았/EP/*+ㄹ게요/EF/*
입력했ㄹ게,0,0,-500,VV+EP+EF,*,F,입력했ㄹ게,Inflect,VV,EF,입력하/VV/*+았/EP/*+ㄹ게/EF/*
입력했자,0,0,-500,VV+EP+EF,*,F,입력했자,Inflect,VV,EF,입력하/VV/*+았/EP/*+자/EF/*
입력했으세요,0,0,-500,VV+EP+EF,*,F,입력했으세요,Inflect,VV,EF,입력하/VV/*+았/EP/*+세요/EF/*
입력했다,0,0,-500,VV+EP+EF,*,F,입력했다,Inflect,VV,EF,입력하/VV/*+었/EP/*+다/EF/*
입력했어요,0,0,-500,VV+EP+EF,*,F,입력했어요,Inflect,VV,EF,입력하/VV/*+었/EP/*+요/EF/*
입력했ㅂ니다,0,0,-500,VV+EP+EF,*,F,입력했ㅂ니다,Inflect,VV,EF,입력하/VV/*+었/EP/*+ㅂ니다/EF/*
입력했으습니다,0,0,-500,VV+EP+EF,*,F,입력했으습니다,Inflect,VV,EF,입력하/VV/*+었/EP/*+습니다/EF/*
입력했ㄹ까,0,0,-500,VV+EP+EF,*,F,입력했ㄹ까,Inflect,VV,EF,입력하/VV/*+었/EP/*+ㄹ까/EF/*
입력했ㄹ까요,0,0,-500,VV+EP+EF,*,F,입력했ㄹ까요,Inflect,VV,EF,입력하/VV/*+었/EP/*+ㄹ까요/EF/*
입력했ㄹ게요,0,0,-500,VV+EP+EF,*,F,입력했ㄹ게요,Inflect,VV,EF,입력하/VV/*+었/EP/*+ㄹ게요/EF/*
입력했ㄹ게,0,0,-500,VV+EP+EF,*,F,입력했ㄹ게,Inflect,VV,EF,입력하/VV/*+었/EP/*+ㄹ게/EF/*
입력했자,0,0,-500,VV+EP+EF,*,F,입력했자,Inflect,VV,EF,입력하/VV/*+었/EP/*+자/EF/*
입력했으세요,0,0,-500,VV+EP+EF,*,F,입력했으세요,Inflect,VV,EF,입력하/VV/*+었/EP/*+세요/EF/*
입력하시다,0,0,-500,VV+EP+EF,*,F,입력하시다,Inflect,VV,EF,입력하/VV/*+시/EP/*+다/EF/*
입력하셔요,0,0,-500,VV+EP+EF,*,F,입력하셔요,Inflect,VV,EF,입력하/VV/*+시/EP/*+요/EF/*
입력하십니다,0,0,-500,VV+EP+EF,*,F,입력하십니다,Inflect,VV,EF,입력하/VV/*+시/EP/*+ㅂ니다/EF/*
입력하시습니다,0,0,-500,VV+EP+EF,*,F,입력하시습니다,Inflect,VV,EF,입력하/VV/*+시/EP/*+습니다/EF/*
입력하실까,0,0,-500,VV+EP+EF,*,F,입력하실까,Inflect,VV,EF,입력하/VV/*+시/EP/*+ㄹ까/EF/*
입력하실까요,0,0,-500,VV+EP+EF,*,F,입력하실까요,Inflect,VV,EF,입력하/VV/*+시/EP/*+ㄹ까요/EF/*
입력하실게요,0,0,-500,VV+EP+EF,*,F,입력하실게요,Inflect,VV,EF,입력하/VV/*+시/EP/*+ㄹ게요/EF/*
입력하실게,0,0,-500,VV+EP+EF,*,F,입력하실게,Inflect,VV,EF,입력하/VV/*+시/EP/*+ㄹ게/EF/*
입력하시자,0,0,-500,VV+EP+EF,*,F,입력하시자,Inflect,VV,EF,입력하/VV/*+시/EP/*+자/EF/*
입력하시세요,0,0,-500,VV+EP+EF,*,F,입력하시세요,Inflect,VV,EF,입력하/VV/*+시/EP/*+세요/EF/*
입력하겠다,0,0,-500,VV+EP+EF,*,F,입력하겠다,Inflect,VV,EF,입력하/VV/*+겠/EP/*+다/EF/*
입력하겠어요,0,0,-500,VV+EP+EF,*,F,입력하겠어요,Inflect,VV,EF,입력하/VV/*+겠/EP/*+요/EF/*
입력하겠ㅂ니다,0,0,-500,VV+EP+EF,*,F,입력하겠ㅂ니다,Inflect,VV,EF,입력하/VV/*+겠/EP/*+ㅂ니다/EF/*
입력하겠으습니다,0,0,-500,VV+EP+EF,*,F,입력하겠으습니다,Inflect,VV,EF,입력하/VV/*+겠/EP/*+습니다/EF/*
입력하겠ㄹ까,0,0,-500,VV+EP+EF,*,F,입력하겠ㄹ까,Inflect,VV,EF,입력하/VV/*+겠/EP/*+ㄹ까/EF/*
입력하겠ㄹ까요,0,0,-500,VV+EP+EF,*,F,입력하겠ㄹ까요,Inflect,VV,EF,입력하/VV/*+겠/EP/*+ㄹ까요/EF/*
입력하겠ㄹ게요,0,0,-500,VV+EP+EF,*,F,입력하겠ㄹ게요,Inflect,VV,EF,입력하/VV/*+겠/EP/*+ㄹ게요/EF/*
입력하겠ㄹ게,0,0,-500,VV+EP+EF,*,F,입력하겠ㄹ게,Inflect,VV,EF,입력하/VV/*+겠/EP/*+ㄹ게/EF/*
입력하겠자,0,0,-500,VV+EP+EF,*,F,입력하겠자,Inflect,VV,EF,입력하/VV/*+겠/EP/*+자/EF/*
입력하겠으세요,0,0,-500,VV+EP+EF,*,F,입력하겠으세요,Inflect,VV,EF,입력하/VV/*+겠/EP/*+세요/EF/*
출력하는,0,0,-500,VV+ETM,*,T,출력하는,Inflect,VV,ETM,출력하/VV/*+는/ETM/*
출력한,0,0,-500,VV+ETM,*,T,출력한,Inflect,VV,ETM,출력하/VV/*+ㄴ/ETM/*
출력하은,0,0,-500,VV+ETM,*,T,출력하은,Inflect,VV,ETM,출력하/VV/*+은/ETM/*
출력할,0,0,-500,VV+ETM,*,T,출력할,Inflect,VV,ETM,출력하/VV/*+ㄹ/ETM/*
출력하을,0,0,-500,VV+ETM,*,T,출력하을,Inflect,VV,ETM,출력하/VV/*+을/ETM/*
출력하고,0,0,-500,VV+EC,*,F,출력하고,Inflect,VV,EC,출력하/VV/*+고/EC/*
출력해서,0,0,-500,VV+EC,*,F,출력해서,Inflect,VV,EC,출력하/VV/*+서/EC/*
출력하니까,0,0,-500,VV+EC,*,F,출력하니까,Inflect,VV,EC,출력하/VV/*+니까/EC/*
출력하니,0,0,-500,VV+EC,*,F,출력하니,Inflect,VV,EC,출력하/VV/*+니/EC/*
출력하면,0,0,-500,VV+EC,*,T,출력하면,Inflect,VV,EC,출력하/VV/*+면/EC/*
출력하지만,0,0,-500,VV+EC,*,T,출력하지만,Inflect,VV,EC,출력하/VV/*+지만/EC/*
출력하는데,0,0,-500,VV+EC,*,F,출력하는데,Inflect,VV,EC,출력하/VV/*+는데/EC/*
출력한데,0,0,-500,VV+EC,*,F,출력한데,Inflect,VV,EC,출력하/VV/*+ㄴ데/EC/*
출력하은데,0,0,-500,VV+EC,*,F,출력하은데,Inflect,VV,EC,출력하/VV/*+은데/EC/*
출력하면서,0,0,-500,VV+EC,*,F,출력하면서,Inflect,VV,EC,출력하/VV/*+면서/EC/*
출력하며,0,0,-500,VV+EC,*,F,출력하며,Inflect,VV,EC,출력하/VV/*+며/EC/*
출력하러,0,0,-500,VV+EC,*,F,출력하러,Inflect,VV,EC,출력하/VV/*+러/EC/*
출력하려고,0,0,-500,VV+EC,*,F,출력하려고,Inflect,VV,EC,출력하/VV/*+려고/EC/*
출력하려,0,0,-500,VV+EC,*,F,출력하려,Inflect,VV,EC,출력하/VV/*+려/EC/*
출력해도,0,0,-500,VV+EC,*,F,출력해도,Inflect,VV,EC,출력하/VV/*+도/EC/*
출력하다가,0,0,-500,VV+EC,*,F,출력하다가,Inflect,VV,EC,출력하/VV/*+다가/EC/*
출력하자,0,0,-500,VV+EC,*,F,출력하자,Inflect,VV,EC,출력하/VV/*+자/EC/*
출력하자마자,0,0,-500,VV+EC,*,F,출력하자마자,Inflect,VV,EC,출력하/VV/*+자마자/EC/*
출력하고서,0,0,-500,VV+EC,*,F,출력하고서,Inflect,VV,EC,출력하/VV/*+고서/EC/*
출력하고나서,0,0,-500,VV+EC,*,F,출력하고나서,Inflect,VV,EC,출력하/VV/*+고나서/EC/*
출력하도록,0,0,-500,VV+EC,*,T,출력하도록,Inflect,VV,EC,출력하/VV/*+도록/EC/*
출력하게,0,0,-500,VV+EC,*,F,출력하게,Inflect,VV,EC,출력하/VV/*+게/EC/*
출력하더라도,0,0,-500,VV+EC,*,F,출력하더라도,Inflect,VV,EC,출력하/VV/*+더라도/EC/*
출력할지라도,0,0,-500,VV+EC,*,F,출력할지라도,Inflect,VV,EC,출력하/VV/*+ㄹ지라도/EC/*
출력하을지라도,0,0,-500,VV+EC,*,F,출력하을지라도,Inflect,VV,EC,출력하/VV/*+을지라도/EC/*
출력할수록,0,0,-500,VV+EC,*,T,출력할수록,Inflect,VV,EC,출력하/VV/*+ㄹ수록/EC/*
출력하을수록,0,0,-500,VV+EC,*,T,출력하을수록,Inflect,VV,EC,출력하/VV/*+을수록/EC/*
출력하다고,0,0,-500,VV+EC,*,F,출력하다고,Inflect,VV,EC,출력하/VV/*+다고/EC/*
출력하라고,0,0,-500,VV+EC,*,F,출력하라고,Inflect,VV,EC,출력하/VV/*+라고/EC/*
출력하냐고,0,0,-500,VV+EC,*,F,출력하냐고,Inflect,VV,EC,출력하/VV/*+냐고/EC/*
출력하지,0,0,-500,VV+EC,*,F,출력하지,Inflect,VV,EC,출력하/VV/*+지/EC/*
출력하거나,0,0,-500,VV+EC,*,F,출력하거나,Inflect,VV,EC,출력하/VV/*+거나/EC/*
출력하든지,0,0,-500,VV+EC,*,F,출력하든지,Inflect,VV,EC,출력하/VV/*+든지/EC/*
출력하듯이,0,0,-500,VV+EC,*,F,출력하듯이,Inflect,VV,EC,출력하/VV/*+듯이/EC/*
출력하듯,0,0,-500,VV+EC,*,T,출력하듯,Inflect,VV,EC,출력하/VV/*+듯/EC/*
출력하다,0,0,-500,VV+EF,*,F,출력하다,Inflect,VV,EF,출력하/VV/*+다/EF/*
출력해요,0,0,-500,VV+EF,*,F,출력해요,Inflect,VV,EF,출력하/VV/*+요/EF/*
출력합니다,0,0,-500,VV+EF,*,F,출력합니다,Inflect,VV,EF,출력하/VV/*+ㅂ니다/EF/*
출력하습니다,0,0,-500,VV+EF,*,F,출력하습니다,Inflect,VV,EF,출력하/VV/*+습니다/EF/*
출력할까,0,0,-500,VV+EF,*,F,출력할까,Inflect,VV,EF,출력하/VV/*+ㄹ까/EF/*
출력할까요,0,0,-500,VV+EF,*,F,출력할까요,Inflect,VV,EF,출력하/VV/*+ㄹ까요/EF/*
출력할게요,0,0,-500,VV+EF,*,F,출력할게요,Inflect,VV,EF,출력하/VV/*+ㄹ게요/EF/*
출력할게,0,0,-500,VV+EF,*,F,출력할게,Inflect,VV,EF,출력하/VV/*+ㄹ게/EF/*
출력하자,0,0,-500,VV+EF,*,F,출력하자,Inflect,VV,EF,출력하/VV/*+자/EF/*
출력하세요,0,0,-500,VV+EF,*,F,출력하세요,Inflect,VV,EF,출력하/VV/*+세요/EF/*
출력했다,0,0,-500,VV+EP+EF,*,F,출력했다,Inflect,VV,EF,출력하/VV/*+았/EP/*+다/EF/*
출력했어요,0,0,-500,VV+EP+EF,*,F,출력했어요,Inflect,VV,EF,출력하/VV/*+았/EP/*+요/EF/*
출력했ㅂ니다,0,0,-500,VV+EP+EF,*,F,출력했ㅂ니다,Inflect,VV,EF,출력하/VV/*+았/EP/*+ㅂ니다/EF/*
출력했으습니다,0,0,-500,VV+EP+EF,*,F,출력했으습니다,Inflect,VV,EF,출력하/VV/*+았/EP/*+습니다/EF/*
출력했ㄹ까,0,0,-500,VV+EP+EF,*,F,출력했ㄹ까,Inflect,VV,EF,출력하/VV/*+았/EP/*+ㄹ까/EF/*
출력했ㄹ까요,0,0,-500,VV+EP+EF,*,F,출력했ㄹ까요,Inflect,VV,EF,출력하/VV/*+았/EP/*+ㄹ까요/EF/*
출력했ㄹ게요,0,0,-500,VV+EP+EF,*,F,출력했ㄹ게요,Inflect,VV,EF,출력하/VV/*+았/EP/*+ㄹ게요/EF/*
출력했ㄹ게,0,0,-500,VV+EP+EF,*,F,출력했ㄹ게,Inflect,VV,EF,출력하/VV/*+았/EP/*+ㄹ게/EF/*
출력했자,0,0,-500,VV+EP+EF,*,F,출력했자,Inflect,VV,EF,출력하/VV/*+았/EP/*+자/EF/*
출력했으세요,0,0,-500,VV+EP+EF,*,F,출력했으세요,Inflect,VV,EF,출력하/VV/*+았/EP/*+세요/EF/*
출력했다,0,0,-500,VV+EP+EF,*,F,출력했다,Inflect,VV,EF,출력하/VV/*+었/EP/*+다/EF/*
출력했어요,0,0,-500,VV+EP+EF,*,F,출력했어요,Inflect,VV,EF,출력하/VV/*+었/EP/*+요/EF/*
출력했ㅂ니다,0,0,-500,VV+EP+EF,*,F,출력했ㅂ니다,Inflect,VV,EF,출력하/VV/*+었/EP/*+ㅂ니다/EF/*
출력했으습니다,0,0,-500,VV+EP+EF,*,F,출력했으습니다,Inflect,VV,EF,출력하/VV/*+었/EP/*+습니다/EF/*
출력했ㄹ까,0,0,-500,VV+EP+EF,*,F,출력했ㄹ까,Inflect,VV,EF,출력하/VV/*+었/EP/*+ㄹ까/EF/*
출력했ㄹ까요,0,0,-500,VV+EP+EF,*,F,출력했ㄹ까요,Inflect,VV,EF,출력하/VV/*+었/EP/*+ㄹ까요/EF/*
출력했ㄹ게요,0,0,-500,VV+EP+EF,*,F,출력했ㄹ게요,Inflect,VV,EF,출력하/VV/*+었/EP/*+ㄹ게요/EF/*
출력했ㄹ게,0,0,-500,VV+EP+EF,*,F,출력했ㄹ게,Inflect,VV,EF,출력하/VV/*+었/EP/*+ㄹ게/EF/*
출력했자,0,0,-500,VV+EP+EF,*,F,출력했자,Inflect,VV,EF,출력하/VV/*+었/EP/*+자/EF/*
출력했으세요,0,0,-500,VV+EP+EF,*,F,출력했으세요,Inflect,VV,EF,출력하/VV/*+었/EP/*+세요/EF/*
출력하시다,0,0,-500,VV+EP+EF,*,F,출력하시다,Inflect,VV,EF,출력하/VV/*+시/EP/*+다/EF/*
출력하셔요,0,0,-500,VV+EP+EF,*,F,출력하셔요,Inflect,VV,EF,출력하/VV/*+시/EP/*+요/EF/*
출력하십니다,0,0,-500,VV+EP+EF,*,F,출력하십니다,Inflect,VV,EF,출력하/VV/*+시/EP/*+ㅂ니다/EF/*
출력하시습니다,0,0,-500,VV+EP+EF,*,F,출력하시습니다,Inflect,VV,EF,출력하/VV/*+시/EP/*+습니다/EF/*
출력하실까,0,0,-500,VV+EP+EF,*,F,출력하실까,Inflect,VV,EF,출력하/VV/*+시/EP/*+ㄹ까/EF/*
출력하실까요,0,0,-500,VV+EP+EF,*,F,출력하실까요,Inflect,VV,EF,출력하/VV/*+시/EP/*+ㄹ까요/EF/*
출력하실게요,0,0,-500,VV+EP+EF,*,F,출력하실게요,Inflect,VV,EF,출력하/VV/*+시/EP/*+ㄹ게요/EF/*
출력하실게,0,0,-500,VV+EP+EF,*,F,출력하실게,Inflect,VV,EF,출력하/VV/*+시/EP/*+ㄹ게/EF/*
출력하시자,0,0,-500,VV+EP+EF,*,F,출력하시자,Inflect,VV,EF,출력하/VV/*+시/EP/*+자/EF/*
출력하시세요,0,0,-500,VV+EP+EF,*,F,출력하시세요,Inflect,VV,EF,출력하/VV/*+시/EP/*+세요/EF/*
출력하겠다,0,0,-500,VV+EP+EF,*,F,출력하겠다,Inflect,VV,EF,출력하/VV/*+겠/EP/*+다/EF/*
출력하겠어요,0,0,-500,VV+EP+EF,*,F,출력하겠어요,Inflect,VV,EF,출력하/VV/*+겠/EP/*+요/EF/*
출력하겠ㅂ니다,0,0,-500,VV+EP+EF,*,F,출력하겠ㅂ니다,Inflect,VV,EF,출력하/VV/*+겠/EP/*+ㅂ니다/EF/*
출력하겠으습니다,0,0,-500,VV+EP+EF,*,F,출력하겠으습니다,Inflect,VV,EF,출력하/VV/*+겠/EP/*+습니다/EF/*
출력하겠ㄹ까,0,0,-500,VV+EP+EF,*,F,출력하겠ㄹ까,Inflect,VV,EF,출력하/VV/*+겠/EP/*+ㄹ까/EF/*
출력하겠ㄹ까요,0,0,-500,VV+EP+EF,*,F,출력하겠ㄹ까요,Inflect,VV,EF,출력하/VV/*+겠/EP/*+ㄹ까요/EF/*
출력하겠ㄹ게요,0,0,-500,VV+EP+EF,*,F,출력하겠ㄹ게요,Inflect,VV,EF,출력하/VV/*+겠/EP/*+ㄹ게요/EF/*
출력하겠ㄹ게,0,0,-500,VV+EP+EF,*,F,출력하겠ㄹ게,Inflect,VV,EF,출력하/VV/*+겠/EP/*+ㄹ게/EF/*
출력하겠자,0,0,-500,VV+EP+EF,*,F,출력하겠자,Inflect,VV,EF,출력하/VV/*+겠/EP/*+자/EF/*
출력하겠으세요,0,0,-500,VV+EP+EF,*,F,출력하겠으세요,Inflect,VV,EF,출력하/VV/*+겠/EP/*+세요/EF/*
